Landroid/uwb/AdapterStateListener$$ExternalSyntheticLambda0;->run()V,core-platform-api,public-api,system-api,test-api
Landroid/uwb/AngleMeasurement$1;->createFromParcel(Landroid/os/Parcel;)Ljava/lang/Object;,public-api,system-api,test-api
Landroid/uwb/AngleMeasurement$1;->newArray(I)[Ljava/lang/Object;,public-api,system-api,test-api
Landroid/uwb/AngleMeasurement;-><init>(DDD)V,system-api,test-api
Landroid/uwb/AngleMeasurement;->CREATOR:Landroid/os/Parcelable$Creator;,system-api,test-api
Landroid/uwb/AngleMeasurement;->describeContents()I,public-api,system-api,test-api
Landroid/uwb/AngleMeasurement;->equals(Ljava/lang/Object;)Z,core-platform-api,public-api,system-api,test-api
Landroid/uwb/AngleMeasurement;->getConfidenceLevel()D,system-api,test-api
Landroid/uwb/AngleMeasurement;->getErrorRadians()D,system-api,test-api
Landroid/uwb/AngleMeasurement;->getRadians()D,system-api,test-api
Landroid/uwb/AngleMeasurement;->hashCode()I,core-platform-api,public-api,system-api,test-api
Landroid/uwb/AngleMeasurement;->toString()Ljava/lang/String;,core-platform-api,public-api,system-api,test-api
Landroid/uwb/AngleMeasurement;->writeToParcel(Landroid/os/Parcel;I)V,public-api,system-api,test-api
Landroid/uwb/AngleOfArrivalMeasurement$1;->createFromParcel(Landroid/os/Parcel;)Ljava/lang/Object;,public-api,system-api,test-api
Landroid/uwb/AngleOfArrivalMeasurement$1;->newArray(I)[Ljava/lang/Object;,public-api,system-api,test-api
Landroid/uwb/AngleOfArrivalMeasurement$Builder;-><init>(Landroid/uwb/AngleMeasurement;)V,system-api,test-api
Landroid/uwb/AngleOfArrivalMeasurement$Builder;->build()Landroid/uwb/AngleOfArrivalMeasurement;,system-api,test-api
Landroid/uwb/AngleOfArrivalMeasurement$Builder;->setAltitude(Landroid/uwb/AngleMeasurement;)Landroid/uwb/AngleOfArrivalMeasurement$Builder;,system-api,test-api
Landroid/uwb/AngleOfArrivalMeasurement;->CREATOR:Landroid/os/Parcelable$Creator;,system-api,test-api
Landroid/uwb/AngleOfArrivalMeasurement;->describeContents()I,public-api,system-api,test-api
Landroid/uwb/AngleOfArrivalMeasurement;->equals(Ljava/lang/Object;)Z,core-platform-api,public-api,system-api,test-api
Landroid/uwb/AngleOfArrivalMeasurement;->getAltitude()Landroid/uwb/AngleMeasurement;,system-api,test-api
Landroid/uwb/AngleOfArrivalMeasurement;->getAzimuth()Landroid/uwb/AngleMeasurement;,system-api,test-api
Landroid/uwb/AngleOfArrivalMeasurement;->hashCode()I,core-platform-api,public-api,system-api,test-api
Landroid/uwb/AngleOfArrivalMeasurement;->toString()Ljava/lang/String;,core-platform-api,public-api,system-api,test-api
Landroid/uwb/AngleOfArrivalMeasurement;->writeToParcel(Landroid/os/Parcel;I)V,public-api,system-api,test-api
Landroid/uwb/DistanceMeasurement$1;->createFromParcel(Landroid/os/Parcel;)Ljava/lang/Object;,public-api,system-api,test-api
Landroid/uwb/DistanceMeasurement$1;->newArray(I)[Ljava/lang/Object;,public-api,system-api,test-api
Landroid/uwb/DistanceMeasurement$Builder;-><init>()V,system-api,test-api
Landroid/uwb/DistanceMeasurement$Builder;->build()Landroid/uwb/DistanceMeasurement;,system-api,test-api
Landroid/uwb/DistanceMeasurement$Builder;->setConfidenceLevel(D)Landroid/uwb/DistanceMeasurement$Builder;,system-api,test-api
Landroid/uwb/DistanceMeasurement$Builder;->setErrorMeters(D)Landroid/uwb/DistanceMeasurement$Builder;,system-api,test-api
Landroid/uwb/DistanceMeasurement$Builder;->setMeters(D)Landroid/uwb/DistanceMeasurement$Builder;,system-api,test-api
Landroid/uwb/DistanceMeasurement;->CREATOR:Landroid/os/Parcelable$Creator;,system-api,test-api
Landroid/uwb/DistanceMeasurement;->describeContents()I,public-api,system-api,test-api
Landroid/uwb/DistanceMeasurement;->equals(Ljava/lang/Object;)Z,core-platform-api,public-api,system-api,test-api
Landroid/uwb/DistanceMeasurement;->getConfidenceLevel()D,system-api,test-api
Landroid/uwb/DistanceMeasurement;->getErrorMeters()D,system-api,test-api
Landroid/uwb/DistanceMeasurement;->getMeters()D,system-api,test-api
Landroid/uwb/DistanceMeasurement;->hashCode()I,core-platform-api,public-api,system-api,test-api
Landroid/uwb/DistanceMeasurement;->toString()Ljava/lang/String;,core-platform-api,public-api,system-api,test-api
Landroid/uwb/DistanceMeasurement;->writeToParcel(Landroid/os/Parcel;I)V,public-api,system-api,test-api
Landroid/uwb/IOnUwbActivityEnergyInfoListener$Default;->asBinder()Landroid/os/IBinder;,public-api,system-api,test-api
Landroid/uwb/IOnUwbActivityEnergyInfoListener$Stub$Proxy;->asBinder()Landroid/os/IBinder;,public-api,system-api,test-api
Landroid/uwb/IOnUwbActivityEnergyInfoListener$Stub;->asBinder()Landroid/os/IBinder;,public-api,system-api,test-api
Landroid/uwb/IOnUwbActivityEnergyInfoListener$Stub;->onTransact(ILandroid/os/Parcel;Landroid/os/Parcel;I)Z,public-api,system-api,test-api
Landroid/uwb/IUwbAdapter$Default;->asBinder()Landroid/os/IBinder;,public-api,system-api,test-api
Landroid/uwb/IUwbAdapter$Stub$Proxy;->asBinder()Landroid/os/IBinder;,public-api,system-api,test-api
Landroid/uwb/IUwbAdapter$Stub;->asBinder()Landroid/os/IBinder;,public-api,system-api,test-api
Landroid/uwb/IUwbAdapter$Stub;->onTransact(ILandroid/os/Parcel;Landroid/os/Parcel;I)Z,public-api,system-api,test-api
Landroid/uwb/IUwbAdapterStateCallbacks$Default;->asBinder()Landroid/os/IBinder;,public-api,system-api,test-api
Landroid/uwb/IUwbAdapterStateCallbacks$Stub$Proxy;->asBinder()Landroid/os/IBinder;,public-api,system-api,test-api
Landroid/uwb/IUwbAdapterStateCallbacks$Stub;->asBinder()Landroid/os/IBinder;,public-api,system-api,test-api
Landroid/uwb/IUwbAdapterStateCallbacks$Stub;->onTransact(ILandroid/os/Parcel;Landroid/os/Parcel;I)Z,public-api,system-api,test-api
Landroid/uwb/IUwbAdfProvisionStateCallbacks$Default;->asBinder()Landroid/os/IBinder;,public-api,system-api,test-api
Landroid/uwb/IUwbAdfProvisionStateCallbacks$Stub$Proxy;->asBinder()Landroid/os/IBinder;,public-api,system-api,test-api
Landroid/uwb/IUwbAdfProvisionStateCallbacks$Stub;->asBinder()Landroid/os/IBinder;,public-api,system-api,test-api
Landroid/uwb/IUwbAdfProvisionStateCallbacks$Stub;->onTransact(ILandroid/os/Parcel;Landroid/os/Parcel;I)Z,public-api,system-api,test-api
Landroid/uwb/IUwbOemExtensionCallback$Default;->asBinder()Landroid/os/IBinder;,public-api,system-api,test-api
Landroid/uwb/IUwbOemExtensionCallback$Stub$Proxy;->asBinder()Landroid/os/IBinder;,public-api,system-api,test-api
Landroid/uwb/IUwbOemExtensionCallback$Stub;->asBinder()Landroid/os/IBinder;,public-api,system-api,test-api
Landroid/uwb/IUwbOemExtensionCallback$Stub;->onTransact(ILandroid/os/Parcel;Landroid/os/Parcel;I)Z,public-api,system-api,test-api
Landroid/uwb/IUwbRangingCallbacks$Default;->asBinder()Landroid/os/IBinder;,public-api,system-api,test-api
Landroid/uwb/IUwbRangingCallbacks$Stub$Proxy;->asBinder()Landroid/os/IBinder;,public-api,system-api,test-api
Landroid/uwb/IUwbRangingCallbacks$Stub;->asBinder()Landroid/os/IBinder;,public-api,system-api,test-api
Landroid/uwb/IUwbRangingCallbacks$Stub;->onTransact(ILandroid/os/Parcel;Landroid/os/Parcel;I)Z,public-api,system-api,test-api
Landroid/uwb/IUwbVendorUciCallback$Default;->asBinder()Landroid/os/IBinder;,public-api,system-api,test-api
Landroid/uwb/IUwbVendorUciCallback$Stub$Proxy;->asBinder()Landroid/os/IBinder;,public-api,system-api,test-api
Landroid/uwb/IUwbVendorUciCallback$Stub;->asBinder()Landroid/os/IBinder;,public-api,system-api,test-api
Landroid/uwb/IUwbVendorUciCallback$Stub;->onTransact(ILandroid/os/Parcel;Landroid/os/Parcel;I)Z,public-api,system-api,test-api
Landroid/uwb/RangingManager$$ExternalSyntheticLambda0;->onCancel()V,public-api,system-api,test-api
Landroid/uwb/RangingMeasurement$1;->createFromParcel(Landroid/os/Parcel;)Ljava/lang/Object;,public-api,system-api,test-api
Landroid/uwb/RangingMeasurement$1;->newArray(I)[Ljava/lang/Object;,public-api,system-api,test-api
Landroid/uwb/RangingMeasurement$Builder;-><init>()V,system-api,test-api
Landroid/uwb/RangingMeasurement$Builder;->build()Landroid/uwb/RangingMeasurement;,system-api,test-api
Landroid/uwb/RangingMeasurement$Builder;->setAngleOfArrivalMeasurement(Landroid/uwb/AngleOfArrivalMeasurement;)Landroid/uwb/RangingMeasurement$Builder;,system-api,test-api
Landroid/uwb/RangingMeasurement$Builder;->setDestinationAngleOfArrivalMeasurement(Landroid/uwb/AngleOfArrivalMeasurement;)Landroid/uwb/RangingMeasurement$Builder;,system-api,test-api
Landroid/uwb/RangingMeasurement$Builder;->setDistanceMeasurement(Landroid/uwb/DistanceMeasurement;)Landroid/uwb/RangingMeasurement$Builder;,system-api,test-api
Landroid/uwb/RangingMeasurement$Builder;->setElapsedRealtimeNanos(J)Landroid/uwb/RangingMeasurement$Builder;,system-api,test-api
Landroid/uwb/RangingMeasurement$Builder;->setLineOfSight(I)Landroid/uwb/RangingMeasurement$Builder;,system-api,test-api
Landroid/uwb/RangingMeasurement$Builder;->setMeasurementFocus(I)Landroid/uwb/RangingMeasurement$Builder;,system-api,test-api
Landroid/uwb/RangingMeasurement$Builder;->setRangingMeasurementMetadata(Landroid/os/PersistableBundle;)Landroid/uwb/RangingMeasurement$Builder;,system-api,test-api
Landroid/uwb/RangingMeasurement$Builder;->setRemoteDeviceAddress(Landroid/uwb/UwbAddress;)Landroid/uwb/RangingMeasurement$Builder;,system-api,test-api
Landroid/uwb/RangingMeasurement$Builder;->setRssiDbm(I)Landroid/uwb/RangingMeasurement$Builder;,system-api,test-api
Landroid/uwb/RangingMeasurement$Builder;->setStatus(I)Landroid/uwb/RangingMeasurement$Builder;,system-api,test-api
Landroid/uwb/RangingMeasurement;->CREATOR:Landroid/os/Parcelable$Creator;,system-api,test-api
Landroid/uwb/RangingMeasurement;->LOS:I,system-api,test-api
Landroid/uwb/RangingMeasurement;->LOS_UNDETERMINED:I,system-api,test-api
Landroid/uwb/RangingMeasurement;->MEASUREMENT_FOCUS_ANGLE_OF_ARRIVAL_AZIMUTH:I,system-api,test-api
Landroid/uwb/RangingMeasurement;->MEASUREMENT_FOCUS_ANGLE_OF_ARRIVAL_ELEVATION:I,system-api,test-api
Landroid/uwb/RangingMeasurement;->MEASUREMENT_FOCUS_NONE:I,system-api,test-api
Landroid/uwb/RangingMeasurement;->MEASUREMENT_FOCUS_RANGE:I,system-api,test-api
Landroid/uwb/RangingMeasurement;->NLOS:I,system-api,test-api
Landroid/uwb/RangingMeasurement;->RANGING_STATUS_FAILURE_OUT_OF_RANGE:I,system-api,test-api
Landroid/uwb/RangingMeasurement;->RANGING_STATUS_FAILURE_UNKNOWN_ERROR:I,system-api,test-api
Landroid/uwb/RangingMeasurement;->RANGING_STATUS_SUCCESS:I,system-api,test-api
Landroid/uwb/RangingMeasurement;->RSSI_MAX:I,system-api,test-api
Landroid/uwb/RangingMeasurement;->RSSI_MIN:I,system-api,test-api
Landroid/uwb/RangingMeasurement;->RSSI_UNKNOWN:I,system-api,test-api
Landroid/uwb/RangingMeasurement;->describeContents()I,public-api,system-api,test-api
Landroid/uwb/RangingMeasurement;->equals(Ljava/lang/Object;)Z,core-platform-api,public-api,system-api,test-api
Landroid/uwb/RangingMeasurement;->getAngleOfArrivalMeasurement()Landroid/uwb/AngleOfArrivalMeasurement;,system-api,test-api
Landroid/uwb/RangingMeasurement;->getDestinationAngleOfArrivalMeasurement()Landroid/uwb/AngleOfArrivalMeasurement;,system-api,test-api
Landroid/uwb/RangingMeasurement;->getDistanceMeasurement()Landroid/uwb/DistanceMeasurement;,system-api,test-api
Landroid/uwb/RangingMeasurement;->getElapsedRealtimeNanos()J,system-api,test-api
Landroid/uwb/RangingMeasurement;->getLineOfSight()I,system-api,test-api
Landroid/uwb/RangingMeasurement;->getMeasurementFocus()I,system-api,test-api
Landroid/uwb/RangingMeasurement;->getRangingMeasurementMetadata()Landroid/os/PersistableBundle;,system-api,test-api
Landroid/uwb/RangingMeasurement;->getRemoteDeviceAddress()Landroid/uwb/UwbAddress;,system-api,test-api
Landroid/uwb/RangingMeasurement;->getRssiDbm()I,system-api,test-api
Landroid/uwb/RangingMeasurement;->getStatus()I,system-api,test-api
Landroid/uwb/RangingMeasurement;->hashCode()I,core-platform-api,public-api,system-api,test-api
Landroid/uwb/RangingMeasurement;->toString()Ljava/lang/String;,core-platform-api,public-api,system-api,test-api
Landroid/uwb/RangingMeasurement;->writeToParcel(Landroid/os/Parcel;I)V,public-api,system-api,test-api
Landroid/uwb/RangingReport$1;->createFromParcel(Landroid/os/Parcel;)Ljava/lang/Object;,public-api,system-api,test-api
Landroid/uwb/RangingReport$1;->newArray(I)[Ljava/lang/Object;,public-api,system-api,test-api
Landroid/uwb/RangingReport$Builder;-><init>()V,system-api,test-api
Landroid/uwb/RangingReport$Builder;->addMeasurement(Landroid/uwb/RangingMeasurement;)Landroid/uwb/RangingReport$Builder;,system-api,test-api
Landroid/uwb/RangingReport$Builder;->addMeasurements(Ljava/util/List;)Landroid/uwb/RangingReport$Builder;,system-api,test-api
Landroid/uwb/RangingReport$Builder;->addRangingReportMetadata(Landroid/os/PersistableBundle;)Landroid/uwb/RangingReport$Builder;,system-api,test-api
Landroid/uwb/RangingReport$Builder;->build()Landroid/uwb/RangingReport;,system-api,test-api
Landroid/uwb/RangingReport;->CREATOR:Landroid/os/Parcelable$Creator;,system-api,test-api
Landroid/uwb/RangingReport;->describeContents()I,public-api,system-api,test-api
Landroid/uwb/RangingReport;->equals(Ljava/lang/Object;)Z,core-platform-api,public-api,system-api,test-api
Landroid/uwb/RangingReport;->getMeasurements()Ljava/util/List;,system-api,test-api
Landroid/uwb/RangingReport;->getRangingReportMetadata()Landroid/os/PersistableBundle;,system-api,test-api
Landroid/uwb/RangingReport;->hashCode()I,core-platform-api,public-api,system-api,test-api
Landroid/uwb/RangingReport;->toString()Ljava/lang/String;,core-platform-api,public-api,system-api,test-api
Landroid/uwb/RangingReport;->writeToParcel(Landroid/os/Parcel;I)V,public-api,system-api,test-api
Landroid/uwb/RangingSession$$ExternalSyntheticLambda0;->run()V,core-platform-api,public-api,system-api,test-api
Landroid/uwb/RangingSession$$ExternalSyntheticLambda10;->run()V,core-platform-api,public-api,system-api,test-api
Landroid/uwb/RangingSession$$ExternalSyntheticLambda11;->run()V,core-platform-api,public-api,system-api,test-api
Landroid/uwb/RangingSession$$ExternalSyntheticLambda12;->run()V,core-platform-api,public-api,system-api,test-api
Landroid/uwb/RangingSession$$ExternalSyntheticLambda13;->run()V,core-platform-api,public-api,system-api,test-api
Landroid/uwb/RangingSession$$ExternalSyntheticLambda14;->run()V,core-platform-api,public-api,system-api,test-api
Landroid/uwb/RangingSession$$ExternalSyntheticLambda15;->run()V,core-platform-api,public-api,system-api,test-api
Landroid/uwb/RangingSession$$ExternalSyntheticLambda16;->run()V,core-platform-api,public-api,system-api,test-api
Landroid/uwb/RangingSession$$ExternalSyntheticLambda17;->run()V,core-platform-api,public-api,system-api,test-api
Landroid/uwb/RangingSession$$ExternalSyntheticLambda18;->run()V,core-platform-api,public-api,system-api,test-api
Landroid/uwb/RangingSession$$ExternalSyntheticLambda19;->run()V,core-platform-api,public-api,system-api,test-api
Landroid/uwb/RangingSession$$ExternalSyntheticLambda1;->run()V,core-platform-api,public-api,system-api,test-api
Landroid/uwb/RangingSession$$ExternalSyntheticLambda20;->run()V,core-platform-api,public-api,system-api,test-api
Landroid/uwb/RangingSession$$ExternalSyntheticLambda21;->run()V,core-platform-api,public-api,system-api,test-api
Landroid/uwb/RangingSession$$ExternalSyntheticLambda22;->run()V,core-platform-api,public-api,system-api,test-api
Landroid/uwb/RangingSession$$ExternalSyntheticLambda23;->run()V,core-platform-api,public-api,system-api,test-api
Landroid/uwb/RangingSession$$ExternalSyntheticLambda24;->run()V,core-platform-api,public-api,system-api,test-api
Landroid/uwb/RangingSession$$ExternalSyntheticLambda25;->run()V,core-platform-api,public-api,system-api,test-api
Landroid/uwb/RangingSession$$ExternalSyntheticLambda2;->run()V,core-platform-api,public-api,system-api,test-api
Landroid/uwb/RangingSession$$ExternalSyntheticLambda3;->run()V,core-platform-api,public-api,system-api,test-api
Landroid/uwb/RangingSession$$ExternalSyntheticLambda4;->run()V,core-platform-api,public-api,system-api,test-api
Landroid/uwb/RangingSession$$ExternalSyntheticLambda5;->run()V,core-platform-api,public-api,system-api,test-api
Landroid/uwb/RangingSession$$ExternalSyntheticLambda6;->run()V,core-platform-api,public-api,system-api,test-api
Landroid/uwb/RangingSession$$ExternalSyntheticLambda7;->run()V,core-platform-api,public-api,system-api,test-api
Landroid/uwb/RangingSession$$ExternalSyntheticLambda8;->run()V,core-platform-api,public-api,system-api,test-api
Landroid/uwb/RangingSession$$ExternalSyntheticLambda9;->run()V,core-platform-api,public-api,system-api,test-api
Landroid/uwb/RangingSession$Callback;->CONTROLEE_FAILURE_REASON_MAX_CONTROLEE_REACHED:I,system-api,test-api
Landroid/uwb/RangingSession$Callback;->DATA_FAILURE_REASON_DATA_SIZE_TOO_LARGE:I,system-api,test-api
Landroid/uwb/RangingSession$Callback;->REASON_BAD_PARAMETERS:I,system-api,test-api
Landroid/uwb/RangingSession$Callback;->REASON_GENERIC_ERROR:I,system-api,test-api
Landroid/uwb/RangingSession$Callback;->REASON_INBAND_SESSION_STOP:I,system-api,test-api
Landroid/uwb/RangingSession$Callback;->REASON_INSUFFICIENT_SLOTS_PER_RR:I,system-api,test-api
Landroid/uwb/RangingSession$Callback;->REASON_LOCAL_REQUEST:I,system-api,test-api
Landroid/uwb/RangingSession$Callback;->REASON_MAX_RR_RETRY_REACHED:I,system-api,test-api
Landroid/uwb/RangingSession$Callback;->REASON_MAX_SESSIONS_REACHED:I,system-api,test-api
Landroid/uwb/RangingSession$Callback;->REASON_PROTOCOL_SPECIFIC_ERROR:I,system-api,test-api
Landroid/uwb/RangingSession$Callback;->REASON_REMOTE_REQUEST:I,system-api,test-api
Landroid/uwb/RangingSession$Callback;->REASON_SERVICE_CONNECTION_FAILURE:I,system-api,test-api
Landroid/uwb/RangingSession$Callback;->REASON_SERVICE_DISCOVERY_FAILURE:I,system-api,test-api
Landroid/uwb/RangingSession$Callback;->REASON_SE_INTERACTION_FAILURE:I,system-api,test-api
Landroid/uwb/RangingSession$Callback;->REASON_SE_NOT_SUPPORTED:I,system-api,test-api
Landroid/uwb/RangingSession$Callback;->REASON_SYSTEM_POLICY:I,system-api,test-api
Landroid/uwb/RangingSession$Callback;->REASON_SYSTEM_REGULATION:I,system-api,test-api
Landroid/uwb/RangingSession$Callback;->REASON_UNKNOWN:I,system-api,test-api
Landroid/uwb/RangingSession$Callback;->onClosed(ILandroid/os/PersistableBundle;)V,system-api,test-api
Landroid/uwb/RangingSession$Callback;->onControleeAddFailed(ILandroid/os/PersistableBundle;)V,system-api,test-api
Landroid/uwb/RangingSession$Callback;->onControleeAdded(Landroid/os/PersistableBundle;)V,system-api,test-api
Landroid/uwb/RangingSession$Callback;->onControleeRemoveFailed(ILandroid/os/PersistableBundle;)V,system-api,test-api
Landroid/uwb/RangingSession$Callback;->onControleeRemoved(Landroid/os/PersistableBundle;)V,system-api,test-api
Landroid/uwb/RangingSession$Callback;->onDataReceiveFailed(Landroid/uwb/UwbAddress;ILandroid/os/PersistableBundle;)V,system-api,test-api
Landroid/uwb/RangingSession$Callback;->onDataReceived(Landroid/uwb/UwbAddress;Landroid/os/PersistableBundle;[B)V,system-api,test-api
Landroid/uwb/RangingSession$Callback;->onDataSendFailed(Landroid/uwb/UwbAddress;ILandroid/os/PersistableBundle;)V,system-api,test-api
Landroid/uwb/RangingSession$Callback;->onDataSent(Landroid/uwb/UwbAddress;Landroid/os/PersistableBundle;)V,system-api,test-api
Landroid/uwb/RangingSession$Callback;->onOpenFailed(ILandroid/os/PersistableBundle;)V,system-api,test-api
Landroid/uwb/RangingSession$Callback;->onOpened(Landroid/uwb/RangingSession;)V,system-api,test-api
Landroid/uwb/RangingSession$Callback;->onPauseFailed(ILandroid/os/PersistableBundle;)V,system-api,test-api
Landroid/uwb/RangingSession$Callback;->onPaused(Landroid/os/PersistableBundle;)V,system-api,test-api
Landroid/uwb/RangingSession$Callback;->onRangingRoundsUpdateDtTagStatus(Landroid/os/PersistableBundle;)V,system-api,test-api
Landroid/uwb/RangingSession$Callback;->onReconfigureFailed(ILandroid/os/PersistableBundle;)V,system-api,test-api
Landroid/uwb/RangingSession$Callback;->onReconfigured(Landroid/os/PersistableBundle;)V,system-api,test-api
Landroid/uwb/RangingSession$Callback;->onReportReceived(Landroid/uwb/RangingReport;)V,system-api,test-api
Landroid/uwb/RangingSession$Callback;->onResumeFailed(ILandroid/os/PersistableBundle;)V,system-api,test-api
Landroid/uwb/RangingSession$Callback;->onResumed(Landroid/os/PersistableBundle;)V,system-api,test-api
Landroid/uwb/RangingSession$Callback;->onServiceConnected(Landroid/os/PersistableBundle;)V,system-api,test-api
Landroid/uwb/RangingSession$Callback;->onServiceDiscovered(Landroid/os/PersistableBundle;)V,system-api,test-api
Landroid/uwb/RangingSession$Callback;->onStartFailed(ILandroid/os/PersistableBundle;)V,system-api,test-api
Landroid/uwb/RangingSession$Callback;->onStarted(Landroid/os/PersistableBundle;)V,system-api,test-api
Landroid/uwb/RangingSession$Callback;->onStopFailed(ILandroid/os/PersistableBundle;)V,system-api,test-api
Landroid/uwb/RangingSession$Callback;->onStopped(ILandroid/os/PersistableBundle;)V,system-api,test-api
Landroid/uwb/RangingSession;->addControlee(Landroid/os/PersistableBundle;)V,system-api,test-api
Landroid/uwb/RangingSession;->close()V,core-platform-api,public-api,system-api,test-api
Landroid/uwb/RangingSession;->pause(Landroid/os/PersistableBundle;)V,system-api,test-api
Landroid/uwb/RangingSession;->queryMaxDataSizeBytes()I,system-api,test-api
Landroid/uwb/RangingSession;->reconfigure(Landroid/os/PersistableBundle;)V,system-api,test-api
Landroid/uwb/RangingSession;->removeControlee(Landroid/os/PersistableBundle;)V,system-api,test-api
Landroid/uwb/RangingSession;->resume(Landroid/os/PersistableBundle;)V,system-api,test-api
Landroid/uwb/RangingSession;->sendData(Landroid/uwb/UwbAddress;Landroid/os/PersistableBundle;[B)V,system-api,test-api
Landroid/uwb/RangingSession;->start(Landroid/os/PersistableBundle;)V,system-api,test-api
Landroid/uwb/RangingSession;->stop()V,system-api,test-api
Landroid/uwb/RangingSession;->updatePose(Landroid/os/PersistableBundle;)V,system-api,test-api
Landroid/uwb/RangingSession;->updateRangingRoundsDtTag(Landroid/os/PersistableBundle;)V,system-api,test-api
Landroid/uwb/SessionHandle$1;->createFromParcel(Landroid/os/Parcel;)Ljava/lang/Object;,public-api,system-api,test-api
Landroid/uwb/SessionHandle$1;->newArray(I)[Ljava/lang/Object;,public-api,system-api,test-api
Landroid/uwb/SessionHandle;->describeContents()I,public-api,system-api,test-api
Landroid/uwb/SessionHandle;->equals(Ljava/lang/Object;)Z,core-platform-api,public-api,system-api,test-api
Landroid/uwb/SessionHandle;->hashCode()I,core-platform-api,public-api,system-api,test-api
Landroid/uwb/SessionHandle;->toString()Ljava/lang/String;,core-platform-api,public-api,system-api,test-api
Landroid/uwb/SessionHandle;->writeToParcel(Landroid/os/Parcel;I)V,public-api,system-api,test-api
Landroid/uwb/UwbActivityEnergyInfo$1;->createFromParcel(Landroid/os/Parcel;)Ljava/lang/Object;,public-api,system-api,test-api
Landroid/uwb/UwbActivityEnergyInfo$1;->newArray(I)[Ljava/lang/Object;,public-api,system-api,test-api
Landroid/uwb/UwbActivityEnergyInfo$Builder;-><init>()V,system-api,test-api
Landroid/uwb/UwbActivityEnergyInfo$Builder;->build()Landroid/uwb/UwbActivityEnergyInfo;,system-api,test-api
Landroid/uwb/UwbActivityEnergyInfo$Builder;->setControllerIdleDurationMillis(J)Landroid/uwb/UwbActivityEnergyInfo$Builder;,system-api,test-api
Landroid/uwb/UwbActivityEnergyInfo$Builder;->setControllerRxDurationMillis(J)Landroid/uwb/UwbActivityEnergyInfo$Builder;,system-api,test-api
Landroid/uwb/UwbActivityEnergyInfo$Builder;->setControllerTxDurationMillis(J)Landroid/uwb/UwbActivityEnergyInfo$Builder;,system-api,test-api
Landroid/uwb/UwbActivityEnergyInfo$Builder;->setControllerWakeCount(J)Landroid/uwb/UwbActivityEnergyInfo$Builder;,system-api,test-api
Landroid/uwb/UwbActivityEnergyInfo$Builder;->setStackState(I)Landroid/uwb/UwbActivityEnergyInfo$Builder;,system-api,test-api
Landroid/uwb/UwbActivityEnergyInfo$Builder;->setTimeSinceBootMillis(J)Landroid/uwb/UwbActivityEnergyInfo$Builder;,system-api,test-api
Landroid/uwb/UwbActivityEnergyInfo;->CREATOR:Landroid/os/Parcelable$Creator;,system-api,test-api
Landroid/uwb/UwbActivityEnergyInfo;->describeContents()I,public-api,system-api,test-api
Landroid/uwb/UwbActivityEnergyInfo;->equals(Ljava/lang/Object;)Z,core-platform-api,public-api,system-api,test-api
Landroid/uwb/UwbActivityEnergyInfo;->getControllerIdleDurationMillis()J,system-api,test-api
Landroid/uwb/UwbActivityEnergyInfo;->getControllerRxDurationMillis()J,system-api,test-api
Landroid/uwb/UwbActivityEnergyInfo;->getControllerTxDurationMillis()J,system-api,test-api
Landroid/uwb/UwbActivityEnergyInfo;->getControllerWakeCount()J,system-api,test-api
Landroid/uwb/UwbActivityEnergyInfo;->getStackState()I,system-api,test-api
Landroid/uwb/UwbActivityEnergyInfo;->getTimeSinceBootMillis()J,system-api,test-api
Landroid/uwb/UwbActivityEnergyInfo;->hashCode()I,core-platform-api,public-api,system-api,test-api
Landroid/uwb/UwbActivityEnergyInfo;->toString()Ljava/lang/String;,core-platform-api,public-api,system-api,test-api
Landroid/uwb/UwbActivityEnergyInfo;->writeToParcel(Landroid/os/Parcel;I)V,public-api,system-api,test-api
Landroid/uwb/UwbAddress$1;->createFromParcel(Landroid/os/Parcel;)Ljava/lang/Object;,public-api,system-api,test-api
Landroid/uwb/UwbAddress$1;->newArray(I)[Ljava/lang/Object;,public-api,system-api,test-api
Landroid/uwb/UwbAddress;->CREATOR:Landroid/os/Parcelable$Creator;,system-api,test-api
Landroid/uwb/UwbAddress;->EXTENDED_ADDRESS_BYTE_LENGTH:I,system-api,test-api
Landroid/uwb/UwbAddress;->SHORT_ADDRESS_BYTE_LENGTH:I,system-api,test-api
Landroid/uwb/UwbAddress;->describeContents()I,public-api,system-api,test-api
Landroid/uwb/UwbAddress;->equals(Ljava/lang/Object;)Z,core-platform-api,public-api,system-api,test-api
Landroid/uwb/UwbAddress;->fromBytes([B)Landroid/uwb/UwbAddress;,system-api,test-api
Landroid/uwb/UwbAddress;->hashCode()I,core-platform-api,public-api,system-api,test-api
Landroid/uwb/UwbAddress;->size()I,system-api,test-api
Landroid/uwb/UwbAddress;->toBytes()[B,system-api,test-api
Landroid/uwb/UwbAddress;->toString()Ljava/lang/String;,core-platform-api,public-api,system-api,test-api
Landroid/uwb/UwbAddress;->writeToParcel(Landroid/os/Parcel;I)V,public-api,system-api,test-api
Landroid/uwb/UwbFrameworkInitializer$$ExternalSyntheticLambda0;->createService(Landroid/content/Context;Landroid/os/IBinder;)Ljava/lang/Object;,system-api,test-api
Landroid/uwb/UwbManager$AdapterStateCallback;->STATE_CHANGED_REASON_ALL_SESSIONS_CLOSED:I,system-api,test-api
Landroid/uwb/UwbManager$AdapterStateCallback;->STATE_CHANGED_REASON_ERROR_UNKNOWN:I,system-api,test-api
Landroid/uwb/UwbManager$AdapterStateCallback;->STATE_CHANGED_REASON_SESSION_STARTED:I,system-api,test-api
Landroid/uwb/UwbManager$AdapterStateCallback;->STATE_CHANGED_REASON_SYSTEM_BOOT:I,system-api,test-api
Landroid/uwb/UwbManager$AdapterStateCallback;->STATE_CHANGED_REASON_SYSTEM_POLICY:I,system-api,test-api
Landroid/uwb/UwbManager$AdapterStateCallback;->STATE_CHANGED_REASON_SYSTEM_REGULATION:I,system-api,test-api
Landroid/uwb/UwbManager$AdapterStateCallback;->STATE_DISABLED:I,system-api,test-api
Landroid/uwb/UwbManager$AdapterStateCallback;->STATE_ENABLED_ACTIVE:I,system-api,test-api
Landroid/uwb/UwbManager$AdapterStateCallback;->STATE_ENABLED_INACTIVE:I,system-api,test-api
Landroid/uwb/UwbManager$AdapterStateCallback;->onStateChanged(II)V,system-api,test-api
Landroid/uwb/UwbManager$AdfProvisionStateCallback$AdfProvisionStateCallbackProxy$$ExternalSyntheticLambda0;->run()V,core-platform-api,public-api,system-api,test-api
Landroid/uwb/UwbManager$AdfProvisionStateCallback$AdfProvisionStateCallbackProxy$$ExternalSyntheticLambda1;->run()V,core-platform-api,public-api,system-api,test-api
Landroid/uwb/UwbManager$AdfProvisionStateCallback;-><init>()V,system-api,test-api
Landroid/uwb/UwbManager$AdfProvisionStateCallback;->REASON_INVALID_OID:I,system-api,test-api
Landroid/uwb/UwbManager$AdfProvisionStateCallback;->REASON_SE_FAILURE:I,system-api,test-api
Landroid/uwb/UwbManager$AdfProvisionStateCallback;->REASON_UNKNOWN:I,system-api,test-api
Landroid/uwb/UwbManager$AdfProvisionStateCallback;->onProfileAdfsProvisionFailed(ILandroid/os/PersistableBundle;)V,system-api,test-api
Landroid/uwb/UwbManager$AdfProvisionStateCallback;->onProfileAdfsProvisioned(Landroid/os/PersistableBundle;)V,system-api,test-api
Landroid/uwb/UwbManager$OnUwbActivityEnergyInfoProxy$$ExternalSyntheticLambda0;->run()V,core-platform-api,public-api,system-api,test-api
Landroid/uwb/UwbManager$UwbOemExtensionCallback;->onCheckPointedTarget(Landroid/os/PersistableBundle;)Z,system-api,test-api
Landroid/uwb/UwbManager$UwbOemExtensionCallback;->onDeviceStatusNotificationReceived(Landroid/os/PersistableBundle;)V,system-api,test-api
Landroid/uwb/UwbManager$UwbOemExtensionCallback;->onRangingReportReceived(Landroid/uwb/RangingReport;)Landroid/uwb/RangingReport;,system-api,test-api
Landroid/uwb/UwbManager$UwbOemExtensionCallback;->onSessionConfigurationComplete(Landroid/os/PersistableBundle;)I,system-api,test-api
Landroid/uwb/UwbManager$UwbOemExtensionCallback;->onSessionStatusNotificationReceived(Landroid/os/PersistableBundle;)V,system-api,test-api
Landroid/uwb/UwbManager$UwbVendorUciCallback;->onVendorUciNotification(II[B)V,system-api,test-api
Landroid/uwb/UwbManager$UwbVendorUciCallback;->onVendorUciResponse(II[B)V,system-api,test-api
Landroid/uwb/UwbManager;->MESSAGE_TYPE_COMMAND:I,system-api,test-api
Landroid/uwb/UwbManager;->MESSAGE_TYPE_TEST_1:I,system-api,test-api
Landroid/uwb/UwbManager;->MESSAGE_TYPE_TEST_2:I,system-api,test-api
Landroid/uwb/UwbManager;->REMOVE_PROFILE_ADF_ERROR_INTERNAL:I,system-api,test-api
Landroid/uwb/UwbManager;->REMOVE_PROFILE_ADF_ERROR_UNKNOWN_SERVICE:I,system-api,test-api
Landroid/uwb/UwbManager;->REMOVE_PROFILE_ADF_SUCCESS:I,system-api,test-api
Landroid/uwb/UwbManager;->REMOVE_SERVICE_PROFILE_ERROR_INTERNAL:I,system-api,test-api
Landroid/uwb/UwbManager;->REMOVE_SERVICE_PROFILE_ERROR_UNKNOWN_SERVICE:I,system-api,test-api
Landroid/uwb/UwbManager;->REMOVE_SERVICE_PROFILE_SUCCESS:I,system-api,test-api
Landroid/uwb/UwbManager;->SEND_VENDOR_UCI_ERROR_HW:I,system-api,test-api
Landroid/uwb/UwbManager;->SEND_VENDOR_UCI_ERROR_INVALID_ARGS:I,system-api,test-api
Landroid/uwb/UwbManager;->SEND_VENDOR_UCI_ERROR_INVALID_GID:I,system-api,test-api
Landroid/uwb/UwbManager;->SEND_VENDOR_UCI_ERROR_OFF:I,system-api,test-api
Landroid/uwb/UwbManager;->SEND_VENDOR_UCI_SUCCESS:I,system-api,test-api
Landroid/uwb/UwbManager;->addServiceProfile(Landroid/os/PersistableBundle;)Landroid/os/PersistableBundle;,system-api,test-api
Landroid/uwb/UwbManager;->elapsedRealtimeResolutionNanos()J,system-api,test-api
Landroid/uwb/UwbManager;->elapsedRealtimeResolutionNanos(Ljava/lang/String;)J,system-api,test-api
Landroid/uwb/UwbManager;->getAdapterState()I,system-api,test-api
Landroid/uwb/UwbManager;->getAdfCertificateInfo(Landroid/os/PersistableBundle;)Landroid/os/PersistableBundle;,system-api,test-api
Landroid/uwb/UwbManager;->getAdfProvisioningAuthorities(Landroid/os/PersistableBundle;)Landroid/os/PersistableBundle;,system-api,test-api
Landroid/uwb/UwbManager;->getAllServiceProfiles()Landroid/os/PersistableBundle;,system-api,test-api
Landroid/uwb/UwbManager;->getChipInfos()Ljava/util/List;,system-api,test-api
Landroid/uwb/UwbManager;->getDefaultChipId()Ljava/lang/String;,system-api,test-api
Landroid/uwb/UwbManager;->getSpecificationInfo()Landroid/os/PersistableBundle;,system-api,test-api
Landroid/uwb/UwbManager;->getSpecificationInfo(Ljava/lang/String;)Landroid/os/PersistableBundle;,system-api,test-api
Landroid/uwb/UwbManager;->getUwbActivityEnergyInfoAsync(Ljava/util/concurrent/Executor;Ljava/util/function/Consumer;)V,system-api,test-api
Landroid/uwb/UwbManager;->isUwbEnabled()Z,system-api,test-api
Landroid/uwb/UwbManager;->openRangingSession(Landroid/os/PersistableBundle;Ljava/util/concurrent/Executor;Landroid/uwb/RangingSession$Callback;)Landroid/os/CancellationSignal;,system-api,test-api
Landroid/uwb/UwbManager;->openRangingSession(Landroid/os/PersistableBundle;Ljava/util/concurrent/Executor;Landroid/uwb/RangingSession$Callback;Ljava/lang/String;)Landroid/os/CancellationSignal;,system-api,test-api
Landroid/uwb/UwbManager;->provisionProfileAdfByScript(Landroid/os/PersistableBundle;Ljava/util/concurrent/Executor;Landroid/uwb/UwbManager$AdfProvisionStateCallback;)V,system-api,test-api
Landroid/uwb/UwbManager;->registerAdapterStateCallback(Ljava/util/concurrent/Executor;Landroid/uwb/UwbManager$AdapterStateCallback;)V,system-api,test-api
Landroid/uwb/UwbManager;->registerUwbOemExtensionCallback(Ljava/util/concurrent/Executor;Landroid/uwb/UwbManager$UwbOemExtensionCallback;)V,system-api,test-api
Landroid/uwb/UwbManager;->registerUwbVendorUciCallback(Ljava/util/concurrent/Executor;Landroid/uwb/UwbManager$UwbVendorUciCallback;)V,system-api,test-api
Landroid/uwb/UwbManager;->removeProfileAdf(Landroid/os/PersistableBundle;)I,system-api,test-api
Landroid/uwb/UwbManager;->removeServiceProfile(Landroid/os/PersistableBundle;)I,system-api,test-api
Landroid/uwb/UwbManager;->sendVendorUciMessage(III[B)I,system-api,test-api
Landroid/uwb/UwbManager;->sendVendorUciMessage(II[B)I,system-api,test-api
Landroid/uwb/UwbManager;->setUwbEnabled(Z)V,system-api,test-api
Landroid/uwb/UwbManager;->unregisterAdapterStateCallback(Landroid/uwb/UwbManager$AdapterStateCallback;)V,system-api,test-api
Landroid/uwb/UwbManager;->unregisterUwbOemExtensionCallback(Landroid/uwb/UwbManager$UwbOemExtensionCallback;)V,system-api,test-api
Landroid/uwb/UwbManager;->unregisterUwbVendorUciCallback(Landroid/uwb/UwbManager$UwbVendorUciCallback;)V,system-api,test-api
Landroid/uwb/UwbOemExtensionCallbackListener$$ExternalSyntheticLambda0;->run()V,core-platform-api,public-api,system-api,test-api
Landroid/uwb/UwbOemExtensionCallbackListener$$ExternalSyntheticLambda1;->call()Ljava/lang/Object;,core-platform-api,public-api,system-api,test-api
Landroid/uwb/UwbOemExtensionCallbackListener$$ExternalSyntheticLambda2;->call()Ljava/lang/Object;,core-platform-api,public-api,system-api,test-api
Landroid/uwb/UwbOemExtensionCallbackListener$$ExternalSyntheticLambda3;->call()Ljava/lang/Object;,core-platform-api,public-api,system-api,test-api
Landroid/uwb/UwbOemExtensionCallbackListener$$ExternalSyntheticLambda4;->run()V,core-platform-api,public-api,system-api,test-api
Landroid/uwb/UwbVendorUciCallbackListener$$ExternalSyntheticLambda0;->run()V,core-platform-api,public-api,system-api,test-api
Landroid/uwb/UwbVendorUciCallbackListener$$ExternalSyntheticLambda1;->run()V,core-platform-api,public-api,system-api,test-api
