Landroid/net/eap/EapAkaInfo$Builder;-><init>()V,public-api,sdk,system-api,test-api
Landroid/net/eap/EapAkaInfo$Builder;->build()Landroid/net/eap/EapAkaInfo;,public-api,sdk,system-api,test-api
Landroid/net/eap/EapAkaInfo$Builder;->setReauthId([B)Landroid/net/eap/EapAkaInfo$Builder;,public-api,sdk,system-api,test-api
Landroid/net/eap/EapAkaInfo;->getReauthId()[B,public-api,sdk,system-api,test-api
Landroid/net/eap/EapInfo;->getEapMethodType()I,public-api,sdk,system-api,test-api
Landroid/net/eap/EapSessionConfig$Builder;-><init>()V,public-api,sdk,system-api,test-api
Landroid/net/eap/EapSessionConfig$Builder;->build()Landroid/net/eap/EapSessionConfig;,public-api,sdk,system-api,test-api
Landroid/net/eap/EapSessionConfig$Builder;->setEapAkaConfig(II)Landroid/net/eap/EapSessionConfig$Builder;,public-api,sdk,system-api,test-api
Landroid/net/eap/EapSessionConfig$Builder;->setEapAkaConfig(IILandroid/net/eap/EapSessionConfig$EapAkaOption;)Landroid/net/eap/EapSessionConfig$Builder;,public-api,sdk,system-api,test-api
Landroid/net/eap/EapSessionConfig$Builder;->setEapAkaPrimeConfig(IILjava/lang/String;Z)Landroid/net/eap/EapSessionConfig$Builder;,public-api,sdk,system-api,test-api
Landroid/net/eap/EapSessionConfig$Builder;->setEapIdentity([B)Landroid/net/eap/EapSessionConfig$Builder;,public-api,sdk,system-api,test-api
Landroid/net/eap/EapSessionConfig$Builder;->setEapMsChapV2Config(Ljava/lang/String;Ljava/lang/String;)Landroid/net/eap/EapSessionConfig$Builder;,public-api,sdk,system-api,test-api
Landroid/net/eap/EapSessionConfig$Builder;->setEapSimConfig(II)Landroid/net/eap/EapSessionConfig$Builder;,public-api,sdk,system-api,test-api
Landroid/net/eap/EapSessionConfig$Builder;->setEapTtlsConfig(Ljava/security/cert/X509Certificate;Landroid/net/eap/EapSessionConfig;)Landroid/net/eap/EapSessionConfig$Builder;,public-api,sdk,system-api,test-api
Landroid/net/eap/EapSessionConfig$EapAkaConfig;->getEapAkaOption()Landroid/net/eap/EapSessionConfig$EapAkaOption;,public-api,sdk,system-api,test-api
Landroid/net/eap/EapSessionConfig$EapAkaOption$Builder;-><init>()V,public-api,sdk,system-api,test-api
Landroid/net/eap/EapSessionConfig$EapAkaOption$Builder;->build()Landroid/net/eap/EapSessionConfig$EapAkaOption;,public-api,sdk,system-api,test-api
Landroid/net/eap/EapSessionConfig$EapAkaOption$Builder;->setReauthId([B)Landroid/net/eap/EapSessionConfig$EapAkaOption$Builder;,public-api,sdk,system-api,test-api
Landroid/net/eap/EapSessionConfig$EapAkaOption;->equals(Ljava/lang/Object;)Z,core-platform-api,public-api,sdk,system-api,test-api
Landroid/net/eap/EapSessionConfig$EapAkaOption;->getReauthId()[B,public-api,sdk,system-api,test-api
Landroid/net/eap/EapSessionConfig$EapAkaOption;->hashCode()I,core-platform-api,public-api,sdk,system-api,test-api
Landroid/net/eap/EapSessionConfig$EapAkaPrimeConfig;->allowsMismatchedNetworkNames()Z,public-api,sdk,system-api,test-api
Landroid/net/eap/EapSessionConfig$EapAkaPrimeConfig;->equals(Ljava/lang/Object;)Z,core-platform-api,public-api,sdk,system-api,test-api
Landroid/net/eap/EapSessionConfig$EapAkaPrimeConfig;->getNetworkName()Ljava/lang/String;,public-api,sdk,system-api,test-api
Landroid/net/eap/EapSessionConfig$EapAkaPrimeConfig;->hashCode()I,core-platform-api,public-api,sdk,system-api,test-api
Landroid/net/eap/EapSessionConfig$EapMethodConfig;->EAP_TYPE_AKA:I,public-api,sdk,system-api,test-api
Landroid/net/eap/EapSessionConfig$EapMethodConfig;->EAP_TYPE_AKA_PRIME:I,public-api,sdk,system-api,test-api
Landroid/net/eap/EapSessionConfig$EapMethodConfig;->EAP_TYPE_MSCHAP_V2:I,public-api,sdk,system-api,test-api
Landroid/net/eap/EapSessionConfig$EapMethodConfig;->EAP_TYPE_SIM:I,public-api,sdk,system-api,test-api
Landroid/net/eap/EapSessionConfig$EapMethodConfig;->EAP_TYPE_TTLS:I,public-api,sdk,system-api,test-api
Landroid/net/eap/EapSessionConfig$EapMethodConfig;->equals(Ljava/lang/Object;)Z,core-platform-api,public-api,sdk,system-api,test-api
Landroid/net/eap/EapSessionConfig$EapMethodConfig;->getMethodType()I,public-api,sdk,system-api,test-api
Landroid/net/eap/EapSessionConfig$EapMethodConfig;->hashCode()I,core-platform-api,public-api,sdk,system-api,test-api
Landroid/net/eap/EapSessionConfig$EapMsChapV2Config;->equals(Ljava/lang/Object;)Z,core-platform-api,public-api,sdk,system-api,test-api
Landroid/net/eap/EapSessionConfig$EapMsChapV2Config;->getPassword()Ljava/lang/String;,public-api,sdk,system-api,test-api
Landroid/net/eap/EapSessionConfig$EapMsChapV2Config;->getUsername()Ljava/lang/String;,public-api,sdk,system-api,test-api
Landroid/net/eap/EapSessionConfig$EapMsChapV2Config;->hashCode()I,core-platform-api,public-api,sdk,system-api,test-api
Landroid/net/eap/EapSessionConfig$EapTtlsConfig;->equals(Ljava/lang/Object;)Z,core-platform-api,public-api,sdk,system-api,test-api
Landroid/net/eap/EapSessionConfig$EapTtlsConfig;->getInnerEapSessionConfig()Landroid/net/eap/EapSessionConfig;,public-api,sdk,system-api,test-api
Landroid/net/eap/EapSessionConfig$EapTtlsConfig;->getServerCaCert()Ljava/security/cert/X509Certificate;,public-api,sdk,system-api,test-api
Landroid/net/eap/EapSessionConfig$EapTtlsConfig;->hashCode()I,core-platform-api,public-api,sdk,system-api,test-api
Landroid/net/eap/EapSessionConfig$EapUiccConfig;->equals(Ljava/lang/Object;)Z,core-platform-api,public-api,sdk,system-api,test-api
Landroid/net/eap/EapSessionConfig$EapUiccConfig;->getAppType()I,public-api,sdk,system-api,test-api
Landroid/net/eap/EapSessionConfig$EapUiccConfig;->getSubId()I,public-api,sdk,system-api,test-api
Landroid/net/eap/EapSessionConfig$EapUiccConfig;->hashCode()I,core-platform-api,public-api,sdk,system-api,test-api
Landroid/net/eap/EapSessionConfig;->equals(Ljava/lang/Object;)Z,core-platform-api,public-api,sdk,system-api,test-api
Landroid/net/eap/EapSessionConfig;->getEapAkaConfig()Landroid/net/eap/EapSessionConfig$EapAkaConfig;,public-api,sdk,system-api,test-api
Landroid/net/eap/EapSessionConfig;->getEapAkaPrimeConfig()Landroid/net/eap/EapSessionConfig$EapAkaPrimeConfig;,public-api,sdk,system-api,test-api
Landroid/net/eap/EapSessionConfig;->getEapIdentity()[B,public-api,sdk,system-api,test-api
Landroid/net/eap/EapSessionConfig;->getEapMsChapV2Config()Landroid/net/eap/EapSessionConfig$EapMsChapV2Config;,public-api,sdk,system-api,test-api
Landroid/net/eap/EapSessionConfig;->getEapMsChapV2onfig()Landroid/net/eap/EapSessionConfig$EapMsChapV2Config;,sdk,system-api,test-api
Landroid/net/eap/EapSessionConfig;->getEapSimConfig()Landroid/net/eap/EapSessionConfig$EapSimConfig;,public-api,sdk,system-api,test-api
Landroid/net/eap/EapSessionConfig;->getEapTtlsConfig()Landroid/net/eap/EapSessionConfig$EapTtlsConfig;,public-api,sdk,system-api,test-api
Landroid/net/eap/EapSessionConfig;->hashCode()I,core-platform-api,public-api,sdk,system-api,test-api
Landroid/net/ipsec/ike/ChildSaProposal$$ExternalSyntheticLambda1;->applyAsInt(Ljava/lang/Object;)I,core-platform-api,public-api,sdk,system-api,test-api
Landroid/net/ipsec/ike/ChildSaProposal$Builder;-><init>()V,public-api,sdk,system-api,test-api
Landroid/net/ipsec/ike/ChildSaProposal$Builder;->addDhGroup(I)Landroid/net/ipsec/ike/ChildSaProposal$Builder;,public-api,sdk,system-api,test-api
Landroid/net/ipsec/ike/ChildSaProposal$Builder;->addEncryptionAlgorithm(II)Landroid/net/ipsec/ike/ChildSaProposal$Builder;,public-api,sdk,system-api,test-api
Landroid/net/ipsec/ike/ChildSaProposal$Builder;->addIntegrityAlgorithm(I)Landroid/net/ipsec/ike/ChildSaProposal$Builder;,public-api,sdk,system-api,test-api
Landroid/net/ipsec/ike/ChildSaProposal$Builder;->build()Landroid/net/ipsec/ike/ChildSaProposal;,public-api,sdk,system-api,test-api
Landroid/net/ipsec/ike/ChildSaProposal;->equals(Ljava/lang/Object;)Z,core-platform-api,public-api,sdk,system-api,test-api
Landroid/net/ipsec/ike/ChildSaProposal;->getSupportedEncryptionAlgorithms()Ljava/util/Set;,public-api,sdk,system-api,test-api
Landroid/net/ipsec/ike/ChildSaProposal;->getSupportedIntegrityAlgorithms()Ljava/util/Set;,public-api,sdk,system-api,test-api
Landroid/net/ipsec/ike/ChildSaProposal;->hashCode()I,core-platform-api,public-api,sdk,system-api,test-api
Landroid/net/ipsec/ike/ChildSessionCallback;->onClosed()V,public-api,sdk,system-api,test-api
Landroid/net/ipsec/ike/ChildSessionCallback;->onClosedExceptionally(Landroid/net/ipsec/ike/exceptions/IkeException;)V,sdk,system-api,test-api
Landroid/net/ipsec/ike/ChildSessionCallback;->onClosedWithException(Landroid/net/ipsec/ike/exceptions/IkeException;)V,public-api,sdk,system-api,test-api
Landroid/net/ipsec/ike/ChildSessionCallback;->onIpSecTransformCreated(Landroid/net/IpSecTransform;I)V,public-api,sdk,system-api,test-api
Landroid/net/ipsec/ike/ChildSessionCallback;->onIpSecTransformDeleted(Landroid/net/IpSecTransform;I)V,public-api,sdk,system-api,test-api
Landroid/net/ipsec/ike/ChildSessionCallback;->onIpSecTransformsMigrated(Landroid/net/IpSecTransform;Landroid/net/IpSecTransform;)V,sdk,system-api,test-api
Landroid/net/ipsec/ike/ChildSessionCallback;->onOpened(Landroid/net/ipsec/ike/ChildSessionConfiguration;)V,public-api,sdk,system-api,test-api
Landroid/net/ipsec/ike/ChildSessionConfiguration$Builder;-><init>(Ljava/util/List;Ljava/util/List;)V,public-api,sdk,system-api,test-api
Landroid/net/ipsec/ike/ChildSessionConfiguration$Builder;->addInternalAddress(Landroid/net/LinkAddress;)Landroid/net/ipsec/ike/ChildSessionConfiguration$Builder;,sdk,system-api,test-api
Landroid/net/ipsec/ike/ChildSessionConfiguration$Builder;->addInternalDhcpServer(Ljava/net/InetAddress;)Landroid/net/ipsec/ike/ChildSessionConfiguration$Builder;,sdk,system-api,test-api
Landroid/net/ipsec/ike/ChildSessionConfiguration$Builder;->addInternalDnsServer(Ljava/net/InetAddress;)Landroid/net/ipsec/ike/ChildSessionConfiguration$Builder;,sdk,system-api,test-api
Landroid/net/ipsec/ike/ChildSessionConfiguration$Builder;->addInternalSubnet(Landroid/net/IpPrefix;)Landroid/net/ipsec/ike/ChildSessionConfiguration$Builder;,sdk,system-api,test-api
Landroid/net/ipsec/ike/ChildSessionConfiguration$Builder;->build()Landroid/net/ipsec/ike/ChildSessionConfiguration;,public-api,sdk,system-api,test-api
Landroid/net/ipsec/ike/ChildSessionConfiguration$Builder;->clearInternalAddresses()Landroid/net/ipsec/ike/ChildSessionConfiguration$Builder;,sdk,system-api,test-api
Landroid/net/ipsec/ike/ChildSessionConfiguration$Builder;->clearInternalDhcpServers()Landroid/net/ipsec/ike/ChildSessionConfiguration$Builder;,sdk,system-api,test-api
Landroid/net/ipsec/ike/ChildSessionConfiguration$Builder;->clearInternalDnsServers()Landroid/net/ipsec/ike/ChildSessionConfiguration$Builder;,sdk,system-api,test-api
Landroid/net/ipsec/ike/ChildSessionConfiguration$Builder;->clearInternalSubnets()Landroid/net/ipsec/ike/ChildSessionConfiguration$Builder;,sdk,system-api,test-api
Landroid/net/ipsec/ike/ChildSessionConfiguration;->getInboundTrafficSelectors()Ljava/util/List;,public-api,sdk,system-api,test-api
Landroid/net/ipsec/ike/ChildSessionConfiguration;->getInternalAddresses()Ljava/util/List;,sdk,system-api,test-api
Landroid/net/ipsec/ike/ChildSessionConfiguration;->getInternalDhcpServers()Ljava/util/List;,sdk,system-api,test-api
Landroid/net/ipsec/ike/ChildSessionConfiguration;->getInternalDnsServers()Ljava/util/List;,sdk,system-api,test-api
Landroid/net/ipsec/ike/ChildSessionConfiguration;->getInternalSubnets()Ljava/util/List;,sdk,system-api,test-api
Landroid/net/ipsec/ike/ChildSessionConfiguration;->getOutboundTrafficSelectors()Ljava/util/List;,public-api,sdk,system-api,test-api
Landroid/net/ipsec/ike/ChildSessionParams;->equals(Ljava/lang/Object;)Z,core-platform-api,public-api,sdk,system-api,test-api
Landroid/net/ipsec/ike/ChildSessionParams;->getChildSaProposals()Ljava/util/List;,public-api,sdk,system-api,test-api
Landroid/net/ipsec/ike/ChildSessionParams;->getHardLifetimeSeconds()I,public-api,sdk,system-api,test-api
Landroid/net/ipsec/ike/ChildSessionParams;->getInboundTrafficSelectors()Ljava/util/List;,public-api,sdk,system-api,test-api
Landroid/net/ipsec/ike/ChildSessionParams;->getOutboundTrafficSelectors()Ljava/util/List;,public-api,sdk,system-api,test-api
Landroid/net/ipsec/ike/ChildSessionParams;->getSaProposals()Ljava/util/List;,sdk,system-api,test-api
Landroid/net/ipsec/ike/ChildSessionParams;->getSoftLifetimeSeconds()I,public-api,sdk,system-api,test-api
Landroid/net/ipsec/ike/ChildSessionParams;->hashCode()I,core-platform-api,public-api,sdk,system-api,test-api
Landroid/net/ipsec/ike/IkeDerAsn1DnIdentification;-><init>(Ljavax/security/auth/x500/X500Principal;)V,public-api,sdk,system-api,test-api
Landroid/net/ipsec/ike/IkeDerAsn1DnIdentification;->derAsn1Dn:Ljavax/security/auth/x500/X500Principal;,public-api,sdk,system-api,test-api
Landroid/net/ipsec/ike/IkeDerAsn1DnIdentification;->equals(Ljava/lang/Object;)Z,core-platform-api,public-api,sdk,system-api,test-api
Landroid/net/ipsec/ike/IkeDerAsn1DnIdentification;->hashCode()I,core-platform-api,public-api,sdk,system-api,test-api
Landroid/net/ipsec/ike/IkeFqdnIdentification;-><init>(Ljava/lang/String;)V,public-api,sdk,system-api,test-api
Landroid/net/ipsec/ike/IkeFqdnIdentification;->equals(Ljava/lang/Object;)Z,core-platform-api,public-api,sdk,system-api,test-api
Landroid/net/ipsec/ike/IkeFqdnIdentification;->fqdn:Ljava/lang/String;,public-api,sdk,system-api,test-api
Landroid/net/ipsec/ike/IkeFqdnIdentification;->hashCode()I,core-platform-api,public-api,sdk,system-api,test-api
Landroid/net/ipsec/ike/IkeIpv4AddrIdentification;-><init>(Ljava/net/Inet4Address;)V,public-api,sdk,system-api,test-api
Landroid/net/ipsec/ike/IkeIpv4AddrIdentification;->equals(Ljava/lang/Object;)Z,core-platform-api,public-api,sdk,system-api,test-api
Landroid/net/ipsec/ike/IkeIpv4AddrIdentification;->hashCode()I,core-platform-api,public-api,sdk,system-api,test-api
Landroid/net/ipsec/ike/IkeIpv4AddrIdentification;->ipv4Address:Ljava/net/Inet4Address;,public-api,sdk,system-api,test-api
Landroid/net/ipsec/ike/IkeIpv6AddrIdentification;-><init>(Ljava/net/Inet6Address;)V,public-api,sdk,system-api,test-api
Landroid/net/ipsec/ike/IkeIpv6AddrIdentification;->equals(Ljava/lang/Object;)Z,core-platform-api,public-api,sdk,system-api,test-api
Landroid/net/ipsec/ike/IkeIpv6AddrIdentification;->hashCode()I,core-platform-api,public-api,sdk,system-api,test-api
Landroid/net/ipsec/ike/IkeIpv6AddrIdentification;->ipv6Address:Ljava/net/Inet6Address;,public-api,sdk,system-api,test-api
Landroid/net/ipsec/ike/IkeKeyIdIdentification;-><init>([B)V,public-api,sdk,system-api,test-api
Landroid/net/ipsec/ike/IkeKeyIdIdentification;->equals(Ljava/lang/Object;)Z,core-platform-api,public-api,sdk,system-api,test-api
Landroid/net/ipsec/ike/IkeKeyIdIdentification;->hashCode()I,core-platform-api,public-api,sdk,system-api,test-api
Landroid/net/ipsec/ike/IkeKeyIdIdentification;->keyId:[B,public-api,sdk,system-api,test-api
Landroid/net/ipsec/ike/IkeRfc822AddrIdentification;-><init>(Ljava/lang/String;)V,public-api,sdk,system-api,test-api
Landroid/net/ipsec/ike/IkeRfc822AddrIdentification;->equals(Ljava/lang/Object;)Z,core-platform-api,public-api,sdk,system-api,test-api
Landroid/net/ipsec/ike/IkeRfc822AddrIdentification;->hashCode()I,core-platform-api,public-api,sdk,system-api,test-api
Landroid/net/ipsec/ike/IkeRfc822AddrIdentification;->rfc822Name:Ljava/lang/String;,public-api,sdk,system-api,test-api
Landroid/net/ipsec/ike/IkeSaProposal$$ExternalSyntheticLambda0;->applyAsInt(Ljava/lang/Object;)I,core-platform-api,public-api,sdk,system-api,test-api
Landroid/net/ipsec/ike/IkeSaProposal$Builder;-><init>()V,public-api,sdk,system-api,test-api
Landroid/net/ipsec/ike/IkeSaProposal$Builder;->addDhGroup(I)Landroid/net/ipsec/ike/IkeSaProposal$Builder;,public-api,sdk,system-api,test-api
Landroid/net/ipsec/ike/IkeSaProposal$Builder;->addEncryptionAlgorithm(II)Landroid/net/ipsec/ike/IkeSaProposal$Builder;,public-api,sdk,system-api,test-api
Landroid/net/ipsec/ike/IkeSaProposal$Builder;->addIntegrityAlgorithm(I)Landroid/net/ipsec/ike/IkeSaProposal$Builder;,public-api,sdk,system-api,test-api
Landroid/net/ipsec/ike/IkeSaProposal$Builder;->addPseudorandomFunction(I)Landroid/net/ipsec/ike/IkeSaProposal$Builder;,public-api,sdk,system-api,test-api
Landroid/net/ipsec/ike/IkeSaProposal$Builder;->build()Landroid/net/ipsec/ike/IkeSaProposal;,public-api,sdk,system-api,test-api
Landroid/net/ipsec/ike/IkeSaProposal;->equals(Ljava/lang/Object;)Z,core-platform-api,public-api,sdk,system-api,test-api
Landroid/net/ipsec/ike/IkeSaProposal;->getPseudorandomFunctions()Ljava/util/List;,public-api,sdk,system-api,test-api
Landroid/net/ipsec/ike/IkeSaProposal;->getSupportedEncryptionAlgorithms()Ljava/util/Set;,public-api,sdk,system-api,test-api
Landroid/net/ipsec/ike/IkeSaProposal;->getSupportedIntegrityAlgorithms()Ljava/util/Set;,public-api,sdk,system-api,test-api
Landroid/net/ipsec/ike/IkeSaProposal;->getSupportedPseudorandomFunctions()Ljava/util/Set;,public-api,sdk,system-api,test-api
Landroid/net/ipsec/ike/IkeSaProposal;->hashCode()I,core-platform-api,public-api,sdk,system-api,test-api
Landroid/net/ipsec/ike/IkeSession;-><init>(Landroid/content/Context;Landroid/net/ipsec/ike/IkeSessionParams;Landroid/net/ipsec/ike/ChildSessionParams;Ljava/util/concurrent/Executor;Landroid/net/ipsec/ike/IkeSessionCallback;Landroid/net/ipsec/ike/ChildSessionCallback;)V,public-api,sdk,system-api,test-api
Landroid/net/ipsec/ike/IkeSession;->close()V,core-platform-api,public-api,sdk,system-api,test-api
Landroid/net/ipsec/ike/IkeSession;->closeChildSession(Landroid/net/ipsec/ike/ChildSessionCallback;)V,public-api,sdk,system-api,test-api
Landroid/net/ipsec/ike/IkeSession;->finalize()V,core-platform-api,public-api,sdk,system-api,test-api
Landroid/net/ipsec/ike/IkeSession;->kill()V,public-api,sdk,system-api,test-api
Landroid/net/ipsec/ike/IkeSession;->openChildSession(Landroid/net/ipsec/ike/ChildSessionParams;Landroid/net/ipsec/ike/ChildSessionCallback;)V,public-api,sdk,system-api,test-api
Landroid/net/ipsec/ike/IkeSession;->setNetwork(Landroid/net/Network;)V,sdk,system-api,test-api
Landroid/net/ipsec/ike/IkeSessionCallback;->onClosed()V,public-api,sdk,system-api,test-api
Landroid/net/ipsec/ike/IkeSessionCallback;->onClosedExceptionally(Landroid/net/ipsec/ike/exceptions/IkeException;)V,sdk,system-api,test-api
Landroid/net/ipsec/ike/IkeSessionCallback;->onClosedWithException(Landroid/net/ipsec/ike/exceptions/IkeException;)V,public-api,sdk,system-api,test-api
Landroid/net/ipsec/ike/IkeSessionCallback;->onError(Landroid/net/ipsec/ike/exceptions/IkeException;)V,public-api,sdk,system-api,test-api
Landroid/net/ipsec/ike/IkeSessionCallback;->onError(Landroid/net/ipsec/ike/exceptions/IkeProtocolException;)V,sdk,system-api,test-api
Landroid/net/ipsec/ike/IkeSessionCallback;->onIkeSessionConnectionInfoChanged(Landroid/net/ipsec/ike/IkeSessionConnectionInfo;)V,sdk,system-api,test-api
Landroid/net/ipsec/ike/IkeSessionCallback;->onOpened(Landroid/net/ipsec/ike/IkeSessionConfiguration;)V,public-api,sdk,system-api,test-api
Landroid/net/ipsec/ike/IkeSessionConfiguration$Builder;-><init>(Landroid/net/ipsec/ike/IkeSessionConnectionInfo;)V,public-api,sdk,system-api,test-api
Landroid/net/ipsec/ike/IkeSessionConfiguration$Builder;->addIkeExtension(I)Landroid/net/ipsec/ike/IkeSessionConfiguration$Builder;,public-api,sdk,system-api,test-api
Landroid/net/ipsec/ike/IkeSessionConfiguration$Builder;->addPcscfServer(Ljava/net/InetAddress;)Landroid/net/ipsec/ike/IkeSessionConfiguration$Builder;,sdk,system-api,test-api
Landroid/net/ipsec/ike/IkeSessionConfiguration$Builder;->addRemoteVendorId([B)Landroid/net/ipsec/ike/IkeSessionConfiguration$Builder;,public-api,sdk,system-api,test-api
Landroid/net/ipsec/ike/IkeSessionConfiguration$Builder;->build()Landroid/net/ipsec/ike/IkeSessionConfiguration;,public-api,sdk,system-api,test-api
Landroid/net/ipsec/ike/IkeSessionConfiguration$Builder;->clearIkeExtensions()Landroid/net/ipsec/ike/IkeSessionConfiguration$Builder;,public-api,sdk,system-api,test-api
Landroid/net/ipsec/ike/IkeSessionConfiguration$Builder;->clearPcscfServers()Landroid/net/ipsec/ike/IkeSessionConfiguration$Builder;,sdk,system-api,test-api
Landroid/net/ipsec/ike/IkeSessionConfiguration$Builder;->clearRemoteApplicationVersion()Landroid/net/ipsec/ike/IkeSessionConfiguration$Builder;,public-api,sdk,system-api,test-api
Landroid/net/ipsec/ike/IkeSessionConfiguration$Builder;->clearRemoteVendorIds()Landroid/net/ipsec/ike/IkeSessionConfiguration$Builder;,public-api,sdk,system-api,test-api
Landroid/net/ipsec/ike/IkeSessionConfiguration$Builder;->setEapInfo(Landroid/net/eap/EapInfo;)Landroid/net/ipsec/ike/IkeSessionConfiguration$Builder;,public-api,sdk,system-api,test-api
Landroid/net/ipsec/ike/IkeSessionConfiguration$Builder;->setRemoteApplicationVersion(Ljava/lang/String;)Landroid/net/ipsec/ike/IkeSessionConfiguration$Builder;,public-api,sdk,system-api,test-api
Landroid/net/ipsec/ike/IkeSessionConfiguration;->EXTENSION_TYPE_FRAGMENTATION:I,public-api,sdk,system-api,test-api
Landroid/net/ipsec/ike/IkeSessionConfiguration;->EXTENSION_TYPE_MOBIKE:I,public-api,sdk,system-api,test-api
Landroid/net/ipsec/ike/IkeSessionConfiguration;->getEapInfo()Landroid/net/eap/EapInfo;,public-api,sdk,system-api,test-api
Landroid/net/ipsec/ike/IkeSessionConfiguration;->getIkeSessionConnectionInfo()Landroid/net/ipsec/ike/IkeSessionConnectionInfo;,public-api,sdk,system-api,test-api
Landroid/net/ipsec/ike/IkeSessionConfiguration;->getPcscfServers()Ljava/util/List;,sdk,system-api,test-api
Landroid/net/ipsec/ike/IkeSessionConfiguration;->getRemoteApplicationVersion()Ljava/lang/String;,public-api,sdk,system-api,test-api
Landroid/net/ipsec/ike/IkeSessionConfiguration;->getRemoteVendorIds()Ljava/util/List;,public-api,sdk,system-api,test-api
Landroid/net/ipsec/ike/IkeSessionConfiguration;->isIkeExtensionEnabled(I)Z,public-api,sdk,system-api,test-api
Landroid/net/ipsec/ike/IkeSessionConnectionInfo;-><init>(Ljava/net/InetAddress;Ljava/net/InetAddress;Landroid/net/Network;)V,public-api,sdk,system-api,test-api
Landroid/net/ipsec/ike/IkeSessionConnectionInfo;->getLocalAddress()Ljava/net/InetAddress;,public-api,sdk,system-api,test-api
Landroid/net/ipsec/ike/IkeSessionConnectionInfo;->getNetwork()Landroid/net/Network;,public-api,sdk,system-api,test-api
Landroid/net/ipsec/ike/IkeSessionConnectionInfo;->getRemoteAddress()Ljava/net/InetAddress;,public-api,sdk,system-api,test-api
Landroid/net/ipsec/ike/IkeSessionParams$Builder;-><init>()V,public-api,sdk,system-api,test-api
Landroid/net/ipsec/ike/IkeSessionParams$Builder;-><init>(Landroid/content/Context;)V,sdk,system-api,test-api
Landroid/net/ipsec/ike/IkeSessionParams$Builder;-><init>(Landroid/net/ipsec/ike/IkeSessionParams;)V,public-api,sdk,system-api,test-api
Landroid/net/ipsec/ike/IkeSessionParams$Builder;->addIkeOption(I)Landroid/net/ipsec/ike/IkeSessionParams$Builder;,public-api,sdk,system-api,test-api
Landroid/net/ipsec/ike/IkeSessionParams$Builder;->addIkeSaProposal(Landroid/net/ipsec/ike/IkeSaProposal;)Landroid/net/ipsec/ike/IkeSessionParams$Builder;,public-api,sdk,system-api,test-api
Landroid/net/ipsec/ike/IkeSessionParams$Builder;->addPcscfServerRequest(I)Landroid/net/ipsec/ike/IkeSessionParams$Builder;,sdk,system-api,test-api
Landroid/net/ipsec/ike/IkeSessionParams$Builder;->addPcscfServerRequest(Ljava/net/InetAddress;)Landroid/net/ipsec/ike/IkeSessionParams$Builder;,sdk,system-api,test-api
Landroid/net/ipsec/ike/IkeSessionParams$Builder;->addSaProposal(Landroid/net/ipsec/ike/IkeSaProposal;)Landroid/net/ipsec/ike/IkeSessionParams$Builder;,sdk,system-api,test-api
Landroid/net/ipsec/ike/IkeSessionParams$Builder;->build()Landroid/net/ipsec/ike/IkeSessionParams;,public-api,sdk,system-api,test-api
Landroid/net/ipsec/ike/IkeSessionParams$Builder;->removeIkeOption(I)Landroid/net/ipsec/ike/IkeSessionParams$Builder;,public-api,sdk,system-api,test-api
Landroid/net/ipsec/ike/IkeSessionParams$Builder;->setAuthDigitalSignature(Ljava/security/cert/X509Certificate;Ljava/security/cert/X509Certificate;Ljava/security/PrivateKey;)Landroid/net/ipsec/ike/IkeSessionParams$Builder;,public-api,sdk,system-api,test-api
Landroid/net/ipsec/ike/IkeSessionParams$Builder;->setAuthDigitalSignature(Ljava/security/cert/X509Certificate;Ljava/security/cert/X509Certificate;Ljava/util/List;Ljava/security/PrivateKey;)Landroid/net/ipsec/ike/IkeSessionParams$Builder;,public-api,sdk,system-api,test-api
Landroid/net/ipsec/ike/IkeSessionParams$Builder;->setAuthEap(Ljava/security/cert/X509Certificate;Landroid/net/eap/EapSessionConfig;)Landroid/net/ipsec/ike/IkeSessionParams$Builder;,public-api,sdk,system-api,test-api
Landroid/net/ipsec/ike/IkeSessionParams$Builder;->setAuthPsk([B)Landroid/net/ipsec/ike/IkeSessionParams$Builder;,public-api,sdk,system-api,test-api
Landroid/net/ipsec/ike/IkeSessionParams$Builder;->setDpdDelaySeconds(I)Landroid/net/ipsec/ike/IkeSessionParams$Builder;,public-api,sdk,system-api,test-api
Landroid/net/ipsec/ike/IkeSessionParams$Builder;->setDscp(I)Landroid/net/ipsec/ike/IkeSessionParams$Builder;,sdk,system-api,test-api
Landroid/net/ipsec/ike/IkeSessionParams$Builder;->setIke3gppExtension(Landroid/net/ipsec/ike/ike3gpp/Ike3gppExtension;)Landroid/net/ipsec/ike/IkeSessionParams$Builder;,sdk,system-api,test-api
Landroid/net/ipsec/ike/IkeSessionParams$Builder;->setLifetimeSeconds(II)Landroid/net/ipsec/ike/IkeSessionParams$Builder;,public-api,sdk,system-api,test-api
Landroid/net/ipsec/ike/IkeSessionParams$Builder;->setLocalIdentification(Landroid/net/ipsec/ike/IkeIdentification;)Landroid/net/ipsec/ike/IkeSessionParams$Builder;,public-api,sdk,system-api,test-api
Landroid/net/ipsec/ike/IkeSessionParams$Builder;->setNattKeepAliveDelaySeconds(I)Landroid/net/ipsec/ike/IkeSessionParams$Builder;,public-api,sdk,system-api,test-api
Landroid/net/ipsec/ike/IkeSessionParams$Builder;->setNetwork(Landroid/net/Network;)Landroid/net/ipsec/ike/IkeSessionParams$Builder;,public-api,sdk,system-api,test-api
Landroid/net/ipsec/ike/IkeSessionParams$Builder;->setRemoteIdentification(Landroid/net/ipsec/ike/IkeIdentification;)Landroid/net/ipsec/ike/IkeSessionParams$Builder;,public-api,sdk,system-api,test-api
Landroid/net/ipsec/ike/IkeSessionParams$Builder;->setRetransmissionTimeoutsMillis([I)Landroid/net/ipsec/ike/IkeSessionParams$Builder;,public-api,sdk,system-api,test-api
Landroid/net/ipsec/ike/IkeSessionParams$Builder;->setServerHostname(Ljava/lang/String;)Landroid/net/ipsec/ike/IkeSessionParams$Builder;,public-api,sdk,system-api,test-api
Landroid/net/ipsec/ike/IkeSessionParams$ConfigRequestIpv4PcscfServer;->getAddress()Ljava/net/Inet4Address;,sdk,system-api,test-api
Landroid/net/ipsec/ike/IkeSessionParams$ConfigRequestIpv6PcscfServer;->getAddress()Ljava/net/Inet6Address;,sdk,system-api,test-api
Landroid/net/ipsec/ike/IkeSessionParams$IkeAuthConfig;->equals(Ljava/lang/Object;)Z,core-platform-api,public-api,sdk,system-api,test-api
Landroid/net/ipsec/ike/IkeSessionParams$IkeAuthConfig;->hashCode()I,core-platform-api,public-api,sdk,system-api,test-api
Landroid/net/ipsec/ike/IkeSessionParams$IkeAuthDigitalSignLocalConfig;->equals(Ljava/lang/Object;)Z,core-platform-api,public-api,sdk,system-api,test-api
Landroid/net/ipsec/ike/IkeSessionParams$IkeAuthDigitalSignLocalConfig;->getClientEndCertificate()Ljava/security/cert/X509Certificate;,public-api,sdk,system-api,test-api
Landroid/net/ipsec/ike/IkeSessionParams$IkeAuthDigitalSignLocalConfig;->getIntermediateCertificates()Ljava/util/List;,public-api,sdk,system-api,test-api
Landroid/net/ipsec/ike/IkeSessionParams$IkeAuthDigitalSignLocalConfig;->getPrivateKey()Ljava/security/PrivateKey;,public-api,sdk,system-api,test-api
Landroid/net/ipsec/ike/IkeSessionParams$IkeAuthDigitalSignLocalConfig;->hashCode()I,core-platform-api,public-api,sdk,system-api,test-api
Landroid/net/ipsec/ike/IkeSessionParams$IkeAuthDigitalSignRemoteConfig;->equals(Ljava/lang/Object;)Z,core-platform-api,public-api,sdk,system-api,test-api
Landroid/net/ipsec/ike/IkeSessionParams$IkeAuthDigitalSignRemoteConfig;->getRemoteCaCert()Ljava/security/cert/X509Certificate;,public-api,sdk,system-api,test-api
Landroid/net/ipsec/ike/IkeSessionParams$IkeAuthDigitalSignRemoteConfig;->hashCode()I,core-platform-api,public-api,sdk,system-api,test-api
Landroid/net/ipsec/ike/IkeSessionParams$IkeAuthEapConfig;->equals(Ljava/lang/Object;)Z,core-platform-api,public-api,sdk,system-api,test-api
Landroid/net/ipsec/ike/IkeSessionParams$IkeAuthEapConfig;->getEapConfig()Landroid/net/eap/EapSessionConfig;,public-api,sdk,system-api,test-api
Landroid/net/ipsec/ike/IkeSessionParams$IkeAuthEapConfig;->hashCode()I,core-platform-api,public-api,sdk,system-api,test-api
Landroid/net/ipsec/ike/IkeSessionParams$IkeAuthPskConfig;->equals(Ljava/lang/Object;)Z,core-platform-api,public-api,sdk,system-api,test-api
Landroid/net/ipsec/ike/IkeSessionParams$IkeAuthPskConfig;->getPsk()[B,public-api,sdk,system-api,test-api
Landroid/net/ipsec/ike/IkeSessionParams$IkeAuthPskConfig;->hashCode()I,core-platform-api,public-api,sdk,system-api,test-api
Landroid/net/ipsec/ike/IkeSessionParams;->IKE_OPTION_ACCEPT_ANY_REMOTE_ID:I,public-api,sdk,system-api,test-api
Landroid/net/ipsec/ike/IkeSessionParams;->IKE_OPTION_AUTOMATIC_KEEPALIVE_ON_OFF:I,sdk,system-api,test-api
Landroid/net/ipsec/ike/IkeSessionParams;->IKE_OPTION_EAP_ONLY_AUTH:I,public-api,sdk,system-api,test-api
Landroid/net/ipsec/ike/IkeSessionParams;->IKE_OPTION_FORCE_PORT_4500:I,public-api,sdk,system-api,test-api
Landroid/net/ipsec/ike/IkeSessionParams;->IKE_OPTION_INITIAL_CONTACT:I,public-api,sdk,system-api,test-api
Landroid/net/ipsec/ike/IkeSessionParams;->IKE_OPTION_MOBIKE:I,public-api,sdk,system-api,test-api
Landroid/net/ipsec/ike/IkeSessionParams;->IKE_OPTION_REKEY_MOBILITY:I,sdk,system-api,test-api
Landroid/net/ipsec/ike/IkeSessionParams;->equals(Ljava/lang/Object;)Z,core-platform-api,public-api,sdk,system-api,test-api
Landroid/net/ipsec/ike/IkeSessionParams;->getConfigurationRequests()Ljava/util/List;,sdk,system-api,test-api
Landroid/net/ipsec/ike/IkeSessionParams;->getDpdDelaySeconds()I,public-api,sdk,system-api,test-api
Landroid/net/ipsec/ike/IkeSessionParams;->getDscp()I,sdk,system-api,test-api
Landroid/net/ipsec/ike/IkeSessionParams;->getHardLifetimeSeconds()I,public-api,sdk,system-api,test-api
Landroid/net/ipsec/ike/IkeSessionParams;->getIke3gppExtension()Landroid/net/ipsec/ike/ike3gpp/Ike3gppExtension;,sdk,system-api,test-api
Landroid/net/ipsec/ike/IkeSessionParams;->getIkeSaProposals()Ljava/util/List;,public-api,sdk,system-api,test-api
Landroid/net/ipsec/ike/IkeSessionParams;->getLocalAuthConfig()Landroid/net/ipsec/ike/IkeSessionParams$IkeAuthConfig;,public-api,sdk,system-api,test-api
Landroid/net/ipsec/ike/IkeSessionParams;->getLocalIdentification()Landroid/net/ipsec/ike/IkeIdentification;,public-api,sdk,system-api,test-api
Landroid/net/ipsec/ike/IkeSessionParams;->getNattKeepAliveDelaySeconds()I,public-api,sdk,system-api,test-api
Landroid/net/ipsec/ike/IkeSessionParams;->getNetwork()Landroid/net/Network;,public-api,sdk,system-api,test-api
Landroid/net/ipsec/ike/IkeSessionParams;->getRemoteAuthConfig()Landroid/net/ipsec/ike/IkeSessionParams$IkeAuthConfig;,public-api,sdk,system-api,test-api
Landroid/net/ipsec/ike/IkeSessionParams;->getRemoteIdentification()Landroid/net/ipsec/ike/IkeIdentification;,public-api,sdk,system-api,test-api
Landroid/net/ipsec/ike/IkeSessionParams;->getRetransmissionTimeoutsMillis()[I,public-api,sdk,system-api,test-api
Landroid/net/ipsec/ike/IkeSessionParams;->getSaProposals()Ljava/util/List;,sdk,system-api,test-api
Landroid/net/ipsec/ike/IkeSessionParams;->getServerHostname()Ljava/lang/String;,public-api,sdk,system-api,test-api
Landroid/net/ipsec/ike/IkeSessionParams;->getSoftLifetimeSeconds()I,public-api,sdk,system-api,test-api
Landroid/net/ipsec/ike/IkeSessionParams;->hasIkeOption(I)Z,public-api,sdk,system-api,test-api
Landroid/net/ipsec/ike/IkeSessionParams;->hashCode()I,core-platform-api,public-api,sdk,system-api,test-api
Landroid/net/ipsec/ike/IkeTrafficSelector;-><init>(IILjava/net/InetAddress;Ljava/net/InetAddress;)V,public-api,sdk,system-api,test-api
Landroid/net/ipsec/ike/IkeTrafficSelector;->endPort:I,public-api,sdk,system-api,test-api
Landroid/net/ipsec/ike/IkeTrafficSelector;->endingAddress:Ljava/net/InetAddress;,public-api,sdk,system-api,test-api
Landroid/net/ipsec/ike/IkeTrafficSelector;->equals(Ljava/lang/Object;)Z,core-platform-api,public-api,sdk,system-api,test-api
Landroid/net/ipsec/ike/IkeTrafficSelector;->hashCode()I,core-platform-api,public-api,sdk,system-api,test-api
Landroid/net/ipsec/ike/IkeTrafficSelector;->startPort:I,public-api,sdk,system-api,test-api
Landroid/net/ipsec/ike/IkeTrafficSelector;->startingAddress:Ljava/net/InetAddress;,public-api,sdk,system-api,test-api
Landroid/net/ipsec/ike/IkeTunnelConnectionParams;-><init>(Landroid/net/ipsec/ike/IkeSessionParams;Landroid/net/ipsec/ike/TunnelModeChildSessionParams;)V,public-api,sdk,system-api,test-api
Landroid/net/ipsec/ike/IkeTunnelConnectionParams;->equals(Ljava/lang/Object;)Z,core-platform-api,public-api,sdk,system-api,test-api
Landroid/net/ipsec/ike/IkeTunnelConnectionParams;->getIkeSessionParams()Landroid/net/ipsec/ike/IkeSessionParams;,public-api,sdk,system-api,test-api
Landroid/net/ipsec/ike/IkeTunnelConnectionParams;->getTunnelModeChildSessionParams()Landroid/net/ipsec/ike/TunnelModeChildSessionParams;,public-api,sdk,system-api,test-api
Landroid/net/ipsec/ike/IkeTunnelConnectionParams;->hashCode()I,core-platform-api,public-api,sdk,system-api,test-api
Landroid/net/ipsec/ike/SaProposal$$ExternalSyntheticLambda1;->applyAsInt(Ljava/lang/Object;)I,core-platform-api,public-api,sdk,system-api,test-api
Landroid/net/ipsec/ike/SaProposal$$ExternalSyntheticLambda2;->applyAsInt(Ljava/lang/Object;)I,core-platform-api,public-api,sdk,system-api,test-api
Landroid/net/ipsec/ike/SaProposal;->DH_GROUP_1024_BIT_MODP:I,public-api,sdk,system-api,test-api
Landroid/net/ipsec/ike/SaProposal;->DH_GROUP_1536_BIT_MODP:I,public-api,sdk,system-api,test-api
Landroid/net/ipsec/ike/SaProposal;->DH_GROUP_2048_BIT_MODP:I,public-api,sdk,system-api,test-api
Landroid/net/ipsec/ike/SaProposal;->DH_GROUP_3072_BIT_MODP:I,public-api,sdk,system-api,test-api
Landroid/net/ipsec/ike/SaProposal;->DH_GROUP_4096_BIT_MODP:I,public-api,sdk,system-api,test-api
Landroid/net/ipsec/ike/SaProposal;->DH_GROUP_CURVE_25519:I,public-api,sdk,system-api,test-api
Landroid/net/ipsec/ike/SaProposal;->DH_GROUP_NONE:I,public-api,sdk,system-api,test-api
Landroid/net/ipsec/ike/SaProposal;->ENCRYPTION_ALGORITHM_3DES:I,public-api,sdk,system-api,test-api
Landroid/net/ipsec/ike/SaProposal;->ENCRYPTION_ALGORITHM_AES_CBC:I,public-api,sdk,system-api,test-api
Landroid/net/ipsec/ike/SaProposal;->ENCRYPTION_ALGORITHM_AES_CTR:I,public-api,sdk,system-api,test-api
Landroid/net/ipsec/ike/SaProposal;->ENCRYPTION_ALGORITHM_AES_GCM_12:I,public-api,sdk,system-api,test-api
Landroid/net/ipsec/ike/SaProposal;->ENCRYPTION_ALGORITHM_AES_GCM_16:I,public-api,sdk,system-api,test-api
Landroid/net/ipsec/ike/SaProposal;->ENCRYPTION_ALGORITHM_AES_GCM_8:I,public-api,sdk,system-api,test-api
Landroid/net/ipsec/ike/SaProposal;->ENCRYPTION_ALGORITHM_CHACHA20_POLY1305:I,public-api,sdk,system-api,test-api
Landroid/net/ipsec/ike/SaProposal;->INTEGRITY_ALGORITHM_AES_CMAC_96:I,public-api,sdk,system-api,test-api
Landroid/net/ipsec/ike/SaProposal;->INTEGRITY_ALGORITHM_AES_XCBC_96:I,public-api,sdk,system-api,test-api
Landroid/net/ipsec/ike/SaProposal;->INTEGRITY_ALGORITHM_HMAC_SHA1_96:I,public-api,sdk,system-api,test-api
Landroid/net/ipsec/ike/SaProposal;->INTEGRITY_ALGORITHM_HMAC_SHA2_256_128:I,public-api,sdk,system-api,test-api
Landroid/net/ipsec/ike/SaProposal;->INTEGRITY_ALGORITHM_HMAC_SHA2_384_192:I,public-api,sdk,system-api,test-api
Landroid/net/ipsec/ike/SaProposal;->INTEGRITY_ALGORITHM_HMAC_SHA2_512_256:I,public-api,sdk,system-api,test-api
Landroid/net/ipsec/ike/SaProposal;->INTEGRITY_ALGORITHM_NONE:I,public-api,sdk,system-api,test-api
Landroid/net/ipsec/ike/SaProposal;->KEY_LEN_AES_128:I,public-api,sdk,system-api,test-api
Landroid/net/ipsec/ike/SaProposal;->KEY_LEN_AES_192:I,public-api,sdk,system-api,test-api
Landroid/net/ipsec/ike/SaProposal;->KEY_LEN_AES_256:I,public-api,sdk,system-api,test-api
Landroid/net/ipsec/ike/SaProposal;->KEY_LEN_UNUSED:I,public-api,sdk,system-api,test-api
Landroid/net/ipsec/ike/SaProposal;->PSEUDORANDOM_FUNCTION_AES128_CMAC:I,public-api,sdk,system-api,test-api
Landroid/net/ipsec/ike/SaProposal;->PSEUDORANDOM_FUNCTION_AES128_XCBC:I,public-api,sdk,system-api,test-api
Landroid/net/ipsec/ike/SaProposal;->PSEUDORANDOM_FUNCTION_HMAC_SHA1:I,public-api,sdk,system-api,test-api
Landroid/net/ipsec/ike/SaProposal;->PSEUDORANDOM_FUNCTION_SHA2_256:I,public-api,sdk,system-api,test-api
Landroid/net/ipsec/ike/SaProposal;->PSEUDORANDOM_FUNCTION_SHA2_384:I,public-api,sdk,system-api,test-api
Landroid/net/ipsec/ike/SaProposal;->PSEUDORANDOM_FUNCTION_SHA2_512:I,public-api,sdk,system-api,test-api
Landroid/net/ipsec/ike/SaProposal;->equals(Ljava/lang/Object;)Z,core-platform-api,public-api,sdk,system-api,test-api
Landroid/net/ipsec/ike/SaProposal;->getDhGroups()Ljava/util/List;,public-api,sdk,system-api,test-api
Landroid/net/ipsec/ike/SaProposal;->getEncryptionAlgorithms()Ljava/util/List;,public-api,sdk,system-api,test-api
Landroid/net/ipsec/ike/SaProposal;->getIntegrityAlgorithms()Ljava/util/List;,public-api,sdk,system-api,test-api
Landroid/net/ipsec/ike/SaProposal;->getSupportedDhGroups()Ljava/util/Set;,public-api,sdk,system-api,test-api
Landroid/net/ipsec/ike/SaProposal;->hashCode()I,core-platform-api,public-api,sdk,system-api,test-api
Landroid/net/ipsec/ike/SaProposal;->toString()Ljava/lang/String;,core-platform-api,public-api,sdk,system-api,test-api
Landroid/net/ipsec/ike/TransportModeChildSessionParams$Builder;-><init>()V,public-api,sdk,system-api,test-api
Landroid/net/ipsec/ike/TransportModeChildSessionParams$Builder;-><init>(Landroid/net/ipsec/ike/TransportModeChildSessionParams;)V,public-api,sdk,system-api,test-api
Landroid/net/ipsec/ike/TransportModeChildSessionParams$Builder;->addChildSaProposal(Landroid/net/ipsec/ike/ChildSaProposal;)Landroid/net/ipsec/ike/TransportModeChildSessionParams$Builder;,public-api,sdk,system-api,test-api
Landroid/net/ipsec/ike/TransportModeChildSessionParams$Builder;->addInboundTrafficSelectors(Landroid/net/ipsec/ike/IkeTrafficSelector;)Landroid/net/ipsec/ike/TransportModeChildSessionParams$Builder;,public-api,sdk,system-api,test-api
Landroid/net/ipsec/ike/TransportModeChildSessionParams$Builder;->addOutboundTrafficSelectors(Landroid/net/ipsec/ike/IkeTrafficSelector;)Landroid/net/ipsec/ike/TransportModeChildSessionParams$Builder;,public-api,sdk,system-api,test-api
Landroid/net/ipsec/ike/TransportModeChildSessionParams$Builder;->addSaProposal(Landroid/net/ipsec/ike/ChildSaProposal;)Landroid/net/ipsec/ike/TransportModeChildSessionParams$Builder;,sdk,system-api,test-api
Landroid/net/ipsec/ike/TransportModeChildSessionParams$Builder;->build()Landroid/net/ipsec/ike/TransportModeChildSessionParams;,public-api,sdk,system-api,test-api
Landroid/net/ipsec/ike/TransportModeChildSessionParams$Builder;->setLifetimeSeconds(II)Landroid/net/ipsec/ike/TransportModeChildSessionParams$Builder;,public-api,sdk,system-api,test-api
Landroid/net/ipsec/ike/TunnelModeChildSessionParams$Builder;-><init>()V,public-api,sdk,system-api,test-api
Landroid/net/ipsec/ike/TunnelModeChildSessionParams$Builder;-><init>(Landroid/net/ipsec/ike/TunnelModeChildSessionParams;)V,public-api,sdk,system-api,test-api
Landroid/net/ipsec/ike/TunnelModeChildSessionParams$Builder;->addChildSaProposal(Landroid/net/ipsec/ike/ChildSaProposal;)Landroid/net/ipsec/ike/TunnelModeChildSessionParams$Builder;,public-api,sdk,system-api,test-api
Landroid/net/ipsec/ike/TunnelModeChildSessionParams$Builder;->addInboundTrafficSelectors(Landroid/net/ipsec/ike/IkeTrafficSelector;)Landroid/net/ipsec/ike/TunnelModeChildSessionParams$Builder;,public-api,sdk,system-api,test-api
Landroid/net/ipsec/ike/TunnelModeChildSessionParams$Builder;->addInternalAddressRequest(I)Landroid/net/ipsec/ike/TunnelModeChildSessionParams$Builder;,public-api,sdk,system-api,test-api
Landroid/net/ipsec/ike/TunnelModeChildSessionParams$Builder;->addInternalAddressRequest(Ljava/net/Inet4Address;)Landroid/net/ipsec/ike/TunnelModeChildSessionParams$Builder;,public-api,sdk,system-api,test-api
Landroid/net/ipsec/ike/TunnelModeChildSessionParams$Builder;->addInternalAddressRequest(Ljava/net/Inet6Address;I)Landroid/net/ipsec/ike/TunnelModeChildSessionParams$Builder;,public-api,sdk,system-api,test-api
Landroid/net/ipsec/ike/TunnelModeChildSessionParams$Builder;->addInternalDhcpServerRequest(I)Landroid/net/ipsec/ike/TunnelModeChildSessionParams$Builder;,public-api,sdk,system-api,test-api
Landroid/net/ipsec/ike/TunnelModeChildSessionParams$Builder;->addInternalDnsServerRequest(I)Landroid/net/ipsec/ike/TunnelModeChildSessionParams$Builder;,public-api,sdk,system-api,test-api
Landroid/net/ipsec/ike/TunnelModeChildSessionParams$Builder;->addOutboundTrafficSelectors(Landroid/net/ipsec/ike/IkeTrafficSelector;)Landroid/net/ipsec/ike/TunnelModeChildSessionParams$Builder;,public-api,sdk,system-api,test-api
Landroid/net/ipsec/ike/TunnelModeChildSessionParams$Builder;->addSaProposal(Landroid/net/ipsec/ike/ChildSaProposal;)Landroid/net/ipsec/ike/TunnelModeChildSessionParams$Builder;,sdk,system-api,test-api
Landroid/net/ipsec/ike/TunnelModeChildSessionParams$Builder;->build()Landroid/net/ipsec/ike/TunnelModeChildSessionParams;,public-api,sdk,system-api,test-api
Landroid/net/ipsec/ike/TunnelModeChildSessionParams$Builder;->setLifetimeSeconds(II)Landroid/net/ipsec/ike/TunnelModeChildSessionParams$Builder;,public-api,sdk,system-api,test-api
Landroid/net/ipsec/ike/TunnelModeChildSessionParams$ConfigRequestIpv4Address;->getAddress()Ljava/net/Inet4Address;,public-api,sdk,system-api,test-api
Landroid/net/ipsec/ike/TunnelModeChildSessionParams$ConfigRequestIpv6Address;->getAddress()Ljava/net/Inet6Address;,public-api,sdk,system-api,test-api
Landroid/net/ipsec/ike/TunnelModeChildSessionParams$ConfigRequestIpv6Address;->getPrefixLength()I,public-api,sdk,system-api,test-api
Landroid/net/ipsec/ike/TunnelModeChildSessionParams;->equals(Ljava/lang/Object;)Z,core-platform-api,public-api,sdk,system-api,test-api
Landroid/net/ipsec/ike/TunnelModeChildSessionParams;->getConfigurationRequests()Ljava/util/List;,public-api,sdk,system-api,test-api
Landroid/net/ipsec/ike/TunnelModeChildSessionParams;->hashCode()I,core-platform-api,public-api,sdk,system-api,test-api
Landroid/net/ipsec/ike/exceptions/IkeIOException;-><init>(Ljava/io/IOException;)V,public-api,sdk,system-api,test-api
Landroid/net/ipsec/ike/exceptions/IkeIOException;->getCause()Ljava/io/IOException;,public-api,sdk,system-api,test-api
Landroid/net/ipsec/ike/exceptions/IkeIOException;->getCause()Ljava/lang/Throwable;,core-platform-api,public-api,sdk,system-api,test-api
Landroid/net/ipsec/ike/exceptions/IkeIOException;->initCause(Ljava/lang/Throwable;)Ljava/lang/Throwable;,core-platform-api,public-api,sdk,system-api,test-api
Landroid/net/ipsec/ike/exceptions/IkeInternalException;-><init>(Ljava/lang/String;Ljava/lang/Throwable;)V,public-api,sdk,system-api,test-api
Landroid/net/ipsec/ike/exceptions/IkeInternalException;-><init>(Ljava/lang/Throwable;)V,public-api,sdk,system-api,test-api
Landroid/net/ipsec/ike/exceptions/IkeNetworkLostException;-><init>(Landroid/net/Network;)V,public-api,sdk,system-api,test-api
Landroid/net/ipsec/ike/exceptions/IkeNetworkLostException;->getNetwork()Landroid/net/Network;,public-api,sdk,system-api,test-api
Landroid/net/ipsec/ike/exceptions/IkeProtocolException;->ERROR_TYPE_AUTHENTICATION_FAILED:I,public-api,sdk,system-api,test-api
Landroid/net/ipsec/ike/exceptions/IkeProtocolException;->ERROR_TYPE_CHILD_SA_NOT_FOUND:I,public-api,sdk,system-api,test-api
Landroid/net/ipsec/ike/exceptions/IkeProtocolException;->ERROR_TYPE_FAILED_CP_REQUIRED:I,public-api,sdk,system-api,test-api
Landroid/net/ipsec/ike/exceptions/IkeProtocolException;->ERROR_TYPE_INTERNAL_ADDRESS_FAILURE:I,public-api,sdk,system-api,test-api
Landroid/net/ipsec/ike/exceptions/IkeProtocolException;->ERROR_TYPE_INVALID_IKE_SPI:I,public-api,sdk,system-api,test-api
Landroid/net/ipsec/ike/exceptions/IkeProtocolException;->ERROR_TYPE_INVALID_KE_PAYLOAD:I,public-api,sdk,system-api,test-api
Landroid/net/ipsec/ike/exceptions/IkeProtocolException;->ERROR_TYPE_INVALID_MAJOR_VERSION:I,public-api,sdk,system-api,test-api
Landroid/net/ipsec/ike/exceptions/IkeProtocolException;->ERROR_TYPE_INVALID_MESSAGE_ID:I,public-api,sdk,system-api,test-api
Landroid/net/ipsec/ike/exceptions/IkeProtocolException;->ERROR_TYPE_INVALID_SELECTORS:I,public-api,sdk,system-api,test-api
Landroid/net/ipsec/ike/exceptions/IkeProtocolException;->ERROR_TYPE_INVALID_SYNTAX:I,public-api,sdk,system-api,test-api
Landroid/net/ipsec/ike/exceptions/IkeProtocolException;->ERROR_TYPE_NO_ADDITIONAL_SAS:I,public-api,sdk,system-api,test-api
Landroid/net/ipsec/ike/exceptions/IkeProtocolException;->ERROR_TYPE_NO_PROPOSAL_CHOSEN:I,public-api,sdk,system-api,test-api
Landroid/net/ipsec/ike/exceptions/IkeProtocolException;->ERROR_TYPE_SINGLE_PAIR_REQUIRED:I,public-api,sdk,system-api,test-api
Landroid/net/ipsec/ike/exceptions/IkeProtocolException;->ERROR_TYPE_TEMPORARY_FAILURE:I,public-api,sdk,system-api,test-api
Landroid/net/ipsec/ike/exceptions/IkeProtocolException;->ERROR_TYPE_TS_UNACCEPTABLE:I,public-api,sdk,system-api,test-api
Landroid/net/ipsec/ike/exceptions/IkeProtocolException;->ERROR_TYPE_UNSUPPORTED_CRITICAL_PAYLOAD:I,public-api,sdk,system-api,test-api
Landroid/net/ipsec/ike/exceptions/IkeProtocolException;->getErrorData()[B,sdk,system-api,test-api
Landroid/net/ipsec/ike/exceptions/IkeProtocolException;->getErrorType()I,public-api,sdk,system-api,test-api
Landroid/net/ipsec/ike/exceptions/IkeTimeoutException;-><init>(Ljava/lang/String;)V,public-api,sdk,system-api,test-api
Landroid/net/ipsec/ike/exceptions/InvalidKeException;-><init>(I)V,public-api,sdk,system-api,test-api
Landroid/net/ipsec/ike/exceptions/InvalidKeException;->getDhGroup()I,public-api,sdk,system-api,test-api
Landroid/net/ipsec/ike/exceptions/InvalidMajorVersionException;-><init>(B)V,public-api,sdk,system-api,test-api
Landroid/net/ipsec/ike/exceptions/InvalidMajorVersionException;->getMajorVersion()B,public-api,sdk,system-api,test-api
Landroid/net/ipsec/ike/exceptions/InvalidSelectorsException;-><init>(I[B)V,public-api,sdk,system-api,test-api
Landroid/net/ipsec/ike/exceptions/InvalidSelectorsException;->getIpSecPacketInfo()[B,public-api,sdk,system-api,test-api
Landroid/net/ipsec/ike/exceptions/InvalidSelectorsException;->getIpSecSpi()I,public-api,sdk,system-api,test-api
Landroid/net/ipsec/ike/ike3gpp/Ike3gppBackoffTimer;-><init>(BI)V,sdk,system-api,test-api
Landroid/net/ipsec/ike/ike3gpp/Ike3gppBackoffTimer;->ERROR_TYPE_NETWORK_FAILURE:I,sdk,system-api,test-api
Landroid/net/ipsec/ike/ike3gpp/Ike3gppBackoffTimer;->ERROR_TYPE_NO_APN_SUBSCRIPTION:I,sdk,system-api,test-api
Landroid/net/ipsec/ike/ike3gpp/Ike3gppBackoffTimer;->getBackoffCause()I,sdk,system-api,test-api
Landroid/net/ipsec/ike/ike3gpp/Ike3gppBackoffTimer;->getBackoffTimer()B,sdk,system-api,test-api
Landroid/net/ipsec/ike/ike3gpp/Ike3gppBackoffTimer;->getDataType()I,sdk,system-api,test-api
Landroid/net/ipsec/ike/ike3gpp/Ike3gppData;->DATA_TYPE_NOTIFY_BACKOFF_TIMER:I,sdk,system-api,test-api
Landroid/net/ipsec/ike/ike3gpp/Ike3gppData;->DATA_TYPE_NOTIFY_N1_MODE_INFORMATION:I,sdk,system-api,test-api
Landroid/net/ipsec/ike/ike3gpp/Ike3gppData;->getDataType()I,sdk,system-api,test-api
Landroid/net/ipsec/ike/ike3gpp/Ike3gppExtension$Ike3gppDataListener;->onIke3gppDataReceived(Ljava/util/List;)V,sdk,system-api,test-api
Landroid/net/ipsec/ike/ike3gpp/Ike3gppExtension;-><init>(Landroid/net/ipsec/ike/ike3gpp/Ike3gppParams;Landroid/net/ipsec/ike/ike3gpp/Ike3gppExtension$Ike3gppDataListener;)V,sdk,system-api,test-api
Landroid/net/ipsec/ike/ike3gpp/Ike3gppExtension;->equals(Ljava/lang/Object;)Z,core-platform-api,public-api,sdk,system-api,test-api
Landroid/net/ipsec/ike/ike3gpp/Ike3gppExtension;->getIke3gppDataListener()Landroid/net/ipsec/ike/ike3gpp/Ike3gppExtension$Ike3gppDataListener;,sdk,system-api,test-api
Landroid/net/ipsec/ike/ike3gpp/Ike3gppExtension;->getIke3gppParams()Landroid/net/ipsec/ike/ike3gpp/Ike3gppParams;,sdk,system-api,test-api
Landroid/net/ipsec/ike/ike3gpp/Ike3gppExtension;->hashCode()I,core-platform-api,public-api,sdk,system-api,test-api
Landroid/net/ipsec/ike/ike3gpp/Ike3gppN1ModeInformation;-><init>([B)V,sdk,system-api,test-api
Landroid/net/ipsec/ike/ike3gpp/Ike3gppN1ModeInformation;->getDataType()I,sdk,system-api,test-api
Landroid/net/ipsec/ike/ike3gpp/Ike3gppN1ModeInformation;->getSnssai()[B,sdk,system-api,test-api
Landroid/net/ipsec/ike/ike3gpp/Ike3gppParams$Builder;-><init>()V,sdk,system-api,test-api
Landroid/net/ipsec/ike/ike3gpp/Ike3gppParams$Builder;->build()Landroid/net/ipsec/ike/ike3gpp/Ike3gppParams;,sdk,system-api,test-api
Landroid/net/ipsec/ike/ike3gpp/Ike3gppParams$Builder;->setMobileDeviceIdentity(Ljava/lang/String;)Landroid/net/ipsec/ike/ike3gpp/Ike3gppParams$Builder;,sdk,system-api,test-api
Landroid/net/ipsec/ike/ike3gpp/Ike3gppParams$Builder;->setPduSessionId(B)Landroid/net/ipsec/ike/ike3gpp/Ike3gppParams$Builder;,sdk,system-api,test-api
Landroid/net/ipsec/ike/ike3gpp/Ike3gppParams;->PDU_SESSION_ID_UNSET:B,sdk,system-api,test-api
Landroid/net/ipsec/ike/ike3gpp/Ike3gppParams;->equals(Ljava/lang/Object;)Z,core-platform-api,public-api,sdk,system-api,test-api
Landroid/net/ipsec/ike/ike3gpp/Ike3gppParams;->getMobileDeviceIdentity()Ljava/lang/String;,sdk,system-api,test-api
Landroid/net/ipsec/ike/ike3gpp/Ike3gppParams;->getPduSessionId()B,sdk,system-api,test-api
Landroid/net/ipsec/ike/ike3gpp/Ike3gppParams;->hashCode()I,core-platform-api,public-api,sdk,system-api,test-api
Landroid/net/ipsec/ike/ike3gpp/Ike3gppParams;->toString()Ljava/lang/String;,core-platform-api,public-api,sdk,system-api,test-api
Lcom/android/internal/net/eap/EapAuthenticator$$ExternalSyntheticLambda0;->run()V,core-platform-api,public-api,sdk,system-api,test-api
Lcom/android/internal/net/eap/EapAuthenticator$$ExternalSyntheticLambda1;->run()V,core-platform-api,public-api,sdk,system-api,test-api
Lcom/android/internal/net/eap/EapAuthenticator$$ExternalSyntheticLambda2;->run()V,core-platform-api,public-api,sdk,system-api,test-api
Lcom/android/internal/net/eap/EapAuthenticator;->handleMessage(Landroid/os/Message;)V,public-api,sdk,system-api,test-api
Lcom/android/internal/net/eap/EapSimAkaIdentityTracker$1;->removeEldestEntry(Ljava/util/Map$Entry;)Z,core-platform-api,public-api,sdk,system-api,test-api
Lcom/android/internal/net/eap/message/EapData;->equals(Ljava/lang/Object;)Z,core-platform-api,public-api,sdk,system-api,test-api
Lcom/android/internal/net/eap/message/EapData;->hashCode()I,core-platform-api,public-api,sdk,system-api,test-api
Lcom/android/internal/net/eap/message/simaka/EapSimAkaAttribute$AtNotification;->toString()Ljava/lang/String;,core-platform-api,public-api,sdk,system-api,test-api
Lcom/android/internal/net/eap/statemachine/EapSimMethodStateMachine$ChallengeState$RandChallengeResult;->equals(Ljava/lang/Object;)Z,core-platform-api,public-api,sdk,system-api,test-api
Lcom/android/internal/net/eap/statemachine/EapSimMethodStateMachine$ChallengeState$RandChallengeResult;->hashCode()I,core-platform-api,public-api,sdk,system-api,test-api
Lcom/android/internal/net/ipsec/ike/ChildSessionStateMachine$$ExternalSyntheticLambda0;->run()V,core-platform-api,public-api,sdk,system-api,test-api
Lcom/android/internal/net/ipsec/ike/ChildSessionStateMachine$$ExternalSyntheticLambda1;->run()V,core-platform-api,public-api,sdk,system-api,test-api
Lcom/android/internal/net/ipsec/ike/ChildSessionStateMachine$CreateChildLocalCreateBase$$ExternalSyntheticLambda0;->run()V,core-platform-api,public-api,sdk,system-api,test-api
Lcom/android/internal/net/ipsec/ike/ChildSessionStateMachine$DeleteResponderBase$$ExternalSyntheticLambda0;->run()V,core-platform-api,public-api,sdk,system-api,test-api
Lcom/android/internal/net/ipsec/ike/ChildSessionStateMachine$ExceptionHandler$$ExternalSyntheticLambda0;->run()V,core-platform-api,public-api,sdk,system-api,test-api
Lcom/android/internal/net/ipsec/ike/ChildSessionStateMachine$Initial$$ExternalSyntheticLambda0;->run()V,core-platform-api,public-api,sdk,system-api,test-api
Lcom/android/internal/net/ipsec/ike/ChildSessionStateMachine$KillChildSessionParent$$ExternalSyntheticLambda0;->run()V,core-platform-api,public-api,sdk,system-api,test-api
Lcom/android/internal/net/ipsec/ike/ChildSessionStateMachine$MobikeRekeyChildLocalCreate$$ExternalSyntheticLambda0;->run()V,core-platform-api,public-api,sdk,system-api,test-api
Lcom/android/internal/net/ipsec/ike/ChildSessionStateMachine$OnIpSecSaPairCreatedRunnable;->run()V,core-platform-api,public-api,sdk,system-api,test-api
Lcom/android/internal/net/ipsec/ike/ChildSessionStateMachine$OnIpSecSaPairDeletedRunnable;->run()V,core-platform-api,public-api,sdk,system-api,test-api
Lcom/android/internal/net/ipsec/ike/ChildSessionStateMachine$RekeyChildRemoteCreate$$ExternalSyntheticLambda0;->run()V,core-platform-api,public-api,sdk,system-api,test-api
Lcom/android/internal/net/ipsec/ike/ChildSessionStateMachine$RekeyChildRemoteDelete$$ExternalSyntheticLambda0;->run()V,core-platform-api,public-api,sdk,system-api,test-api
Lcom/android/internal/net/ipsec/ike/IkeLocalRequestScheduler$LocalRequestComparator;->compare(Ljava/lang/Object;Ljava/lang/Object;)I,core-platform-api,public-api,sdk,system-api,test-api
Lcom/android/internal/net/ipsec/ike/IkeSessionStateMachine$$ExternalSyntheticLambda0;->run()V,core-platform-api,public-api,sdk,system-api,test-api
Lcom/android/internal/net/ipsec/ike/IkeSessionStateMachine$$ExternalSyntheticLambda1;->run()V,core-platform-api,public-api,sdk,system-api,test-api
Lcom/android/internal/net/ipsec/ike/IkeSessionStateMachine$$ExternalSyntheticLambda2;->run()V,core-platform-api,public-api,sdk,system-api,test-api
Lcom/android/internal/net/ipsec/ike/IkeSessionStateMachine$CreateIkeLocalIkeAuthFirstAndLastExchangeBase$$ExternalSyntheticLambda0;->run()V,core-platform-api,public-api,sdk,system-api,test-api
Lcom/android/internal/net/ipsec/ike/IkeSessionStateMachine$DeleteIkeLocalDelete$$ExternalSyntheticLambda0;->run()V,core-platform-api,public-api,sdk,system-api,test-api
Lcom/android/internal/net/ipsec/ike/IkeSessionStateMachine$DeleteResponderBase$$ExternalSyntheticLambda0;->run()V,core-platform-api,public-api,sdk,system-api,test-api
Lcom/android/internal/net/ipsec/ike/IkeSessionStateMachine$ExceptionHandler$$ExternalSyntheticLambda0;->run()V,core-platform-api,public-api,sdk,system-api,test-api
Lcom/android/internal/net/ipsec/ike/IkeSessionStateMachine$KillIkeSessionParent$$ExternalSyntheticLambda0;->run()V,core-platform-api,public-api,sdk,system-api,test-api
Lcom/android/internal/net/ipsec/ike/IkeSessionStateMachine$MobikeLocalInfo$$ExternalSyntheticLambda0;->run()V,core-platform-api,public-api,sdk,system-api,test-api
Lcom/android/internal/net/ipsec/ike/IkeSessionStateMachine$TempFailureHandler$$ExternalSyntheticLambda0;->run()V,core-platform-api,public-api,sdk,system-api,test-api
Lcom/android/internal/net/ipsec/ike/IkeSessionStateMachine$TempFailureHandler;->handleMessage(Landroid/os/Message;)V,public-api,sdk,system-api,test-api
Lcom/android/internal/net/ipsec/ike/IkeSocket$$ExternalSyntheticLambda0;->run()V,core-platform-api,public-api,sdk,system-api,test-api
Lcom/android/internal/net/ipsec/ike/IkeSocket$$ExternalSyntheticLambda1;->run()V,core-platform-api,public-api,sdk,system-api,test-api
Lcom/android/internal/net/ipsec/ike/IkeSocket;->close()V,core-platform-api,public-api,sdk,system-api,test-api
Lcom/android/internal/net/ipsec/ike/IkeSocketConfig;->equals(Ljava/lang/Object;)Z,core-platform-api,public-api,sdk,system-api,test-api
Lcom/android/internal/net/ipsec/ike/IkeSocketConfig;->hashCode()I,core-platform-api,public-api,sdk,system-api,test-api
Lcom/android/internal/net/ipsec/ike/IkeUdp4Socket;->close()V,core-platform-api,public-api,sdk,system-api,test-api
Lcom/android/internal/net/ipsec/ike/IkeUdp6Socket;->close()V,core-platform-api,public-api,sdk,system-api,test-api
Lcom/android/internal/net/ipsec/ike/IkeUdp6WithEncapPortSocket;->close()V,core-platform-api,public-api,sdk,system-api,test-api
Lcom/android/internal/net/ipsec/ike/IkeUdpEncapSocket;->close()V,core-platform-api,public-api,sdk,system-api,test-api
Lcom/android/internal/net/ipsec/ike/IkeUdpSocket;->close()V,core-platform-api,public-api,sdk,system-api,test-api
Lcom/android/internal/net/ipsec/ike/SaRecord$ChildSaRecord;->close()V,core-platform-api,public-api,sdk,system-api,test-api
Lcom/android/internal/net/ipsec/ike/SaRecord$ChildSaRecord;->compareTo(Ljava/lang/Object;)I,core-platform-api,public-api,sdk,system-api,test-api
Lcom/android/internal/net/ipsec/ike/SaRecord$IkeSaRecord;->close()V,core-platform-api,public-api,sdk,system-api,test-api
Lcom/android/internal/net/ipsec/ike/SaRecord$IkeSaRecord;->compareTo(Ljava/lang/Object;)I,core-platform-api,public-api,sdk,system-api,test-api
Lcom/android/internal/net/ipsec/ike/SaRecord;->close()V,core-platform-api,public-api,sdk,system-api,test-api
Lcom/android/internal/net/ipsec/ike/SaRecord;->finalize()V,core-platform-api,public-api,sdk,system-api,test-api
Lcom/android/internal/net/ipsec/ike/ike3gpp/Ike3gppExchangeBase$$ExternalSyntheticLambda0;->run()V,core-platform-api,public-api,sdk,system-api,test-api
Lcom/android/internal/net/ipsec/ike/ike3gpp/Ike3gppExtensionExchange;->close()V,core-platform-api,public-api,sdk,system-api,test-api
Lcom/android/internal/net/ipsec/ike/keepalive/HardwareKeepaliveImpl$MySocketKeepaliveCb;->onError(I)V,public-api,sdk,system-api,test-api
Lcom/android/internal/net/ipsec/ike/keepalive/HardwareKeepaliveImpl$MySocketKeepaliveCb;->onStopped()V,public-api,sdk,system-api,test-api
Lcom/android/internal/net/ipsec/ike/message/IkeConfigPayload$ConfigAttribute;->equals(Ljava/lang/Object;)Z,core-platform-api,public-api,sdk,system-api,test-api
Lcom/android/internal/net/ipsec/ike/message/IkeConfigPayload$ConfigAttribute;->hashCode()I,core-platform-api,public-api,sdk,system-api,test-api
Lcom/android/internal/net/ipsec/ike/message/IkeConfigPayload$ConfigAttributeAppVersion;->equals(Ljava/lang/Object;)Z,core-platform-api,public-api,sdk,system-api,test-api
Lcom/android/internal/net/ipsec/ike/message/IkeConfigPayload$ConfigAttributeAppVersion;->hashCode()I,core-platform-api,public-api,sdk,system-api,test-api
Lcom/android/internal/net/ipsec/ike/message/IkeConfigPayload$ConfigAttributeIpv4Address;->equals(Ljava/lang/Object;)Z,core-platform-api,public-api,sdk,system-api,test-api
Lcom/android/internal/net/ipsec/ike/message/IkeConfigPayload$ConfigAttributeIpv4Address;->getAddress()Ljava/net/Inet4Address;,public-api,sdk,system-api,test-api
Lcom/android/internal/net/ipsec/ike/message/IkeConfigPayload$ConfigAttributeIpv4Address;->hashCode()I,core-platform-api,public-api,sdk,system-api,test-api
Lcom/android/internal/net/ipsec/ike/message/IkeConfigPayload$ConfigAttributeIpv4Dhcp;->equals(Ljava/lang/Object;)Z,core-platform-api,public-api,sdk,system-api,test-api
Lcom/android/internal/net/ipsec/ike/message/IkeConfigPayload$ConfigAttributeIpv4Dhcp;->hashCode()I,core-platform-api,public-api,sdk,system-api,test-api
Lcom/android/internal/net/ipsec/ike/message/IkeConfigPayload$ConfigAttributeIpv4Dns;->equals(Ljava/lang/Object;)Z,core-platform-api,public-api,sdk,system-api,test-api
Lcom/android/internal/net/ipsec/ike/message/IkeConfigPayload$ConfigAttributeIpv4Dns;->hashCode()I,core-platform-api,public-api,sdk,system-api,test-api
Lcom/android/internal/net/ipsec/ike/message/IkeConfigPayload$ConfigAttributeIpv4Netmask;->equals(Ljava/lang/Object;)Z,core-platform-api,public-api,sdk,system-api,test-api
Lcom/android/internal/net/ipsec/ike/message/IkeConfigPayload$ConfigAttributeIpv4Netmask;->hashCode()I,core-platform-api,public-api,sdk,system-api,test-api
Lcom/android/internal/net/ipsec/ike/message/IkeConfigPayload$ConfigAttributeIpv4Pcscf;->equals(Ljava/lang/Object;)Z,core-platform-api,public-api,sdk,system-api,test-api
Lcom/android/internal/net/ipsec/ike/message/IkeConfigPayload$ConfigAttributeIpv4Pcscf;->getAddress()Ljava/net/Inet4Address;,sdk,system-api,test-api
Lcom/android/internal/net/ipsec/ike/message/IkeConfigPayload$ConfigAttributeIpv4Pcscf;->hashCode()I,core-platform-api,public-api,sdk,system-api,test-api
Lcom/android/internal/net/ipsec/ike/message/IkeConfigPayload$ConfigAttributeIpv4Subnet;->equals(Ljava/lang/Object;)Z,core-platform-api,public-api,sdk,system-api,test-api
Lcom/android/internal/net/ipsec/ike/message/IkeConfigPayload$ConfigAttributeIpv4Subnet;->hashCode()I,core-platform-api,public-api,sdk,system-api,test-api
Lcom/android/internal/net/ipsec/ike/message/IkeConfigPayload$ConfigAttributeIpv6Address;->equals(Ljava/lang/Object;)Z,core-platform-api,public-api,sdk,system-api,test-api
Lcom/android/internal/net/ipsec/ike/message/IkeConfigPayload$ConfigAttributeIpv6Address;->getAddress()Ljava/net/Inet6Address;,public-api,sdk,system-api,test-api
Lcom/android/internal/net/ipsec/ike/message/IkeConfigPayload$ConfigAttributeIpv6Address;->getPrefixLength()I,public-api,sdk,system-api,test-api
Lcom/android/internal/net/ipsec/ike/message/IkeConfigPayload$ConfigAttributeIpv6Address;->hashCode()I,core-platform-api,public-api,sdk,system-api,test-api
Lcom/android/internal/net/ipsec/ike/message/IkeConfigPayload$ConfigAttributeIpv6Dns;->equals(Ljava/lang/Object;)Z,core-platform-api,public-api,sdk,system-api,test-api
Lcom/android/internal/net/ipsec/ike/message/IkeConfigPayload$ConfigAttributeIpv6Dns;->hashCode()I,core-platform-api,public-api,sdk,system-api,test-api
Lcom/android/internal/net/ipsec/ike/message/IkeConfigPayload$ConfigAttributeIpv6Pcscf;->equals(Ljava/lang/Object;)Z,core-platform-api,public-api,sdk,system-api,test-api
Lcom/android/internal/net/ipsec/ike/message/IkeConfigPayload$ConfigAttributeIpv6Pcscf;->getAddress()Ljava/net/Inet6Address;,sdk,system-api,test-api
Lcom/android/internal/net/ipsec/ike/message/IkeConfigPayload$ConfigAttributeIpv6Pcscf;->hashCode()I,core-platform-api,public-api,sdk,system-api,test-api
Lcom/android/internal/net/ipsec/ike/message/IkeConfigPayload$ConfigAttributeIpv6Subnet;->equals(Ljava/lang/Object;)Z,core-platform-api,public-api,sdk,system-api,test-api
Lcom/android/internal/net/ipsec/ike/message/IkeConfigPayload$ConfigAttributeIpv6Subnet;->hashCode()I,core-platform-api,public-api,sdk,system-api,test-api
Lcom/android/internal/net/ipsec/ike/message/IkeConfigPayload$IkeConfigAttrIpv4AddressBase;->equals(Ljava/lang/Object;)Z,core-platform-api,public-api,sdk,system-api,test-api
Lcom/android/internal/net/ipsec/ike/message/IkeConfigPayload$IkeConfigAttrIpv4AddressBase;->hashCode()I,core-platform-api,public-api,sdk,system-api,test-api
Lcom/android/internal/net/ipsec/ike/message/IkeConfigPayload$IkeConfigAttrIpv6AddressBase;->equals(Ljava/lang/Object;)Z,core-platform-api,public-api,sdk,system-api,test-api
Lcom/android/internal/net/ipsec/ike/message/IkeConfigPayload$IkeConfigAttrIpv6AddressBase;->hashCode()I,core-platform-api,public-api,sdk,system-api,test-api
Lcom/android/internal/net/ipsec/ike/message/IkeConfigPayload$TunnelModeChildConfigAttrIpv4AddressBase;->equals(Ljava/lang/Object;)Z,core-platform-api,public-api,sdk,system-api,test-api
Lcom/android/internal/net/ipsec/ike/message/IkeConfigPayload$TunnelModeChildConfigAttrIpv4AddressBase;->hashCode()I,core-platform-api,public-api,sdk,system-api,test-api
Lcom/android/internal/net/ipsec/ike/message/IkeConfigPayload$TunnelModeChildConfigAttrIpv6AddrRangeBase;->equals(Ljava/lang/Object;)Z,core-platform-api,public-api,sdk,system-api,test-api
Lcom/android/internal/net/ipsec/ike/message/IkeConfigPayload$TunnelModeChildConfigAttrIpv6AddrRangeBase;->hashCode()I,core-platform-api,public-api,sdk,system-api,test-api
Lcom/android/internal/net/ipsec/ike/message/IkeConfigPayload$TunnelModeChildConfigAttrIpv6AddressBase;->equals(Ljava/lang/Object;)Z,core-platform-api,public-api,sdk,system-api,test-api
Lcom/android/internal/net/ipsec/ike/message/IkeConfigPayload$TunnelModeChildConfigAttrIpv6AddressBase;->hashCode()I,core-platform-api,public-api,sdk,system-api,test-api
Lcom/android/internal/net/ipsec/ike/message/IkeSaPayload$DhGroupTransform;->equals(Ljava/lang/Object;)Z,core-platform-api,public-api,sdk,system-api,test-api
Lcom/android/internal/net/ipsec/ike/message/IkeSaPayload$DhGroupTransform;->hashCode()I,core-platform-api,public-api,sdk,system-api,test-api
Lcom/android/internal/net/ipsec/ike/message/IkeSaPayload$DhGroupTransform;->toString()Ljava/lang/String;,core-platform-api,public-api,sdk,system-api,test-api
Lcom/android/internal/net/ipsec/ike/message/IkeSaPayload$EncryptionTransform;->equals(Ljava/lang/Object;)Z,core-platform-api,public-api,sdk,system-api,test-api
Lcom/android/internal/net/ipsec/ike/message/IkeSaPayload$EncryptionTransform;->hashCode()I,core-platform-api,public-api,sdk,system-api,test-api
Lcom/android/internal/net/ipsec/ike/message/IkeSaPayload$EncryptionTransform;->toString()Ljava/lang/String;,core-platform-api,public-api,sdk,system-api,test-api
Lcom/android/internal/net/ipsec/ike/message/IkeSaPayload$EsnTransform;->equals(Ljava/lang/Object;)Z,core-platform-api,public-api,sdk,system-api,test-api
Lcom/android/internal/net/ipsec/ike/message/IkeSaPayload$EsnTransform;->hashCode()I,core-platform-api,public-api,sdk,system-api,test-api
Lcom/android/internal/net/ipsec/ike/message/IkeSaPayload$EsnTransform;->toString()Ljava/lang/String;,core-platform-api,public-api,sdk,system-api,test-api
Lcom/android/internal/net/ipsec/ike/message/IkeSaPayload$IntegrityTransform;->equals(Ljava/lang/Object;)Z,core-platform-api,public-api,sdk,system-api,test-api
Lcom/android/internal/net/ipsec/ike/message/IkeSaPayload$IntegrityTransform;->hashCode()I,core-platform-api,public-api,sdk,system-api,test-api
Lcom/android/internal/net/ipsec/ike/message/IkeSaPayload$IntegrityTransform;->toString()Ljava/lang/String;,core-platform-api,public-api,sdk,system-api,test-api
Lcom/android/internal/net/ipsec/ike/message/IkeSaPayload$PrfTransform;->equals(Ljava/lang/Object;)Z,core-platform-api,public-api,sdk,system-api,test-api
Lcom/android/internal/net/ipsec/ike/message/IkeSaPayload$PrfTransform;->hashCode()I,core-platform-api,public-api,sdk,system-api,test-api
Lcom/android/internal/net/ipsec/ike/message/IkeSaPayload$PrfTransform;->toString()Ljava/lang/String;,core-platform-api,public-api,sdk,system-api,test-api
Lcom/android/internal/net/ipsec/ike/message/IkeSaPayload$Proposal;->toString()Ljava/lang/String;,core-platform-api,public-api,sdk,system-api,test-api
Lcom/android/internal/net/ipsec/ike/message/IkeSaPayload;->toString()Ljava/lang/String;,core-platform-api,public-api,sdk,system-api,test-api
Lcom/android/internal/net/ipsec/ike/net/IkeConnectionController$$ExternalSyntheticLambda0;->run()V,core-platform-api,public-api,sdk,system-api,test-api
Lcom/android/internal/net/ipsec/ike/net/IkeConnectionController$$ExternalSyntheticLambda1;->run()V,core-platform-api,public-api,sdk,system-api,test-api
Lcom/android/internal/net/ipsec/ike/net/IkeConnectionController$$ExternalSyntheticLambda2;->run()V,core-platform-api,public-api,sdk,system-api,test-api
Lcom/android/internal/net/ipsec/ike/net/IkeConnectionController$$ExternalSyntheticLambda3;->run()V,core-platform-api,public-api,sdk,system-api,test-api
Lcom/android/internal/net/ipsec/ike/net/IkeConnectionController$Ipv6AddrInfo;->toString()Ljava/lang/String;,core-platform-api,public-api,sdk,system-api,test-api
Lcom/android/internal/net/ipsec/ike/net/IkeDefaultNetworkCallback;->onAvailable(Landroid/net/Network;)V,public-api,sdk,system-api,test-api
Lcom/android/internal/net/ipsec/ike/net/IkeDefaultNetworkCallback;->onCapabilitiesChanged(Landroid/net/Network;Landroid/net/NetworkCapabilities;)V,public-api,sdk,system-api,test-api
Lcom/android/internal/net/ipsec/ike/net/IkeDefaultNetworkCallback;->onLinkPropertiesChanged(Landroid/net/Network;Landroid/net/LinkProperties;)V,public-api,sdk,system-api,test-api
Lcom/android/internal/net/ipsec/ike/net/IkeNetworkCallbackBase;->onLost(Landroid/net/Network;)V,public-api,sdk,system-api,test-api
Lcom/android/internal/net/ipsec/ike/net/IkeSpecificNetworkCallback;->onCapabilitiesChanged(Landroid/net/Network;Landroid/net/NetworkCapabilities;)V,public-api,sdk,system-api,test-api
Lcom/android/internal/net/ipsec/ike/net/IkeSpecificNetworkCallback;->onLinkPropertiesChanged(Landroid/net/Network;Landroid/net/LinkProperties;)V,public-api,sdk,system-api,test-api
Lcom/android/internal/net/ipsec/ike/testmode/DeterministicSecureRandom;->generateSeed(I)[B,core-platform-api,public-api,sdk,system-api,test-api
Lcom/android/internal/net/ipsec/ike/testmode/DeterministicSecureRandom;->getAlgorithm()Ljava/lang/String;,core-platform-api,public-api,sdk,system-api,test-api
Lcom/android/internal/net/ipsec/ike/testmode/DeterministicSecureRandom;->nextBytes([B)V,core-platform-api,public-api,sdk,system-api,test-api
Lcom/android/internal/net/ipsec/ike/testmode/DeterministicSecureRandom;->setSeed(J)V,core-platform-api,public-api,sdk,system-api,test-api
Lcom/android/internal/net/ipsec/ike/testmode/DeterministicSecureRandom;->setSeed([B)V,core-platform-api,public-api,sdk,system-api,test-api
Lcom/android/internal/net/ipsec/ike/utils/FdEventsReader$$ExternalSyntheticLambda0;->onFileDescriptorEvents(Ljava/io/FileDescriptor;I)I,public-api,sdk,system-api,test-api
Lcom/android/internal/net/ipsec/ike/utils/FdEventsReader$$ExternalSyntheticLambda1;->run()V,core-platform-api,public-api,sdk,system-api,test-api
Lcom/android/internal/net/ipsec/ike/utils/FdEventsReader$$ExternalSyntheticLambda2;->run()V,core-platform-api,public-api,sdk,system-api,test-api
Lcom/android/internal/net/ipsec/ike/utils/IkeAlarmReceiver;->onReceive(Landroid/content/Context;Landroid/content/Intent;)V,public-api,sdk,system-api,test-api
Lcom/android/internal/net/ipsec/ike/utils/IkeSecurityParameterIndex;->close()V,core-platform-api,public-api,sdk,system-api,test-api
Lcom/android/internal/net/ipsec/ike/utils/IkeSecurityParameterIndex;->finalize()V,core-platform-api,public-api,sdk,system-api,test-api
Lcom/android/internal/net/ipsec/ike/utils/StateMachine$LogRec;->toString()Ljava/lang/String;,core-platform-api,public-api,sdk,system-api,test-api
Lcom/android/internal/net/ipsec/ike/utils/StateMachine$SmHandler$$ExternalSyntheticLambda0;->test(Ljava/lang/Object;)Z,core-platform-api,public-api,sdk,system-api,test-api
Lcom/android/internal/net/ipsec/ike/utils/StateMachine$SmHandler$StateInfo;->toString()Ljava/lang/String;,core-platform-api,public-api,sdk,system-api,test-api
Lcom/android/internal/net/ipsec/ike/utils/StateMachine$SmHandler;->handleMessage(Landroid/os/Message;)V,public-api,sdk,system-api,test-api
Lcom/android/internal/net/ipsec/ike/utils/StateMachine;->toString()Ljava/lang/String;,core-platform-api,public-api,sdk,system-api,test-api
Lcom/android/internal/net/ipsec/ike/utils/WakeupMessage;->onAlarm()V,public-api,sdk,system-api,test-api
Lcom/android/internal/net/vcn/util/PersistableBundleUtils$PersistableBundleWrapper;->equals(Ljava/lang/Object;)Z,core-platform-api,public-api,sdk,system-api,test-api
Lcom/android/internal/net/vcn/util/PersistableBundleUtils$PersistableBundleWrapper;->hashCode()I,core-platform-api,public-api,sdk,system-api,test-api
Lcom/android/internal/net/vcn/util/PersistableBundleUtils$PersistableBundleWrapper;->toString()Ljava/lang/String;,core-platform-api,public-api,sdk,system-api,test-api
