Landroid/app/StatsManager$PullAtomCallbackInternal$$ExternalSyntheticLambda0;-><init>(Landroid/app/StatsManager$PullAtomCallbackInternal;ILandroid/os/IPullAtomResultReceiver;)V,blocked
Landroid/app/StatsManager$PullAtomCallbackInternal$$ExternalSyntheticLambda0;->f$0:Landroid/app/StatsManager$PullAtomCallbackInternal;,blocked
Landroid/app/StatsManager$PullAtomCallbackInternal$$ExternalSyntheticLambda0;->f$1:I,blocked
Landroid/app/StatsManager$PullAtomCallbackInternal$$ExternalSyntheticLambda0;->f$2:Landroid/os/IPullAtomResultReceiver;,blocked
Landroid/app/StatsManager$PullAtomCallbackInternal$$ExternalSyntheticLambda0;->run()V,core-platform-api,public-api,sdk,system-api,test-api
Landroid/app/StatsManager$PullAtomCallbackInternal;-><init>(ILandroid/app/StatsManager$StatsPullAtomCallback;Ljava/util/concurrent/Executor;)V,blocked
Landroid/app/StatsManager$PullAtomCallbackInternal;->lambda$onPullAtom$0$StatsManager$PullAtomCallbackInternal(ILandroid/os/IPullAtomResultReceiver;)V,blocked
Landroid/app/StatsManager$PullAtomCallbackInternal;->mAtomId:I,blocked
Landroid/app/StatsManager$PullAtomCallbackInternal;->mCallback:Landroid/app/StatsManager$StatsPullAtomCallback;,blocked
Landroid/app/StatsManager$PullAtomCallbackInternal;->mExecutor:Ljava/util/concurrent/Executor;,blocked
Landroid/app/StatsManager$PullAtomCallbackInternal;->onPullAtom(ILandroid/os/IPullAtomResultReceiver;)V,blocked
Landroid/app/StatsManager$PullAtomMetadata$Builder;-><init>()V,sdk,system-api,test-api
Landroid/app/StatsManager$PullAtomMetadata$Builder;->build()Landroid/app/StatsManager$PullAtomMetadata;,sdk,system-api,test-api
Landroid/app/StatsManager$PullAtomMetadata$Builder;->mAdditiveFields:[I,blocked
Landroid/app/StatsManager$PullAtomMetadata$Builder;->mCoolDownMillis:J,blocked
Landroid/app/StatsManager$PullAtomMetadata$Builder;->mTimeoutMillis:J,blocked
Landroid/app/StatsManager$PullAtomMetadata$Builder;->setAdditiveFields([I)Landroid/app/StatsManager$PullAtomMetadata$Builder;,sdk,system-api,test-api
Landroid/app/StatsManager$PullAtomMetadata$Builder;->setCoolDownMillis(J)Landroid/app/StatsManager$PullAtomMetadata$Builder;,sdk,system-api,test-api
Landroid/app/StatsManager$PullAtomMetadata$Builder;->setTimeoutMillis(J)Landroid/app/StatsManager$PullAtomMetadata$Builder;,sdk,system-api,test-api
Landroid/app/StatsManager$PullAtomMetadata;-><init>(JJ[I)V,blocked
Landroid/app/StatsManager$PullAtomMetadata;-><init>(JJ[ILandroid/app/StatsManager$1;)V,blocked
Landroid/app/StatsManager$PullAtomMetadata;->access$000(Landroid/app/StatsManager$PullAtomMetadata;)J,blocked
Landroid/app/StatsManager$PullAtomMetadata;->access$100(Landroid/app/StatsManager$PullAtomMetadata;)J,blocked
Landroid/app/StatsManager$PullAtomMetadata;->access$200(Landroid/app/StatsManager$PullAtomMetadata;)[I,blocked
Landroid/app/StatsManager$PullAtomMetadata;->getAdditiveFields()[I,sdk,system-api,test-api
Landroid/app/StatsManager$PullAtomMetadata;->getCoolDownMillis()J,sdk,system-api,test-api
Landroid/app/StatsManager$PullAtomMetadata;->getTimeoutMillis()J,sdk,system-api,test-api
Landroid/app/StatsManager$PullAtomMetadata;->mAdditiveFields:[I,blocked
Landroid/app/StatsManager$PullAtomMetadata;->mCoolDownMillis:J,blocked
Landroid/app/StatsManager$PullAtomMetadata;->mTimeoutMillis:J,blocked
Landroid/app/StatsManager$StatsPullAtomCallback;->onPullAtom(ILjava/util/List;)I,sdk,system-api,test-api
Landroid/app/StatsManager$StatsUnavailableException;-><init>(Ljava/lang/String;)V,sdk,system-api,test-api
Landroid/app/StatsManager$StatsUnavailableException;-><init>(Ljava/lang/String;Ljava/lang/Throwable;)V,sdk,system-api,test-api
Landroid/app/StatsManager;-><clinit>()V,blocked
Landroid/app/StatsManager;-><init>(Landroid/content/Context;)V,lo-prio,max-target-o
Landroid/app/StatsManager;->ACTION_STATSD_STARTED:Ljava/lang/String;,sdk,system-api,test-api
Landroid/app/StatsManager;->DEBUG:Z,lo-prio,max-target-o
Landroid/app/StatsManager;->DEFAULT_COOL_DOWN_MILLIS:J,blocked
Landroid/app/StatsManager;->DEFAULT_TIMEOUT_MILLIS:J,blocked
Landroid/app/StatsManager;->EXTRA_STATS_ACTIVE_CONFIG_KEYS:Ljava/lang/String;,sdk,system-api,test-api
Landroid/app/StatsManager;->EXTRA_STATS_BROADCAST_SUBSCRIBER_COOKIES:Ljava/lang/String;,sdk,system-api,test-api
Landroid/app/StatsManager;->EXTRA_STATS_CONFIG_KEY:Ljava/lang/String;,sdk,system-api,test-api
Landroid/app/StatsManager;->EXTRA_STATS_CONFIG_UID:Ljava/lang/String;,sdk,system-api,test-api
Landroid/app/StatsManager;->EXTRA_STATS_DIMENSIONS_VALUE:Ljava/lang/String;,sdk,system-api,test-api
Landroid/app/StatsManager;->EXTRA_STATS_SUBSCRIPTION_ID:Ljava/lang/String;,sdk,system-api,test-api
Landroid/app/StatsManager;->EXTRA_STATS_SUBSCRIPTION_RULE_ID:Ljava/lang/String;,sdk,system-api,test-api
Landroid/app/StatsManager;->PULL_SKIP:I,sdk,system-api,test-api
Landroid/app/StatsManager;->PULL_SUCCESS:I,sdk,system-api,test-api
Landroid/app/StatsManager;->TAG:Ljava/lang/String;,lo-prio,max-target-o
Landroid/app/StatsManager;->addConfig(J[B)V,sdk,system-api,test-api
Landroid/app/StatsManager;->addConfiguration(J[B)Z,sdk,system-api,test-api
Landroid/app/StatsManager;->clearPullAtomCallback(I)V,sdk,system-api,test-api
Landroid/app/StatsManager;->getData(J)[B,sdk,system-api,test-api
Landroid/app/StatsManager;->getIStatsManagerServiceLocked()Landroid/os/IStatsManagerService;,blocked
Landroid/app/StatsManager;->getMetadata()[B,sdk,system-api,test-api
Landroid/app/StatsManager;->getRegisteredExperimentIds()[J,sdk,system-api,test-api
Landroid/app/StatsManager;->getReports(J)[B,sdk,system-api,test-api
Landroid/app/StatsManager;->getStatsMetadata()[B,sdk,system-api,test-api
Landroid/app/StatsManager;->mContext:Landroid/content/Context;,lo-prio,max-target-o
Landroid/app/StatsManager;->mStatsManagerService:Landroid/os/IStatsManagerService;,blocked
Landroid/app/StatsManager;->removeConfig(J)V,sdk,system-api,test-api
Landroid/app/StatsManager;->removeConfiguration(J)Z,sdk,system-api,test-api
Landroid/app/StatsManager;->sLock:Ljava/lang/Object;,blocked
Landroid/app/StatsManager;->setActiveConfigsChangedOperation(Landroid/app/PendingIntent;)[J,sdk,system-api,test-api
Landroid/app/StatsManager;->setBroadcastSubscriber(JJLandroid/app/PendingIntent;)Z,sdk,system-api,test-api
Landroid/app/StatsManager;->setBroadcastSubscriber(Landroid/app/PendingIntent;JJ)V,sdk,system-api,test-api
Landroid/app/StatsManager;->setDataFetchOperation(JLandroid/app/PendingIntent;)Z,sdk,system-api,test-api
Landroid/app/StatsManager;->setFetchReportsOperation(Landroid/app/PendingIntent;J)V,sdk,system-api,test-api
Landroid/app/StatsManager;->setPullAtomCallback(ILandroid/app/StatsManager$PullAtomMetadata;Ljava/util/concurrent/Executor;Landroid/app/StatsManager$StatsPullAtomCallback;)V,sdk,system-api,test-api
Landroid/os/IPendingIntentRef$Default;-><init>()V,blocked
Landroid/os/IPendingIntentRef$Default;->asBinder()Landroid/os/IBinder;,public-api,sdk,system-api,test-api
Landroid/os/IPendingIntentRef$Default;->sendActiveConfigsChangedBroadcast([J)V,blocked
Landroid/os/IPendingIntentRef$Default;->sendDataBroadcast(J)V,blocked
Landroid/os/IPendingIntentRef$Default;->sendSubscriberBroadcast(JJJJ[Ljava/lang/String;Landroid/os/StatsDimensionsValueParcel;)V,blocked
Landroid/os/IPendingIntentRef$Stub$Proxy;-><init>(Landroid/os/IBinder;)V,blocked
Landroid/os/IPendingIntentRef$Stub$Proxy;->asBinder()Landroid/os/IBinder;,public-api,sdk,system-api,test-api
Landroid/os/IPendingIntentRef$Stub$Proxy;->getInterfaceDescriptor()Ljava/lang/String;,blocked
Landroid/os/IPendingIntentRef$Stub$Proxy;->mRemote:Landroid/os/IBinder;,blocked
Landroid/os/IPendingIntentRef$Stub$Proxy;->sDefaultImpl:Landroid/os/IPendingIntentRef;,blocked
Landroid/os/IPendingIntentRef$Stub$Proxy;->sendActiveConfigsChangedBroadcast([J)V,blocked
Landroid/os/IPendingIntentRef$Stub$Proxy;->sendDataBroadcast(J)V,blocked
Landroid/os/IPendingIntentRef$Stub$Proxy;->sendSubscriberBroadcast(JJJJ[Ljava/lang/String;Landroid/os/StatsDimensionsValueParcel;)V,blocked
Landroid/os/IPendingIntentRef$Stub;-><init>()V,blocked
Landroid/os/IPendingIntentRef$Stub;->TRANSACTION_sendActiveConfigsChangedBroadcast:I,blocked
Landroid/os/IPendingIntentRef$Stub;->TRANSACTION_sendDataBroadcast:I,blocked
Landroid/os/IPendingIntentRef$Stub;->TRANSACTION_sendSubscriberBroadcast:I,blocked
Landroid/os/IPendingIntentRef$Stub;->asBinder()Landroid/os/IBinder;,public-api,sdk,system-api,test-api
Landroid/os/IPendingIntentRef$Stub;->asInterface(Landroid/os/IBinder;)Landroid/os/IPendingIntentRef;,blocked
Landroid/os/IPendingIntentRef$Stub;->getDefaultImpl()Landroid/os/IPendingIntentRef;,blocked
Landroid/os/IPendingIntentRef$Stub;->onTransact(ILandroid/os/Parcel;Landroid/os/Parcel;I)Z,public-api,sdk,system-api,test-api
Landroid/os/IPendingIntentRef$Stub;->setDefaultImpl(Landroid/os/IPendingIntentRef;)Z,blocked
Landroid/os/IPendingIntentRef;->DESCRIPTOR:Ljava/lang/String;,blocked
Landroid/os/IPendingIntentRef;->sendActiveConfigsChangedBroadcast([J)V,blocked
Landroid/os/IPendingIntentRef;->sendDataBroadcast(J)V,blocked
Landroid/os/IPendingIntentRef;->sendSubscriberBroadcast(JJJJ[Ljava/lang/String;Landroid/os/StatsDimensionsValueParcel;)V,blocked
Landroid/os/IPullAtomCallback$Default;-><init>()V,blocked
Landroid/os/IPullAtomCallback$Default;->asBinder()Landroid/os/IBinder;,public-api,sdk,system-api,test-api
Landroid/os/IPullAtomCallback$Default;->onPullAtom(ILandroid/os/IPullAtomResultReceiver;)V,blocked
Landroid/os/IPullAtomCallback$Stub$Proxy;-><init>(Landroid/os/IBinder;)V,blocked
Landroid/os/IPullAtomCallback$Stub$Proxy;->asBinder()Landroid/os/IBinder;,public-api,sdk,system-api,test-api
Landroid/os/IPullAtomCallback$Stub$Proxy;->getInterfaceDescriptor()Ljava/lang/String;,blocked
Landroid/os/IPullAtomCallback$Stub$Proxy;->mRemote:Landroid/os/IBinder;,blocked
Landroid/os/IPullAtomCallback$Stub$Proxy;->onPullAtom(ILandroid/os/IPullAtomResultReceiver;)V,blocked
Landroid/os/IPullAtomCallback$Stub$Proxy;->sDefaultImpl:Landroid/os/IPullAtomCallback;,blocked
Landroid/os/IPullAtomCallback$Stub;-><init>()V,blocked
Landroid/os/IPullAtomCallback$Stub;->TRANSACTION_onPullAtom:I,blocked
Landroid/os/IPullAtomCallback$Stub;->asBinder()Landroid/os/IBinder;,public-api,sdk,system-api,test-api
Landroid/os/IPullAtomCallback$Stub;->asInterface(Landroid/os/IBinder;)Landroid/os/IPullAtomCallback;,blocked
Landroid/os/IPullAtomCallback$Stub;->getDefaultImpl()Landroid/os/IPullAtomCallback;,blocked
Landroid/os/IPullAtomCallback$Stub;->onTransact(ILandroid/os/Parcel;Landroid/os/Parcel;I)Z,public-api,sdk,system-api,test-api
Landroid/os/IPullAtomCallback$Stub;->setDefaultImpl(Landroid/os/IPullAtomCallback;)Z,blocked
Landroid/os/IPullAtomCallback;->DESCRIPTOR:Ljava/lang/String;,blocked
Landroid/os/IPullAtomCallback;->onPullAtom(ILandroid/os/IPullAtomResultReceiver;)V,blocked
Landroid/os/IPullAtomResultReceiver$Default;-><init>()V,blocked
Landroid/os/IPullAtomResultReceiver$Default;->asBinder()Landroid/os/IBinder;,public-api,sdk,system-api,test-api
Landroid/os/IPullAtomResultReceiver$Default;->pullFinished(IZ[Landroid/util/StatsEventParcel;)V,blocked
Landroid/os/IPullAtomResultReceiver$Stub$Proxy;-><init>(Landroid/os/IBinder;)V,blocked
Landroid/os/IPullAtomResultReceiver$Stub$Proxy;->asBinder()Landroid/os/IBinder;,public-api,sdk,system-api,test-api
Landroid/os/IPullAtomResultReceiver$Stub$Proxy;->getInterfaceDescriptor()Ljava/lang/String;,blocked
Landroid/os/IPullAtomResultReceiver$Stub$Proxy;->mRemote:Landroid/os/IBinder;,blocked
Landroid/os/IPullAtomResultReceiver$Stub$Proxy;->pullFinished(IZ[Landroid/util/StatsEventParcel;)V,blocked
Landroid/os/IPullAtomResultReceiver$Stub$Proxy;->sDefaultImpl:Landroid/os/IPullAtomResultReceiver;,blocked
Landroid/os/IPullAtomResultReceiver$Stub;-><init>()V,blocked
Landroid/os/IPullAtomResultReceiver$Stub;->TRANSACTION_pullFinished:I,blocked
Landroid/os/IPullAtomResultReceiver$Stub;->asBinder()Landroid/os/IBinder;,public-api,sdk,system-api,test-api
Landroid/os/IPullAtomResultReceiver$Stub;->asInterface(Landroid/os/IBinder;)Landroid/os/IPullAtomResultReceiver;,blocked
Landroid/os/IPullAtomResultReceiver$Stub;->getDefaultImpl()Landroid/os/IPullAtomResultReceiver;,blocked
Landroid/os/IPullAtomResultReceiver$Stub;->onTransact(ILandroid/os/Parcel;Landroid/os/Parcel;I)Z,public-api,sdk,system-api,test-api
Landroid/os/IPullAtomResultReceiver$Stub;->setDefaultImpl(Landroid/os/IPullAtomResultReceiver;)Z,blocked
Landroid/os/IPullAtomResultReceiver;->DESCRIPTOR:Ljava/lang/String;,blocked
Landroid/os/IPullAtomResultReceiver;->pullFinished(IZ[Landroid/util/StatsEventParcel;)V,blocked
Landroid/os/IStatsCompanionService$Default;-><init>()V,blocked
Landroid/os/IStatsCompanionService$Default;->asBinder()Landroid/os/IBinder;,public-api,sdk,system-api,test-api
Landroid/os/IStatsCompanionService$Default;->cancelAlarmForSubscriberTriggering()V,blocked
Landroid/os/IStatsCompanionService$Default;->cancelAnomalyAlarm()V,blocked
Landroid/os/IStatsCompanionService$Default;->cancelPullingAlarm()V,blocked
Landroid/os/IStatsCompanionService$Default;->checkPermission(Ljava/lang/String;II)Z,blocked
Landroid/os/IStatsCompanionService$Default;->setAlarmForSubscriberTriggering(J)V,blocked
Landroid/os/IStatsCompanionService$Default;->setAnomalyAlarm(J)V,blocked
Landroid/os/IStatsCompanionService$Default;->setPullingAlarm(J)V,blocked
Landroid/os/IStatsCompanionService$Default;->statsdReady()V,blocked
Landroid/os/IStatsCompanionService$Stub$Proxy;-><init>(Landroid/os/IBinder;)V,lo-prio,max-target-o
Landroid/os/IStatsCompanionService$Stub$Proxy;->asBinder()Landroid/os/IBinder;,public-api,sdk,system-api,test-api
Landroid/os/IStatsCompanionService$Stub$Proxy;->cancelAlarmForSubscriberTriggering()V,lo-prio,max-target-o
Landroid/os/IStatsCompanionService$Stub$Proxy;->cancelAnomalyAlarm()V,lo-prio,max-target-o
Landroid/os/IStatsCompanionService$Stub$Proxy;->cancelPullingAlarm()V,lo-prio,max-target-o
Landroid/os/IStatsCompanionService$Stub$Proxy;->checkPermission(Ljava/lang/String;II)Z,blocked
Landroid/os/IStatsCompanionService$Stub$Proxy;->getInterfaceDescriptor()Ljava/lang/String;,lo-prio,max-target-o
Landroid/os/IStatsCompanionService$Stub$Proxy;->mRemote:Landroid/os/IBinder;,lo-prio,max-target-o
Landroid/os/IStatsCompanionService$Stub$Proxy;->sDefaultImpl:Landroid/os/IStatsCompanionService;,blocked
Landroid/os/IStatsCompanionService$Stub$Proxy;->setAlarmForSubscriberTriggering(J)V,lo-prio,max-target-o
Landroid/os/IStatsCompanionService$Stub$Proxy;->setAnomalyAlarm(J)V,lo-prio,max-target-o
Landroid/os/IStatsCompanionService$Stub$Proxy;->setPullingAlarm(J)V,lo-prio,max-target-o
Landroid/os/IStatsCompanionService$Stub$Proxy;->statsdReady()V,lo-prio,max-target-o
Landroid/os/IStatsCompanionService$Stub;-><init>()V,lo-prio,max-target-o
Landroid/os/IStatsCompanionService$Stub;->DESCRIPTOR:Ljava/lang/String;,lo-prio,max-target-o
Landroid/os/IStatsCompanionService$Stub;->TRANSACTION_cancelAlarmForSubscriberTriggering:I,lo-prio,max-target-o
Landroid/os/IStatsCompanionService$Stub;->TRANSACTION_cancelAnomalyAlarm:I,lo-prio,max-target-o
Landroid/os/IStatsCompanionService$Stub;->TRANSACTION_cancelPullingAlarm:I,lo-prio,max-target-o
Landroid/os/IStatsCompanionService$Stub;->TRANSACTION_checkPermission:I,blocked
Landroid/os/IStatsCompanionService$Stub;->TRANSACTION_setAlarmForSubscriberTriggering:I,lo-prio,max-target-o
Landroid/os/IStatsCompanionService$Stub;->TRANSACTION_setAnomalyAlarm:I,lo-prio,max-target-o
Landroid/os/IStatsCompanionService$Stub;->TRANSACTION_setPullingAlarm:I,lo-prio,max-target-o
Landroid/os/IStatsCompanionService$Stub;->TRANSACTION_statsdReady:I,lo-prio,max-target-o
Landroid/os/IStatsCompanionService$Stub;->asBinder()Landroid/os/IBinder;,public-api,sdk,system-api,test-api
Landroid/os/IStatsCompanionService$Stub;->asInterface(Landroid/os/IBinder;)Landroid/os/IStatsCompanionService;,lo-prio,max-target-o
Landroid/os/IStatsCompanionService$Stub;->getDefaultImpl()Landroid/os/IStatsCompanionService;,blocked
Landroid/os/IStatsCompanionService$Stub;->onTransact(ILandroid/os/Parcel;Landroid/os/Parcel;I)Z,public-api,sdk,system-api,test-api
Landroid/os/IStatsCompanionService$Stub;->setDefaultImpl(Landroid/os/IStatsCompanionService;)Z,blocked
Landroid/os/IStatsCompanionService;->cancelAlarmForSubscriberTriggering()V,lo-prio,max-target-o
Landroid/os/IStatsCompanionService;->cancelAnomalyAlarm()V,lo-prio,max-target-o
Landroid/os/IStatsCompanionService;->cancelPullingAlarm()V,lo-prio,max-target-o
Landroid/os/IStatsCompanionService;->checkPermission(Ljava/lang/String;II)Z,blocked
Landroid/os/IStatsCompanionService;->setAlarmForSubscriberTriggering(J)V,lo-prio,max-target-o
Landroid/os/IStatsCompanionService;->setAnomalyAlarm(J)V,lo-prio,max-target-o
Landroid/os/IStatsCompanionService;->setPullingAlarm(J)V,lo-prio,max-target-o
Landroid/os/IStatsCompanionService;->statsdReady()V,lo-prio,max-target-o
Landroid/os/IStatsManagerService$Default;-><init>()V,blocked
Landroid/os/IStatsManagerService$Default;->addConfiguration(J[BLjava/lang/String;)V,blocked
Landroid/os/IStatsManagerService$Default;->asBinder()Landroid/os/IBinder;,public-api,sdk,system-api,test-api
Landroid/os/IStatsManagerService$Default;->getData(JLjava/lang/String;)[B,blocked
Landroid/os/IStatsManagerService$Default;->getMetadata(Ljava/lang/String;)[B,blocked
Landroid/os/IStatsManagerService$Default;->getRegisteredExperimentIds()[J,blocked
Landroid/os/IStatsManagerService$Default;->registerPullAtomCallback(IJJ[ILandroid/os/IPullAtomCallback;)V,blocked
Landroid/os/IStatsManagerService$Default;->removeActiveConfigsChangedOperation(Ljava/lang/String;)V,blocked
Landroid/os/IStatsManagerService$Default;->removeConfiguration(JLjava/lang/String;)V,blocked
Landroid/os/IStatsManagerService$Default;->removeDataFetchOperation(JLjava/lang/String;)V,blocked
Landroid/os/IStatsManagerService$Default;->setActiveConfigsChangedOperation(Landroid/app/PendingIntent;Ljava/lang/String;)[J,blocked
Landroid/os/IStatsManagerService$Default;->setBroadcastSubscriber(JJLandroid/app/PendingIntent;Ljava/lang/String;)V,blocked
Landroid/os/IStatsManagerService$Default;->setDataFetchOperation(JLandroid/app/PendingIntent;Ljava/lang/String;)V,blocked
Landroid/os/IStatsManagerService$Default;->unregisterPullAtomCallback(I)V,blocked
Landroid/os/IStatsManagerService$Default;->unsetBroadcastSubscriber(JJLjava/lang/String;)V,blocked
Landroid/os/IStatsManagerService$Stub$Proxy;-><init>(Landroid/os/IBinder;)V,blocked
Landroid/os/IStatsManagerService$Stub$Proxy;->addConfiguration(J[BLjava/lang/String;)V,blocked
Landroid/os/IStatsManagerService$Stub$Proxy;->asBinder()Landroid/os/IBinder;,public-api,sdk,system-api,test-api
Landroid/os/IStatsManagerService$Stub$Proxy;->getData(JLjava/lang/String;)[B,blocked
Landroid/os/IStatsManagerService$Stub$Proxy;->getInterfaceDescriptor()Ljava/lang/String;,blocked
Landroid/os/IStatsManagerService$Stub$Proxy;->getMetadata(Ljava/lang/String;)[B,blocked
Landroid/os/IStatsManagerService$Stub$Proxy;->getRegisteredExperimentIds()[J,blocked
Landroid/os/IStatsManagerService$Stub$Proxy;->mRemote:Landroid/os/IBinder;,blocked
Landroid/os/IStatsManagerService$Stub$Proxy;->registerPullAtomCallback(IJJ[ILandroid/os/IPullAtomCallback;)V,blocked
Landroid/os/IStatsManagerService$Stub$Proxy;->removeActiveConfigsChangedOperation(Ljava/lang/String;)V,blocked
Landroid/os/IStatsManagerService$Stub$Proxy;->removeConfiguration(JLjava/lang/String;)V,blocked
Landroid/os/IStatsManagerService$Stub$Proxy;->removeDataFetchOperation(JLjava/lang/String;)V,blocked
Landroid/os/IStatsManagerService$Stub$Proxy;->sDefaultImpl:Landroid/os/IStatsManagerService;,blocked
Landroid/os/IStatsManagerService$Stub$Proxy;->setActiveConfigsChangedOperation(Landroid/app/PendingIntent;Ljava/lang/String;)[J,blocked
Landroid/os/IStatsManagerService$Stub$Proxy;->setBroadcastSubscriber(JJLandroid/app/PendingIntent;Ljava/lang/String;)V,blocked
Landroid/os/IStatsManagerService$Stub$Proxy;->setDataFetchOperation(JLandroid/app/PendingIntent;Ljava/lang/String;)V,blocked
Landroid/os/IStatsManagerService$Stub$Proxy;->unregisterPullAtomCallback(I)V,blocked
Landroid/os/IStatsManagerService$Stub$Proxy;->unsetBroadcastSubscriber(JJLjava/lang/String;)V,blocked
Landroid/os/IStatsManagerService$Stub;-><init>()V,blocked
Landroid/os/IStatsManagerService$Stub;->TRANSACTION_addConfiguration:I,blocked
Landroid/os/IStatsManagerService$Stub;->TRANSACTION_getData:I,blocked
Landroid/os/IStatsManagerService$Stub;->TRANSACTION_getMetadata:I,blocked
Landroid/os/IStatsManagerService$Stub;->TRANSACTION_getRegisteredExperimentIds:I,blocked
Landroid/os/IStatsManagerService$Stub;->TRANSACTION_registerPullAtomCallback:I,blocked
Landroid/os/IStatsManagerService$Stub;->TRANSACTION_removeActiveConfigsChangedOperation:I,blocked
Landroid/os/IStatsManagerService$Stub;->TRANSACTION_removeConfiguration:I,blocked
Landroid/os/IStatsManagerService$Stub;->TRANSACTION_removeDataFetchOperation:I,blocked
Landroid/os/IStatsManagerService$Stub;->TRANSACTION_setActiveConfigsChangedOperation:I,blocked
Landroid/os/IStatsManagerService$Stub;->TRANSACTION_setBroadcastSubscriber:I,blocked
Landroid/os/IStatsManagerService$Stub;->TRANSACTION_setDataFetchOperation:I,blocked
Landroid/os/IStatsManagerService$Stub;->TRANSACTION_unregisterPullAtomCallback:I,blocked
Landroid/os/IStatsManagerService$Stub;->TRANSACTION_unsetBroadcastSubscriber:I,blocked
Landroid/os/IStatsManagerService$Stub;->asBinder()Landroid/os/IBinder;,public-api,sdk,system-api,test-api
Landroid/os/IStatsManagerService$Stub;->asInterface(Landroid/os/IBinder;)Landroid/os/IStatsManagerService;,blocked
Landroid/os/IStatsManagerService$Stub;->getDefaultImpl()Landroid/os/IStatsManagerService;,blocked
Landroid/os/IStatsManagerService$Stub;->onTransact(ILandroid/os/Parcel;Landroid/os/Parcel;I)Z,public-api,sdk,system-api,test-api
Landroid/os/IStatsManagerService$Stub;->setDefaultImpl(Landroid/os/IStatsManagerService;)Z,blocked
Landroid/os/IStatsManagerService;->DESCRIPTOR:Ljava/lang/String;,blocked
Landroid/os/IStatsManagerService;->addConfiguration(J[BLjava/lang/String;)V,blocked
Landroid/os/IStatsManagerService;->getData(JLjava/lang/String;)[B,blocked
Landroid/os/IStatsManagerService;->getMetadata(Ljava/lang/String;)[B,blocked
Landroid/os/IStatsManagerService;->getRegisteredExperimentIds()[J,blocked
Landroid/os/IStatsManagerService;->registerPullAtomCallback(IJJ[ILandroid/os/IPullAtomCallback;)V,blocked
Landroid/os/IStatsManagerService;->removeActiveConfigsChangedOperation(Ljava/lang/String;)V,blocked
Landroid/os/IStatsManagerService;->removeConfiguration(JLjava/lang/String;)V,blocked
Landroid/os/IStatsManagerService;->removeDataFetchOperation(JLjava/lang/String;)V,blocked
Landroid/os/IStatsManagerService;->setActiveConfigsChangedOperation(Landroid/app/PendingIntent;Ljava/lang/String;)[J,blocked
Landroid/os/IStatsManagerService;->setBroadcastSubscriber(JJLandroid/app/PendingIntent;Ljava/lang/String;)V,blocked
Landroid/os/IStatsManagerService;->setDataFetchOperation(JLandroid/app/PendingIntent;Ljava/lang/String;)V,blocked
Landroid/os/IStatsManagerService;->unregisterPullAtomCallback(I)V,blocked
Landroid/os/IStatsManagerService;->unsetBroadcastSubscriber(JJLjava/lang/String;)V,blocked
Landroid/os/IStatsd$Default;-><init>()V,blocked
Landroid/os/IStatsd$Default;->addConfiguration(J[BI)V,blocked
Landroid/os/IStatsd$Default;->allPullersFromBootRegistered()V,blocked
Landroid/os/IStatsd$Default;->asBinder()Landroid/os/IBinder;,public-api,sdk,system-api,test-api
Landroid/os/IStatsd$Default;->bootCompleted()V,blocked
Landroid/os/IStatsd$Default;->getData(JI)[B,blocked
Landroid/os/IStatsd$Default;->getMetadata()[B,blocked
Landroid/os/IStatsd$Default;->getRegisteredExperimentIds()[J,blocked
Landroid/os/IStatsd$Default;->informAlarmForSubscriberTriggeringFired()V,blocked
Landroid/os/IStatsd$Default;->informAllUidData(Landroid/os/ParcelFileDescriptor;)V,blocked
Landroid/os/IStatsd$Default;->informAnomalyAlarmFired()V,blocked
Landroid/os/IStatsd$Default;->informDeviceShutdown()V,blocked
Landroid/os/IStatsd$Default;->informOnePackage(Ljava/lang/String;IJLjava/lang/String;Ljava/lang/String;)V,blocked
Landroid/os/IStatsd$Default;->informOnePackageRemoved(Ljava/lang/String;I)V,blocked
Landroid/os/IStatsd$Default;->informPollAlarmFired()V,blocked
Landroid/os/IStatsd$Default;->registerNativePullAtomCallback(IJJ[ILandroid/os/IPullAtomCallback;)V,blocked
Landroid/os/IStatsd$Default;->registerPullAtomCallback(IIJJ[ILandroid/os/IPullAtomCallback;)V,blocked
Landroid/os/IStatsd$Default;->removeActiveConfigsChangedOperation(I)V,blocked
Landroid/os/IStatsd$Default;->removeConfiguration(JI)V,blocked
Landroid/os/IStatsd$Default;->removeDataFetchOperation(JI)V,blocked
Landroid/os/IStatsd$Default;->setActiveConfigsChangedOperation(Landroid/os/IPendingIntentRef;I)[J,blocked
Landroid/os/IStatsd$Default;->setBroadcastSubscriber(JJLandroid/os/IPendingIntentRef;I)V,blocked
Landroid/os/IStatsd$Default;->setDataFetchOperation(JLandroid/os/IPendingIntentRef;I)V,blocked
Landroid/os/IStatsd$Default;->statsCompanionReady()V,blocked
Landroid/os/IStatsd$Default;->systemRunning()V,blocked
Landroid/os/IStatsd$Default;->unregisterNativePullAtomCallback(I)V,blocked
Landroid/os/IStatsd$Default;->unregisterPullAtomCallback(II)V,blocked
Landroid/os/IStatsd$Default;->unsetBroadcastSubscriber(JJI)V,blocked
Landroid/os/IStatsd$Stub$Proxy;-><init>(Landroid/os/IBinder;)V,blocked
Landroid/os/IStatsd$Stub$Proxy;->addConfiguration(J[BI)V,blocked
Landroid/os/IStatsd$Stub$Proxy;->allPullersFromBootRegistered()V,blocked
Landroid/os/IStatsd$Stub$Proxy;->asBinder()Landroid/os/IBinder;,public-api,sdk,system-api,test-api
Landroid/os/IStatsd$Stub$Proxy;->bootCompleted()V,blocked
Landroid/os/IStatsd$Stub$Proxy;->getData(JI)[B,blocked
Landroid/os/IStatsd$Stub$Proxy;->getInterfaceDescriptor()Ljava/lang/String;,blocked
Landroid/os/IStatsd$Stub$Proxy;->getMetadata()[B,blocked
Landroid/os/IStatsd$Stub$Proxy;->getRegisteredExperimentIds()[J,blocked
Landroid/os/IStatsd$Stub$Proxy;->informAlarmForSubscriberTriggeringFired()V,blocked
Landroid/os/IStatsd$Stub$Proxy;->informAllUidData(Landroid/os/ParcelFileDescriptor;)V,blocked
Landroid/os/IStatsd$Stub$Proxy;->informAnomalyAlarmFired()V,blocked
Landroid/os/IStatsd$Stub$Proxy;->informDeviceShutdown()V,blocked
Landroid/os/IStatsd$Stub$Proxy;->informOnePackage(Ljava/lang/String;IJLjava/lang/String;Ljava/lang/String;)V,blocked
Landroid/os/IStatsd$Stub$Proxy;->informOnePackageRemoved(Ljava/lang/String;I)V,blocked
Landroid/os/IStatsd$Stub$Proxy;->informPollAlarmFired()V,blocked
Landroid/os/IStatsd$Stub$Proxy;->mRemote:Landroid/os/IBinder;,blocked
Landroid/os/IStatsd$Stub$Proxy;->registerNativePullAtomCallback(IJJ[ILandroid/os/IPullAtomCallback;)V,blocked
Landroid/os/IStatsd$Stub$Proxy;->registerPullAtomCallback(IIJJ[ILandroid/os/IPullAtomCallback;)V,blocked
Landroid/os/IStatsd$Stub$Proxy;->removeActiveConfigsChangedOperation(I)V,blocked
Landroid/os/IStatsd$Stub$Proxy;->removeConfiguration(JI)V,blocked
Landroid/os/IStatsd$Stub$Proxy;->removeDataFetchOperation(JI)V,blocked
Landroid/os/IStatsd$Stub$Proxy;->sDefaultImpl:Landroid/os/IStatsd;,blocked
Landroid/os/IStatsd$Stub$Proxy;->setActiveConfigsChangedOperation(Landroid/os/IPendingIntentRef;I)[J,blocked
Landroid/os/IStatsd$Stub$Proxy;->setBroadcastSubscriber(JJLandroid/os/IPendingIntentRef;I)V,blocked
Landroid/os/IStatsd$Stub$Proxy;->setDataFetchOperation(JLandroid/os/IPendingIntentRef;I)V,blocked
Landroid/os/IStatsd$Stub$Proxy;->statsCompanionReady()V,blocked
Landroid/os/IStatsd$Stub$Proxy;->systemRunning()V,blocked
Landroid/os/IStatsd$Stub$Proxy;->unregisterNativePullAtomCallback(I)V,blocked
Landroid/os/IStatsd$Stub$Proxy;->unregisterPullAtomCallback(II)V,blocked
Landroid/os/IStatsd$Stub$Proxy;->unsetBroadcastSubscriber(JJI)V,blocked
Landroid/os/IStatsd$Stub;-><init>()V,blocked
Landroid/os/IStatsd$Stub;->TRANSACTION_addConfiguration:I,blocked
Landroid/os/IStatsd$Stub;->TRANSACTION_allPullersFromBootRegistered:I,blocked
Landroid/os/IStatsd$Stub;->TRANSACTION_bootCompleted:I,blocked
Landroid/os/IStatsd$Stub;->TRANSACTION_getData:I,blocked
Landroid/os/IStatsd$Stub;->TRANSACTION_getMetadata:I,blocked
Landroid/os/IStatsd$Stub;->TRANSACTION_getRegisteredExperimentIds:I,blocked
Landroid/os/IStatsd$Stub;->TRANSACTION_informAlarmForSubscriberTriggeringFired:I,blocked
Landroid/os/IStatsd$Stub;->TRANSACTION_informAllUidData:I,blocked
Landroid/os/IStatsd$Stub;->TRANSACTION_informAnomalyAlarmFired:I,blocked
Landroid/os/IStatsd$Stub;->TRANSACTION_informDeviceShutdown:I,blocked
Landroid/os/IStatsd$Stub;->TRANSACTION_informOnePackage:I,blocked
Landroid/os/IStatsd$Stub;->TRANSACTION_informOnePackageRemoved:I,blocked
Landroid/os/IStatsd$Stub;->TRANSACTION_informPollAlarmFired:I,blocked
Landroid/os/IStatsd$Stub;->TRANSACTION_registerNativePullAtomCallback:I,blocked
Landroid/os/IStatsd$Stub;->TRANSACTION_registerPullAtomCallback:I,blocked
Landroid/os/IStatsd$Stub;->TRANSACTION_removeActiveConfigsChangedOperation:I,blocked
Landroid/os/IStatsd$Stub;->TRANSACTION_removeConfiguration:I,blocked
Landroid/os/IStatsd$Stub;->TRANSACTION_removeDataFetchOperation:I,blocked
Landroid/os/IStatsd$Stub;->TRANSACTION_setActiveConfigsChangedOperation:I,blocked
Landroid/os/IStatsd$Stub;->TRANSACTION_setBroadcastSubscriber:I,blocked
Landroid/os/IStatsd$Stub;->TRANSACTION_setDataFetchOperation:I,blocked
Landroid/os/IStatsd$Stub;->TRANSACTION_statsCompanionReady:I,blocked
Landroid/os/IStatsd$Stub;->TRANSACTION_systemRunning:I,blocked
Landroid/os/IStatsd$Stub;->TRANSACTION_unregisterNativePullAtomCallback:I,blocked
Landroid/os/IStatsd$Stub;->TRANSACTION_unregisterPullAtomCallback:I,blocked
Landroid/os/IStatsd$Stub;->TRANSACTION_unsetBroadcastSubscriber:I,blocked
Landroid/os/IStatsd$Stub;->asBinder()Landroid/os/IBinder;,public-api,sdk,system-api,test-api
Landroid/os/IStatsd$Stub;->asInterface(Landroid/os/IBinder;)Landroid/os/IStatsd;,blocked
Landroid/os/IStatsd$Stub;->getDefaultImpl()Landroid/os/IStatsd;,blocked
Landroid/os/IStatsd$Stub;->onTransact(ILandroid/os/Parcel;Landroid/os/Parcel;I)Z,public-api,sdk,system-api,test-api
Landroid/os/IStatsd$Stub;->setDefaultImpl(Landroid/os/IStatsd;)Z,blocked
Landroid/os/IStatsd;->DESCRIPTOR:Ljava/lang/String;,blocked
Landroid/os/IStatsd;->FLAG_REQUIRE_LOW_LATENCY_MONITOR:I,blocked
Landroid/os/IStatsd;->FLAG_REQUIRE_STAGING:I,blocked
Landroid/os/IStatsd;->FLAG_ROLLBACK_ENABLED:I,blocked
Landroid/os/IStatsd;->addConfiguration(J[BI)V,blocked
Landroid/os/IStatsd;->allPullersFromBootRegistered()V,blocked
Landroid/os/IStatsd;->bootCompleted()V,blocked
Landroid/os/IStatsd;->getData(JI)[B,blocked
Landroid/os/IStatsd;->getMetadata()[B,blocked
Landroid/os/IStatsd;->getRegisteredExperimentIds()[J,blocked
Landroid/os/IStatsd;->informAlarmForSubscriberTriggeringFired()V,blocked
Landroid/os/IStatsd;->informAllUidData(Landroid/os/ParcelFileDescriptor;)V,blocked
Landroid/os/IStatsd;->informAnomalyAlarmFired()V,blocked
Landroid/os/IStatsd;->informDeviceShutdown()V,blocked
Landroid/os/IStatsd;->informOnePackage(Ljava/lang/String;IJLjava/lang/String;Ljava/lang/String;)V,blocked
Landroid/os/IStatsd;->informOnePackageRemoved(Ljava/lang/String;I)V,blocked
Landroid/os/IStatsd;->informPollAlarmFired()V,blocked
Landroid/os/IStatsd;->registerNativePullAtomCallback(IJJ[ILandroid/os/IPullAtomCallback;)V,blocked
Landroid/os/IStatsd;->registerPullAtomCallback(IIJJ[ILandroid/os/IPullAtomCallback;)V,blocked
Landroid/os/IStatsd;->removeActiveConfigsChangedOperation(I)V,blocked
Landroid/os/IStatsd;->removeConfiguration(JI)V,blocked
Landroid/os/IStatsd;->removeDataFetchOperation(JI)V,blocked
Landroid/os/IStatsd;->setActiveConfigsChangedOperation(Landroid/os/IPendingIntentRef;I)[J,blocked
Landroid/os/IStatsd;->setBroadcastSubscriber(JJLandroid/os/IPendingIntentRef;I)V,blocked
Landroid/os/IStatsd;->setDataFetchOperation(JLandroid/os/IPendingIntentRef;I)V,blocked
Landroid/os/IStatsd;->statsCompanionReady()V,blocked
Landroid/os/IStatsd;->systemRunning()V,blocked
Landroid/os/IStatsd;->unregisterNativePullAtomCallback(I)V,blocked
Landroid/os/IStatsd;->unregisterPullAtomCallback(II)V,blocked
Landroid/os/IStatsd;->unsetBroadcastSubscriber(JJI)V,blocked
Landroid/os/StatsDimensionsValue$1;-><init>()V,blocked
Landroid/os/StatsDimensionsValue$1;->createFromParcel(Landroid/os/Parcel;)Landroid/os/StatsDimensionsValue;,blocked
Landroid/os/StatsDimensionsValue$1;->createFromParcel(Landroid/os/Parcel;)Ljava/lang/Object;,public-api,sdk,system-api,test-api
Landroid/os/StatsDimensionsValue$1;->newArray(I)[Landroid/os/StatsDimensionsValue;,blocked
Landroid/os/StatsDimensionsValue$1;->newArray(I)[Ljava/lang/Object;,public-api,sdk,system-api,test-api
Landroid/os/StatsDimensionsValue;-><clinit>()V,blocked
Landroid/os/StatsDimensionsValue;-><init>(Landroid/os/Parcel;)V,lo-prio,max-target-o
Landroid/os/StatsDimensionsValue;-><init>(Landroid/os/StatsDimensionsValueParcel;)V,blocked
Landroid/os/StatsDimensionsValue;->BOOLEAN_VALUE_TYPE:I,sdk,system-api,test-api
Landroid/os/StatsDimensionsValue;->CREATOR:Landroid/os/Parcelable$Creator;,sdk,system-api,test-api
Landroid/os/StatsDimensionsValue;->FLOAT_VALUE_TYPE:I,sdk,system-api,test-api
Landroid/os/StatsDimensionsValue;->INT_VALUE_TYPE:I,sdk,system-api,test-api
Landroid/os/StatsDimensionsValue;->LONG_VALUE_TYPE:I,sdk,system-api,test-api
Landroid/os/StatsDimensionsValue;->STRING_VALUE_TYPE:I,sdk,system-api,test-api
Landroid/os/StatsDimensionsValue;->TAG:Ljava/lang/String;,lo-prio,max-target-o
Landroid/os/StatsDimensionsValue;->TUPLE_VALUE_TYPE:I,sdk,system-api,test-api
Landroid/os/StatsDimensionsValue;->describeContents()I,public-api,sdk,system-api,test-api
Landroid/os/StatsDimensionsValue;->getBooleanValue()Z,sdk,system-api,test-api
Landroid/os/StatsDimensionsValue;->getField()I,sdk,system-api,test-api
Landroid/os/StatsDimensionsValue;->getFloatValue()F,sdk,system-api,test-api
Landroid/os/StatsDimensionsValue;->getIntValue()I,sdk,system-api,test-api
Landroid/os/StatsDimensionsValue;->getLongValue()J,sdk,system-api,test-api
Landroid/os/StatsDimensionsValue;->getStringValue()Ljava/lang/String;,sdk,system-api,test-api
Landroid/os/StatsDimensionsValue;->getTupleValueList()Ljava/util/List;,sdk,system-api,test-api
Landroid/os/StatsDimensionsValue;->getValueType()I,sdk,system-api,test-api
Landroid/os/StatsDimensionsValue;->getValueTypeAsString()Ljava/lang/String;,blocked
Landroid/os/StatsDimensionsValue;->isValueType(I)Z,sdk,system-api,test-api
Landroid/os/StatsDimensionsValue;->mInner:Landroid/os/StatsDimensionsValueParcel;,blocked
Landroid/os/StatsDimensionsValue;->toString()Ljava/lang/String;,core-platform-api,public-api,sdk,system-api,test-api
Landroid/os/StatsDimensionsValue;->writeToParcel(Landroid/os/Parcel;I)V,public-api,sdk,system-api,test-api
Landroid/os/StatsDimensionsValueParcel$1;-><init>()V,blocked
Landroid/os/StatsDimensionsValueParcel$1;->createFromParcel(Landroid/os/Parcel;)Landroid/os/StatsDimensionsValueParcel;,blocked
Landroid/os/StatsDimensionsValueParcel$1;->createFromParcel(Landroid/os/Parcel;)Ljava/lang/Object;,public-api,sdk,system-api,test-api
Landroid/os/StatsDimensionsValueParcel$1;->newArray(I)[Landroid/os/StatsDimensionsValueParcel;,blocked
Landroid/os/StatsDimensionsValueParcel$1;->newArray(I)[Ljava/lang/Object;,public-api,sdk,system-api,test-api
Landroid/os/StatsDimensionsValueParcel;-><clinit>()V,blocked
Landroid/os/StatsDimensionsValueParcel;-><init>()V,blocked
Landroid/os/StatsDimensionsValueParcel;->CREATOR:Landroid/os/Parcelable$Creator;,blocked
Landroid/os/StatsDimensionsValueParcel;->boolValue:Z,blocked
Landroid/os/StatsDimensionsValueParcel;->describeContents()I,public-api,sdk,system-api,test-api
Landroid/os/StatsDimensionsValueParcel;->describeContents(Ljava/lang/Object;)I,blocked
Landroid/os/StatsDimensionsValueParcel;->field:I,blocked
Landroid/os/StatsDimensionsValueParcel;->floatValue:F,blocked
Landroid/os/StatsDimensionsValueParcel;->intValue:I,blocked
Landroid/os/StatsDimensionsValueParcel;->longValue:J,blocked
Landroid/os/StatsDimensionsValueParcel;->readFromParcel(Landroid/os/Parcel;)V,blocked
Landroid/os/StatsDimensionsValueParcel;->stringValue:Ljava/lang/String;,blocked
Landroid/os/StatsDimensionsValueParcel;->tupleValue:[Landroid/os/StatsDimensionsValueParcel;,blocked
Landroid/os/StatsDimensionsValueParcel;->valueType:I,blocked
Landroid/os/StatsDimensionsValueParcel;->writeToParcel(Landroid/os/Parcel;I)V,public-api,sdk,system-api,test-api
Landroid/os/StatsFrameworkInitializer$$ExternalSyntheticLambda0;-><clinit>()V,blocked
Landroid/os/StatsFrameworkInitializer$$ExternalSyntheticLambda0;-><init>()V,blocked
Landroid/os/StatsFrameworkInitializer$$ExternalSyntheticLambda0;->INSTANCE:Landroid/os/StatsFrameworkInitializer$$ExternalSyntheticLambda0;,blocked
Landroid/os/StatsFrameworkInitializer$$ExternalSyntheticLambda0;->createService(Landroid/content/Context;)Ljava/lang/Object;,sdk,system-api,test-api
Landroid/os/StatsFrameworkInitializer;-><init>()V,blocked
Landroid/os/StatsFrameworkInitializer;->getStatsServiceManager()Landroid/os/StatsServiceManager;,blocked
Landroid/os/StatsFrameworkInitializer;->lambda$registerServiceWrappers$0(Landroid/content/Context;)Landroid/app/StatsManager;,blocked
Landroid/os/StatsFrameworkInitializer;->registerServiceWrappers()V,blocked
Landroid/os/StatsFrameworkInitializer;->sStatsServiceManager:Landroid/os/StatsServiceManager;,blocked
Landroid/os/StatsFrameworkInitializer;->setStatsServiceManager(Landroid/os/StatsServiceManager;)V,blocked
Landroid/util/StatsEvent$Buffer;-><clinit>()V,blocked
Landroid/util/StatsEvent$Buffer;-><init>()V,blocked
Landroid/util/StatsEvent$Buffer;->access$000()Landroid/util/StatsEvent$Buffer;,blocked
Landroid/util/StatsEvent$Buffer;->access$1000(Landroid/util/StatsEvent$Buffer;)Z,blocked
Landroid/util/StatsEvent$Buffer;->access$1100(Landroid/util/StatsEvent$Buffer;)[B,blocked
Landroid/util/StatsEvent$Buffer;->access$200(Landroid/util/StatsEvent$Buffer;)V,blocked
Landroid/util/StatsEvent$Buffer;->access$300(Landroid/util/StatsEvent$Buffer;IZ)I,blocked
Landroid/util/StatsEvent$Buffer;->access$400(Landroid/util/StatsEvent$Buffer;II)I,blocked
Landroid/util/StatsEvent$Buffer;->access$500(Landroid/util/StatsEvent$Buffer;IJ)I,blocked
Landroid/util/StatsEvent$Buffer;->access$600(Landroid/util/StatsEvent$Buffer;IF)I,blocked
Landroid/util/StatsEvent$Buffer;->access$700(Landroid/util/StatsEvent$Buffer;I[B)I,blocked
Landroid/util/StatsEvent$Buffer;->access$800(Landroid/util/StatsEvent$Buffer;IB)I,blocked
Landroid/util/StatsEvent$Buffer;->access$900(Landroid/util/StatsEvent$Buffer;II)V,blocked
Landroid/util/StatsEvent$Buffer;->getBytes()[B,blocked
Landroid/util/StatsEvent$Buffer;->hasEnoughSpace(II)Z,blocked
Landroid/util/StatsEvent$Buffer;->hasOverflowed()Z,blocked
Landroid/util/StatsEvent$Buffer;->mBytes:[B,blocked
Landroid/util/StatsEvent$Buffer;->mMaxSize:I,blocked
Landroid/util/StatsEvent$Buffer;->mOverflow:Z,blocked
Landroid/util/StatsEvent$Buffer;->obtain()Landroid/util/StatsEvent$Buffer;,blocked
Landroid/util/StatsEvent$Buffer;->putBoolean(IZ)I,blocked
Landroid/util/StatsEvent$Buffer;->putByte(IB)I,blocked
Landroid/util/StatsEvent$Buffer;->putByteArray(I[B)I,blocked
Landroid/util/StatsEvent$Buffer;->putFloat(IF)I,blocked
Landroid/util/StatsEvent$Buffer;->putInt(II)I,blocked
Landroid/util/StatsEvent$Buffer;->putLong(IJ)I,blocked
Landroid/util/StatsEvent$Buffer;->release()V,blocked
Landroid/util/StatsEvent$Buffer;->reset()V,blocked
Landroid/util/StatsEvent$Buffer;->sLock:Ljava/lang/Object;,blocked
Landroid/util/StatsEvent$Buffer;->sPool:Landroid/util/StatsEvent$Buffer;,blocked
Landroid/util/StatsEvent$Buffer;->setMaxSize(II)V,blocked
Landroid/util/StatsEvent$Builder;-><init>(Landroid/util/StatsEvent$Buffer;)V,blocked
Landroid/util/StatsEvent$Builder;-><init>(Landroid/util/StatsEvent$Buffer;Landroid/util/StatsEvent$1;)V,blocked
Landroid/util/StatsEvent$Builder;->POS_ATOM_ID:I,blocked
Landroid/util/StatsEvent$Builder;->POS_NUM_ELEMENTS:I,blocked
Landroid/util/StatsEvent$Builder;->POS_TIMESTAMP_NS:I,blocked
Landroid/util/StatsEvent$Builder;->addBooleanAnnotation(BZ)Landroid/util/StatsEvent$Builder;,sdk,system-api,test-api
Landroid/util/StatsEvent$Builder;->addIntAnnotation(BI)Landroid/util/StatsEvent$Builder;,sdk,system-api,test-api
Landroid/util/StatsEvent$Builder;->build()Landroid/util/StatsEvent;,sdk,system-api,test-api
Landroid/util/StatsEvent$Builder;->mAtomId:I,blocked
Landroid/util/StatsEvent$Builder;->mBuffer:Landroid/util/StatsEvent$Buffer;,blocked
Landroid/util/StatsEvent$Builder;->mCurrentAnnotationCount:B,blocked
Landroid/util/StatsEvent$Builder;->mErrorMask:I,blocked
Landroid/util/StatsEvent$Builder;->mLastType:B,blocked
Landroid/util/StatsEvent$Builder;->mNumElements:I,blocked
Landroid/util/StatsEvent$Builder;->mPos:I,blocked
Landroid/util/StatsEvent$Builder;->mPosLastField:I,blocked
Landroid/util/StatsEvent$Builder;->mTimestampNs:J,blocked
Landroid/util/StatsEvent$Builder;->mUsePooledBuffer:Z,blocked
Landroid/util/StatsEvent$Builder;->setAtomId(I)Landroid/util/StatsEvent$Builder;,sdk,system-api,test-api
Landroid/util/StatsEvent$Builder;->stringToBytes(Ljava/lang/String;)[B,blocked
Landroid/util/StatsEvent$Builder;->usePooledBuffer()Landroid/util/StatsEvent$Builder;,sdk,system-api,test-api
Landroid/util/StatsEvent$Builder;->writeAnnotationCount()V,blocked
Landroid/util/StatsEvent$Builder;->writeAttributionChain([I[Ljava/lang/String;)Landroid/util/StatsEvent$Builder;,sdk,system-api,test-api
Landroid/util/StatsEvent$Builder;->writeBoolean(Z)Landroid/util/StatsEvent$Builder;,sdk,system-api,test-api
Landroid/util/StatsEvent$Builder;->writeByteArray([B)Landroid/util/StatsEvent$Builder;,sdk,system-api,test-api
Landroid/util/StatsEvent$Builder;->writeByteArray([BB)V,blocked
Landroid/util/StatsEvent$Builder;->writeFloat(F)Landroid/util/StatsEvent$Builder;,sdk,system-api,test-api
Landroid/util/StatsEvent$Builder;->writeInt(I)Landroid/util/StatsEvent$Builder;,sdk,system-api,test-api
Landroid/util/StatsEvent$Builder;->writeKeyValuePairs(Landroid/util/SparseIntArray;Landroid/util/SparseLongArray;Landroid/util/SparseArray;Landroid/util/SparseArray;)Landroid/util/StatsEvent$Builder;,sdk,system-api,test-api
Landroid/util/StatsEvent$Builder;->writeLong(J)Landroid/util/StatsEvent$Builder;,sdk,system-api,test-api
Landroid/util/StatsEvent$Builder;->writeString(Ljava/lang/String;)Landroid/util/StatsEvent$Builder;,sdk,system-api,test-api
Landroid/util/StatsEvent$Builder;->writeTypeId(B)V,blocked
Landroid/util/StatsEvent;-><init>(ILandroid/util/StatsEvent$Buffer;[BI)V,blocked
Landroid/util/StatsEvent;-><init>(ILandroid/util/StatsEvent$Buffer;[BILandroid/util/StatsEvent$1;)V,blocked
Landroid/util/StatsEvent;->ERROR_ANNOTATION_DOES_NOT_FOLLOW_FIELD:I,blocked
Landroid/util/StatsEvent;->ERROR_ANNOTATION_ID_TOO_LARGE:I,blocked
Landroid/util/StatsEvent;->ERROR_ATOM_ID_INVALID_POSITION:I,blocked
Landroid/util/StatsEvent;->ERROR_ATTRIBUTION_CHAIN_TOO_LONG:I,blocked
Landroid/util/StatsEvent;->ERROR_ATTRIBUTION_UIDS_TAGS_SIZES_NOT_EQUAL:I,blocked
Landroid/util/StatsEvent;->ERROR_INVALID_ANNOTATION_ID:I,blocked
Landroid/util/StatsEvent;->ERROR_NO_ATOM_ID:I,blocked
Landroid/util/StatsEvent;->ERROR_NO_TIMESTAMP:I,blocked
Landroid/util/StatsEvent;->ERROR_OVERFLOW:I,blocked
Landroid/util/StatsEvent;->ERROR_TOO_MANY_ANNOTATIONS:I,blocked
Landroid/util/StatsEvent;->ERROR_TOO_MANY_FIELDS:I,blocked
Landroid/util/StatsEvent;->ERROR_TOO_MANY_KEY_VALUE_PAIRS:I,blocked
Landroid/util/StatsEvent;->LOGGER_ENTRY_MAX_PAYLOAD:I,blocked
Landroid/util/StatsEvent;->MAX_ANNOTATION_COUNT:I,blocked
Landroid/util/StatsEvent;->MAX_ATTRIBUTION_NODES:I,blocked
Landroid/util/StatsEvent;->MAX_KEY_VALUE_PAIRS:I,blocked
Landroid/util/StatsEvent;->MAX_NUM_ELEMENTS:I,blocked
Landroid/util/StatsEvent;->MAX_PULL_PAYLOAD_SIZE:I,blocked
Landroid/util/StatsEvent;->MAX_PUSH_PAYLOAD_SIZE:I,blocked
Landroid/util/StatsEvent;->TYPE_ATTRIBUTION_CHAIN:B,blocked
Landroid/util/StatsEvent;->TYPE_BOOLEAN:B,blocked
Landroid/util/StatsEvent;->TYPE_BYTE_ARRAY:B,blocked
Landroid/util/StatsEvent;->TYPE_ERRORS:B,blocked
Landroid/util/StatsEvent;->TYPE_FLOAT:B,blocked
Landroid/util/StatsEvent;->TYPE_INT:B,blocked
Landroid/util/StatsEvent;->TYPE_KEY_VALUE_PAIRS:B,blocked
Landroid/util/StatsEvent;->TYPE_LIST:B,blocked
Landroid/util/StatsEvent;->TYPE_LONG:B,blocked
Landroid/util/StatsEvent;->TYPE_OBJECT:B,blocked
Landroid/util/StatsEvent;->TYPE_STRING:B,blocked
Landroid/util/StatsEvent;->getAtomId()I,blocked
Landroid/util/StatsEvent;->getBytes()[B,blocked
Landroid/util/StatsEvent;->getNumBytes()I,blocked
Landroid/util/StatsEvent;->mAtomId:I,blocked
Landroid/util/StatsEvent;->mBuffer:Landroid/util/StatsEvent$Buffer;,blocked
Landroid/util/StatsEvent;->mNumBytes:I,blocked
Landroid/util/StatsEvent;->mPayload:[B,blocked
Landroid/util/StatsEvent;->newBuilder()Landroid/util/StatsEvent$Builder;,sdk,system-api,test-api
Landroid/util/StatsEvent;->release()V,blocked
Landroid/util/StatsEventParcel$1;-><init>()V,blocked
Landroid/util/StatsEventParcel$1;->createFromParcel(Landroid/os/Parcel;)Landroid/util/StatsEventParcel;,blocked
Landroid/util/StatsEventParcel$1;->createFromParcel(Landroid/os/Parcel;)Ljava/lang/Object;,public-api,sdk,system-api,test-api
Landroid/util/StatsEventParcel$1;->newArray(I)[Landroid/util/StatsEventParcel;,blocked
Landroid/util/StatsEventParcel$1;->newArray(I)[Ljava/lang/Object;,public-api,sdk,system-api,test-api
Landroid/util/StatsEventParcel;-><clinit>()V,blocked
Landroid/util/StatsEventParcel;-><init>()V,blocked
Landroid/util/StatsEventParcel;->CREATOR:Landroid/os/Parcelable$Creator;,blocked
Landroid/util/StatsEventParcel;->buffer:[B,blocked
Landroid/util/StatsEventParcel;->describeContents()I,public-api,sdk,system-api,test-api
Landroid/util/StatsEventParcel;->readFromParcel(Landroid/os/Parcel;)V,blocked
Landroid/util/StatsEventParcel;->writeToParcel(Landroid/os/Parcel;I)V,public-api,sdk,system-api,test-api
Landroid/util/StatsLog;-><clinit>()V,blocked
Landroid/util/StatsLog;-><init>()V,lo-prio,max-target-o
Landroid/util/StatsLog;->ANNOTATION_ID_DEFAULT_STATE:B,sdk,system-api,test-api
Landroid/util/StatsLog;->ANNOTATION_ID_EXCLUSIVE_STATE:B,sdk,system-api,test-api
Landroid/util/StatsLog;->ANNOTATION_ID_IS_UID:B,sdk,system-api,test-api
Landroid/util/StatsLog;->ANNOTATION_ID_PRIMARY_FIELD:B,sdk,system-api,test-api
Landroid/util/StatsLog;->ANNOTATION_ID_PRIMARY_FIELD_FIRST_UID:B,sdk,system-api,test-api
Landroid/util/StatsLog;->ANNOTATION_ID_STATE_NESTED:B,sdk,system-api,test-api
Landroid/util/StatsLog;->ANNOTATION_ID_TRIGGER_STATE_RESET:B,sdk,system-api,test-api
Landroid/util/StatsLog;->ANNOTATION_ID_TRUNCATE_TIMESTAMP:B,sdk,system-api,test-api
Landroid/util/StatsLog;->DEBUG:Z,lo-prio,max-target-o
Landroid/util/StatsLog;->EXPERIMENT_IDS_FIELD_ID:I,blocked
Landroid/util/StatsLog;->TAG:Ljava/lang/String;,lo-prio,max-target-o
Landroid/util/StatsLog;->enforceDumpCallingPermission(Landroid/content/Context;)V,blocked
Landroid/util/StatsLog;->enforcesageStatsCallingPermission(Landroid/content/Context;)V,blocked
Landroid/util/StatsLog;->logBinaryPushStateChanged(Ljava/lang/String;JII[J)Z,public-api,sdk,system-api,test-api
Landroid/util/StatsLog;->logEvent(I)Z,public-api,sdk,system-api,test-api
Landroid/util/StatsLog;->logStart(I)Z,public-api,sdk,system-api,test-api
Landroid/util/StatsLog;->logStop(I)Z,public-api,sdk,system-api,test-api
Landroid/util/StatsLog;->write(Landroid/util/StatsEvent;)V,sdk,system-api,test-api
Landroid/util/StatsLog;->writeImpl([BII)V,blocked
Landroid/util/StatsLog;->writeRaw([BI)V,sdk,system-api,test-api
Lcom/android/internal/statsd/StatsdStatsLog;-><clinit>()V,blocked
Lcom/android/internal/statsd/StatsdStatsLog;-><init>()V,blocked
Lcom/android/internal/statsd/StatsdStatsLog;->ANNOTATION_ID_EXCLUSIVE_STATE:B,blocked
Lcom/android/internal/statsd/StatsdStatsLog;->ANNOTATION_ID_IS_UID:B,blocked
Lcom/android/internal/statsd/StatsdStatsLog;->ANNOTATION_ID_PRIMARY_FIELD:B,blocked
Lcom/android/internal/statsd/StatsdStatsLog;->ANNOTATION_ID_PRIMARY_FIELD_FIRST_UID:B,blocked
Lcom/android/internal/statsd/StatsdStatsLog;->ANNOTATION_ID_STATE_NESTED:B,blocked
Lcom/android/internal/statsd/StatsdStatsLog;->ANNOTATION_ID_TRIGGER_STATE_RESET:B,blocked
Lcom/android/internal/statsd/StatsdStatsLog;->ANNOTATION_ID_TRUNCATE_TIMESTAMP:B,blocked
Lcom/android/internal/statsd/StatsdStatsLog;->ANOMALY_DETECTED:I,blocked
Lcom/android/internal/statsd/StatsdStatsLog;->APP_BREADCRUMB_REPORTED:I,blocked
Lcom/android/internal/statsd/StatsdStatsLog;->APP_BREADCRUMB_REPORTED__STATE__START:I,blocked
Lcom/android/internal/statsd/StatsdStatsLog;->APP_BREADCRUMB_REPORTED__STATE__STOP:I,blocked
Lcom/android/internal/statsd/StatsdStatsLog;->APP_BREADCRUMB_REPORTED__STATE__UNKNOWN:I,blocked
Lcom/android/internal/statsd/StatsdStatsLog;->APP_BREADCRUMB_REPORTED__STATE__UNSPECIFIED:I,blocked
Lcom/android/internal/statsd/StatsdStatsLog;->BINARY_PUSH_STATE_CHANGED:I,blocked
Lcom/android/internal/statsd/StatsdStatsLog;->BINARY_PUSH_STATE_CHANGED__STATE__INSTALLER_ROLLBACK_BOOT_TRIGGERED:I,blocked
Lcom/android/internal/statsd/StatsdStatsLog;->BINARY_PUSH_STATE_CHANGED__STATE__INSTALLER_ROLLBACK_BOOT_TRIGGERED_FAILURE:I,blocked
Lcom/android/internal/statsd/StatsdStatsLog;->BINARY_PUSH_STATE_CHANGED__STATE__INSTALLER_ROLLBACK_FAILURE:I,blocked
Lcom/android/internal/statsd/StatsdStatsLog;->BINARY_PUSH_STATE_CHANGED__STATE__INSTALLER_ROLLBACK_INITIATED:I,blocked
Lcom/android/internal/statsd/StatsdStatsLog;->BINARY_PUSH_STATE_CHANGED__STATE__INSTALLER_ROLLBACK_INITIATED_FAILURE:I,blocked
Lcom/android/internal/statsd/StatsdStatsLog;->BINARY_PUSH_STATE_CHANGED__STATE__INSTALLER_ROLLBACK_REQUESTED:I,blocked
Lcom/android/internal/statsd/StatsdStatsLog;->BINARY_PUSH_STATE_CHANGED__STATE__INSTALLER_ROLLBACK_STAGED:I,blocked
Lcom/android/internal/statsd/StatsdStatsLog;->BINARY_PUSH_STATE_CHANGED__STATE__INSTALLER_ROLLBACK_STAGED_CANCEL_FAILURE:I,blocked
Lcom/android/internal/statsd/StatsdStatsLog;->BINARY_PUSH_STATE_CHANGED__STATE__INSTALLER_ROLLBACK_STAGED_CANCEL_REQUESTED:I,blocked
Lcom/android/internal/statsd/StatsdStatsLog;->BINARY_PUSH_STATE_CHANGED__STATE__INSTALLER_ROLLBACK_STAGED_CANCEL_SUCCESS:I,blocked
Lcom/android/internal/statsd/StatsdStatsLog;->BINARY_PUSH_STATE_CHANGED__STATE__INSTALLER_ROLLBACK_STAGED_FAILURE:I,blocked
Lcom/android/internal/statsd/StatsdStatsLog;->BINARY_PUSH_STATE_CHANGED__STATE__INSTALLER_ROLLBACK_SUCCESS:I,blocked
Lcom/android/internal/statsd/StatsdStatsLog;->BINARY_PUSH_STATE_CHANGED__STATE__INSTALL_CANCELLED:I,blocked
Lcom/android/internal/statsd/StatsdStatsLog;->BINARY_PUSH_STATE_CHANGED__STATE__INSTALL_FAILURE:I,blocked
Lcom/android/internal/statsd/StatsdStatsLog;->BINARY_PUSH_STATE_CHANGED__STATE__INSTALL_FAILURE_COMMIT:I,blocked
Lcom/android/internal/statsd/StatsdStatsLog;->BINARY_PUSH_STATE_CHANGED__STATE__INSTALL_FAILURE_DOWNLOAD:I,blocked
Lcom/android/internal/statsd/StatsdStatsLog;->BINARY_PUSH_STATE_CHANGED__STATE__INSTALL_FAILURE_STATE_MISMATCH:I,blocked
Lcom/android/internal/statsd/StatsdStatsLog;->BINARY_PUSH_STATE_CHANGED__STATE__INSTALL_REQUESTED:I,blocked
Lcom/android/internal/statsd/StatsdStatsLog;->BINARY_PUSH_STATE_CHANGED__STATE__INSTALL_STAGED_CANCEL_FAILURE:I,blocked
Lcom/android/internal/statsd/StatsdStatsLog;->BINARY_PUSH_STATE_CHANGED__STATE__INSTALL_STAGED_CANCEL_REQUESTED:I,blocked
Lcom/android/internal/statsd/StatsdStatsLog;->BINARY_PUSH_STATE_CHANGED__STATE__INSTALL_STAGED_CANCEL_SUCCESS:I,blocked
Lcom/android/internal/statsd/StatsdStatsLog;->BINARY_PUSH_STATE_CHANGED__STATE__INSTALL_STAGED_NOT_READY:I,blocked
Lcom/android/internal/statsd/StatsdStatsLog;->BINARY_PUSH_STATE_CHANGED__STATE__INSTALL_STAGED_READY:I,blocked
Lcom/android/internal/statsd/StatsdStatsLog;->BINARY_PUSH_STATE_CHANGED__STATE__INSTALL_STARTED:I,blocked
Lcom/android/internal/statsd/StatsdStatsLog;->BINARY_PUSH_STATE_CHANGED__STATE__INSTALL_SUCCESS:I,blocked
Lcom/android/internal/statsd/StatsdStatsLog;->BINARY_PUSH_STATE_CHANGED__STATE__NOTIFICATION_RESTART_ELIGIBLE:I,blocked
Lcom/android/internal/statsd/StatsdStatsLog;->BINARY_PUSH_STATE_CHANGED__STATE__NO_REBOOT_PROMOTION_STRATEGY_ELIGIBLE:I,blocked
Lcom/android/internal/statsd/StatsdStatsLog;->BINARY_PUSH_STATE_CHANGED__STATE__REBOOT_NOT_REQUIRED:I,blocked
Lcom/android/internal/statsd/StatsdStatsLog;->BINARY_PUSH_STATE_CHANGED__STATE__REBOOT_TRIGGERED:I,blocked
Lcom/android/internal/statsd/StatsdStatsLog;->BINARY_PUSH_STATE_CHANGED__STATE__REBOOT_TRIGGER_FAILURE:I,blocked
Lcom/android/internal/statsd/StatsdStatsLog;->BINARY_PUSH_STATE_CHANGED__STATE__SOFT_RESTART_ELIGIBLE:I,blocked
Lcom/android/internal/statsd/StatsdStatsLog;->BINARY_PUSH_STATE_CHANGED__STATE__UNKNOWN:I,blocked
Lcom/android/internal/statsd/StatsdStatsLog;->BINDER_CALLS:I,blocked
Lcom/android/internal/statsd/StatsdStatsLog;->CPU_TIME_PER_UID_FREQ:I,blocked
Lcom/android/internal/statsd/StatsdStatsLog;->DAVEY_OCCURRED:I,blocked
Lcom/android/internal/statsd/StatsdStatsLog;->ISOLATED_UID_CHANGED:I,blocked
Lcom/android/internal/statsd/StatsdStatsLog;->ISOLATED_UID_CHANGED__EVENT__CREATED:I,blocked
Lcom/android/internal/statsd/StatsdStatsLog;->ISOLATED_UID_CHANGED__EVENT__REMOVED:I,blocked
Lcom/android/internal/statsd/StatsdStatsLog;->KEY_VALUE_PAIRS_ATOM:I,blocked
Lcom/android/internal/statsd/StatsdStatsLog;->LOOPER_STATS:I,blocked
Lcom/android/internal/statsd/StatsdStatsLog;->TRAIN_INFO:I,blocked
Lcom/android/internal/statsd/StatsdStatsLog;->TRAIN_INFO__STATUS__INSTALLER_ROLLBACK_BOOT_TRIGGERED:I,blocked
Lcom/android/internal/statsd/StatsdStatsLog;->TRAIN_INFO__STATUS__INSTALLER_ROLLBACK_BOOT_TRIGGERED_FAILURE:I,blocked
Lcom/android/internal/statsd/StatsdStatsLog;->TRAIN_INFO__STATUS__INSTALLER_ROLLBACK_FAILURE:I,blocked
Lcom/android/internal/statsd/StatsdStatsLog;->TRAIN_INFO__STATUS__INSTALLER_ROLLBACK_INITIATED:I,blocked
Lcom/android/internal/statsd/StatsdStatsLog;->TRAIN_INFO__STATUS__INSTALLER_ROLLBACK_INITIATED_FAILURE:I,blocked
Lcom/android/internal/statsd/StatsdStatsLog;->TRAIN_INFO__STATUS__INSTALLER_ROLLBACK_REQUESTED:I,blocked
Lcom/android/internal/statsd/StatsdStatsLog;->TRAIN_INFO__STATUS__INSTALLER_ROLLBACK_STAGED:I,blocked
Lcom/android/internal/statsd/StatsdStatsLog;->TRAIN_INFO__STATUS__INSTALLER_ROLLBACK_STAGED_CANCEL_FAILURE:I,blocked
Lcom/android/internal/statsd/StatsdStatsLog;->TRAIN_INFO__STATUS__INSTALLER_ROLLBACK_STAGED_CANCEL_REQUESTED:I,blocked
Lcom/android/internal/statsd/StatsdStatsLog;->TRAIN_INFO__STATUS__INSTALLER_ROLLBACK_STAGED_CANCEL_SUCCESS:I,blocked
Lcom/android/internal/statsd/StatsdStatsLog;->TRAIN_INFO__STATUS__INSTALLER_ROLLBACK_STAGED_FAILURE:I,blocked
Lcom/android/internal/statsd/StatsdStatsLog;->TRAIN_INFO__STATUS__INSTALLER_ROLLBACK_SUCCESS:I,blocked
Lcom/android/internal/statsd/StatsdStatsLog;->TRAIN_INFO__STATUS__INSTALL_CANCELLED:I,blocked
Lcom/android/internal/statsd/StatsdStatsLog;->TRAIN_INFO__STATUS__INSTALL_FAILURE:I,blocked
Lcom/android/internal/statsd/StatsdStatsLog;->TRAIN_INFO__STATUS__INSTALL_FAILURE_COMMIT:I,blocked
Lcom/android/internal/statsd/StatsdStatsLog;->TRAIN_INFO__STATUS__INSTALL_FAILURE_DOWNLOAD:I,blocked
Lcom/android/internal/statsd/StatsdStatsLog;->TRAIN_INFO__STATUS__INSTALL_FAILURE_STATE_MISMATCH:I,blocked
Lcom/android/internal/statsd/StatsdStatsLog;->TRAIN_INFO__STATUS__INSTALL_REQUESTED:I,blocked
Lcom/android/internal/statsd/StatsdStatsLog;->TRAIN_INFO__STATUS__INSTALL_STAGED_CANCEL_FAILURE:I,blocked
Lcom/android/internal/statsd/StatsdStatsLog;->TRAIN_INFO__STATUS__INSTALL_STAGED_CANCEL_REQUESTED:I,blocked
Lcom/android/internal/statsd/StatsdStatsLog;->TRAIN_INFO__STATUS__INSTALL_STAGED_CANCEL_SUCCESS:I,blocked
Lcom/android/internal/statsd/StatsdStatsLog;->TRAIN_INFO__STATUS__INSTALL_STAGED_NOT_READY:I,blocked
Lcom/android/internal/statsd/StatsdStatsLog;->TRAIN_INFO__STATUS__INSTALL_STAGED_READY:I,blocked
Lcom/android/internal/statsd/StatsdStatsLog;->TRAIN_INFO__STATUS__INSTALL_STARTED:I,blocked
Lcom/android/internal/statsd/StatsdStatsLog;->TRAIN_INFO__STATUS__INSTALL_SUCCESS:I,blocked
Lcom/android/internal/statsd/StatsdStatsLog;->TRAIN_INFO__STATUS__REBOOT_TRIGGERED:I,blocked
Lcom/android/internal/statsd/StatsdStatsLog;->TRAIN_INFO__STATUS__UNKNOWN:I,blocked
Lcom/android/internal/statsd/StatsdStatsLog;->WATCHDOG_ROLLBACK_OCCURRED:I,blocked
Lcom/android/internal/statsd/StatsdStatsLog;->WATCHDOG_ROLLBACK_OCCURRED__ROLLBACK_REASON__REASON_APP_CRASH:I,blocked
Lcom/android/internal/statsd/StatsdStatsLog;->WATCHDOG_ROLLBACK_OCCURRED__ROLLBACK_REASON__REASON_APP_NOT_RESPONDING:I,blocked
Lcom/android/internal/statsd/StatsdStatsLog;->WATCHDOG_ROLLBACK_OCCURRED__ROLLBACK_REASON__REASON_EXPLICIT_HEALTH_CHECK:I,blocked
Lcom/android/internal/statsd/StatsdStatsLog;->WATCHDOG_ROLLBACK_OCCURRED__ROLLBACK_REASON__REASON_NATIVE_CRASH:I,blocked
Lcom/android/internal/statsd/StatsdStatsLog;->WATCHDOG_ROLLBACK_OCCURRED__ROLLBACK_REASON__REASON_NATIVE_CRASH_DURING_BOOT:I,blocked
Lcom/android/internal/statsd/StatsdStatsLog;->WATCHDOG_ROLLBACK_OCCURRED__ROLLBACK_REASON__REASON_UNKNOWN:I,blocked
Lcom/android/internal/statsd/StatsdStatsLog;->WATCHDOG_ROLLBACK_OCCURRED__ROLLBACK_TYPE__ROLLBACK_BOOT_TRIGGERED:I,blocked
Lcom/android/internal/statsd/StatsdStatsLog;->WATCHDOG_ROLLBACK_OCCURRED__ROLLBACK_TYPE__ROLLBACK_FAILURE:I,blocked
Lcom/android/internal/statsd/StatsdStatsLog;->WATCHDOG_ROLLBACK_OCCURRED__ROLLBACK_TYPE__ROLLBACK_INITIATE:I,blocked
Lcom/android/internal/statsd/StatsdStatsLog;->WATCHDOG_ROLLBACK_OCCURRED__ROLLBACK_TYPE__ROLLBACK_SUCCESS:I,blocked
Lcom/android/internal/statsd/StatsdStatsLog;->WATCHDOG_ROLLBACK_OCCURRED__ROLLBACK_TYPE__UNKNOWN:I,blocked
Lcom/android/internal/statsd/StatsdStatsLog;->buildStatsEvent(IIIJ)Landroid/util/StatsEvent;,blocked
Lcom/android/internal/statsd/StatsdStatsLog;->buildStatsEvent(IILjava/lang/String;Ljava/lang/String;JJJJJJJJJZI)Landroid/util/StatsEvent;,blocked
Lcom/android/internal/statsd/StatsdStatsLog;->buildStatsEvent(IILjava/lang/String;Ljava/lang/String;Ljava/lang/String;JJJJJZJJJJJ)Landroid/util/StatsEvent;,blocked
Lcom/android/internal/statsd/StatsdStatsLog;->buildStatsEvent(IJ[BLjava/lang/String;I)Landroid/util/StatsEvent;,blocked
Lcom/android/internal/statsd/StatsdStatsLog;->write(IIII)V,blocked
Lcom/android/internal/statsd/StatsdStatsLog;->write(IIJ)V,blocked
Lcom/android/internal/statsd/StatsdStatsLog;->write(IIJJ)V,blocked
Lcom/android/internal/statsd/StatsdStatsLog;->write(IILandroid/util/SparseArray;)V,blocked
Lcom/android/internal/statsd/StatsdStatsLog;->write(IILjava/lang/String;IILjava/lang/String;[B)V,blocked
Lcom/android/internal/statsd/StatsdStatsLog;->write(ILjava/lang/String;JZZZI[BIIZ)V,blocked
