Landroid/app/role/IOnRoleHoldersChangedListener$Default;-><init>()V,blocked
Landroid/app/role/IOnRoleHoldersChangedListener$Default;->asBinder()Landroid/os/IBinder;,public-api,sdk,system-api,test-api
Landroid/app/role/IOnRoleHoldersChangedListener$Default;->onRoleHoldersChanged(Ljava/lang/String;I)V,blocked
Landroid/app/role/IOnRoleHoldersChangedListener$Stub$Proxy;-><init>(Landroid/os/IBinder;)V,blocked
Landroid/app/role/IOnRoleHoldersChangedListener$Stub$Proxy;->asBinder()Landroid/os/IBinder;,public-api,sdk,system-api,test-api
Landroid/app/role/IOnRoleHoldersChangedListener$Stub$Proxy;->getInterfaceDescriptor()Ljava/lang/String;,blocked
Landroid/app/role/IOnRoleHoldersChangedListener$Stub$Proxy;->mRemote:Landroid/os/IBinder;,blocked
Landroid/app/role/IOnRoleHoldersChangedListener$Stub$Proxy;->onRoleHoldersChanged(Ljava/lang/String;I)V,blocked
Landroid/app/role/IOnRoleHoldersChangedListener$Stub$Proxy;->sDefaultImpl:Landroid/app/role/IOnRoleHoldersChangedListener;,blocked
Landroid/app/role/IOnRoleHoldersChangedListener$Stub;-><init>()V,blocked
Landroid/app/role/IOnRoleHoldersChangedListener$Stub;->TRANSACTION_onRoleHoldersChanged:I,blocked
Landroid/app/role/IOnRoleHoldersChangedListener$Stub;->asBinder()Landroid/os/IBinder;,public-api,sdk,system-api,test-api
Landroid/app/role/IOnRoleHoldersChangedListener$Stub;->asInterface(Landroid/os/IBinder;)Landroid/app/role/IOnRoleHoldersChangedListener;,blocked
Landroid/app/role/IOnRoleHoldersChangedListener$Stub;->getDefaultImpl()Landroid/app/role/IOnRoleHoldersChangedListener;,blocked
Landroid/app/role/IOnRoleHoldersChangedListener$Stub;->onTransact(ILandroid/os/Parcel;Landroid/os/Parcel;I)Z,public-api,sdk,system-api,test-api
Landroid/app/role/IOnRoleHoldersChangedListener$Stub;->setDefaultImpl(Landroid/app/role/IOnRoleHoldersChangedListener;)Z,blocked
Landroid/app/role/IOnRoleHoldersChangedListener;->DESCRIPTOR:Ljava/lang/String;,blocked
Landroid/app/role/IOnRoleHoldersChangedListener;->onRoleHoldersChanged(Ljava/lang/String;I)V,blocked
Landroid/app/role/IRoleController$Default;-><init>()V,blocked
Landroid/app/role/IRoleController$Default;->asBinder()Landroid/os/IBinder;,public-api,sdk,system-api,test-api
Landroid/app/role/IRoleController$Default;->grantDefaultRoles(Landroid/os/RemoteCallback;)V,blocked
Landroid/app/role/IRoleController$Default;->isApplicationQualifiedForRole(Ljava/lang/String;Ljava/lang/String;Landroid/os/RemoteCallback;)V,blocked
Landroid/app/role/IRoleController$Default;->isApplicationVisibleForRole(Ljava/lang/String;Ljava/lang/String;Landroid/os/RemoteCallback;)V,blocked
Landroid/app/role/IRoleController$Default;->isRoleVisible(Ljava/lang/String;Landroid/os/RemoteCallback;)V,blocked
Landroid/app/role/IRoleController$Default;->onAddRoleHolder(Ljava/lang/String;Ljava/lang/String;ILandroid/os/RemoteCallback;)V,blocked
Landroid/app/role/IRoleController$Default;->onClearRoleHolders(Ljava/lang/String;ILandroid/os/RemoteCallback;)V,blocked
Landroid/app/role/IRoleController$Default;->onRemoveRoleHolder(Ljava/lang/String;Ljava/lang/String;ILandroid/os/RemoteCallback;)V,blocked
Landroid/app/role/IRoleController$Stub$Proxy;-><init>(Landroid/os/IBinder;)V,blocked
Landroid/app/role/IRoleController$Stub$Proxy;->asBinder()Landroid/os/IBinder;,public-api,sdk,system-api,test-api
Landroid/app/role/IRoleController$Stub$Proxy;->getInterfaceDescriptor()Ljava/lang/String;,blocked
Landroid/app/role/IRoleController$Stub$Proxy;->grantDefaultRoles(Landroid/os/RemoteCallback;)V,blocked
Landroid/app/role/IRoleController$Stub$Proxy;->isApplicationQualifiedForRole(Ljava/lang/String;Ljava/lang/String;Landroid/os/RemoteCallback;)V,blocked
Landroid/app/role/IRoleController$Stub$Proxy;->isApplicationVisibleForRole(Ljava/lang/String;Ljava/lang/String;Landroid/os/RemoteCallback;)V,blocked
Landroid/app/role/IRoleController$Stub$Proxy;->isRoleVisible(Ljava/lang/String;Landroid/os/RemoteCallback;)V,blocked
Landroid/app/role/IRoleController$Stub$Proxy;->mRemote:Landroid/os/IBinder;,blocked
Landroid/app/role/IRoleController$Stub$Proxy;->onAddRoleHolder(Ljava/lang/String;Ljava/lang/String;ILandroid/os/RemoteCallback;)V,blocked
Landroid/app/role/IRoleController$Stub$Proxy;->onClearRoleHolders(Ljava/lang/String;ILandroid/os/RemoteCallback;)V,blocked
Landroid/app/role/IRoleController$Stub$Proxy;->onRemoveRoleHolder(Ljava/lang/String;Ljava/lang/String;ILandroid/os/RemoteCallback;)V,blocked
Landroid/app/role/IRoleController$Stub$Proxy;->sDefaultImpl:Landroid/app/role/IRoleController;,blocked
Landroid/app/role/IRoleController$Stub;-><init>()V,blocked
Landroid/app/role/IRoleController$Stub;->TRANSACTION_grantDefaultRoles:I,blocked
Landroid/app/role/IRoleController$Stub;->TRANSACTION_isApplicationQualifiedForRole:I,blocked
Landroid/app/role/IRoleController$Stub;->TRANSACTION_isApplicationVisibleForRole:I,blocked
Landroid/app/role/IRoleController$Stub;->TRANSACTION_isRoleVisible:I,blocked
Landroid/app/role/IRoleController$Stub;->TRANSACTION_onAddRoleHolder:I,blocked
Landroid/app/role/IRoleController$Stub;->TRANSACTION_onClearRoleHolders:I,blocked
Landroid/app/role/IRoleController$Stub;->TRANSACTION_onRemoveRoleHolder:I,blocked
Landroid/app/role/IRoleController$Stub;->asBinder()Landroid/os/IBinder;,public-api,sdk,system-api,test-api
Landroid/app/role/IRoleController$Stub;->asInterface(Landroid/os/IBinder;)Landroid/app/role/IRoleController;,blocked
Landroid/app/role/IRoleController$Stub;->getDefaultImpl()Landroid/app/role/IRoleController;,blocked
Landroid/app/role/IRoleController$Stub;->onTransact(ILandroid/os/Parcel;Landroid/os/Parcel;I)Z,public-api,sdk,system-api,test-api
Landroid/app/role/IRoleController$Stub;->setDefaultImpl(Landroid/app/role/IRoleController;)Z,blocked
Landroid/app/role/IRoleController;->DESCRIPTOR:Ljava/lang/String;,blocked
Landroid/app/role/IRoleController;->grantDefaultRoles(Landroid/os/RemoteCallback;)V,blocked
Landroid/app/role/IRoleController;->isApplicationQualifiedForRole(Ljava/lang/String;Ljava/lang/String;Landroid/os/RemoteCallback;)V,blocked
Landroid/app/role/IRoleController;->isApplicationVisibleForRole(Ljava/lang/String;Ljava/lang/String;Landroid/os/RemoteCallback;)V,blocked
Landroid/app/role/IRoleController;->isRoleVisible(Ljava/lang/String;Landroid/os/RemoteCallback;)V,blocked
Landroid/app/role/IRoleController;->onAddRoleHolder(Ljava/lang/String;Ljava/lang/String;ILandroid/os/RemoteCallback;)V,blocked
Landroid/app/role/IRoleController;->onClearRoleHolders(Ljava/lang/String;ILandroid/os/RemoteCallback;)V,blocked
Landroid/app/role/IRoleController;->onRemoveRoleHolder(Ljava/lang/String;Ljava/lang/String;ILandroid/os/RemoteCallback;)V,blocked
Landroid/app/role/IRoleManager$Default;-><init>()V,blocked
Landroid/app/role/IRoleManager$Default;->addOnRoleHoldersChangedListenerAsUser(Landroid/app/role/IOnRoleHoldersChangedListener;I)V,blocked
Landroid/app/role/IRoleManager$Default;->addRoleHolderAsUser(Ljava/lang/String;Ljava/lang/String;IILandroid/os/RemoteCallback;)V,blocked
Landroid/app/role/IRoleManager$Default;->addRoleHolderFromController(Ljava/lang/String;Ljava/lang/String;)Z,blocked
Landroid/app/role/IRoleManager$Default;->asBinder()Landroid/os/IBinder;,public-api,sdk,system-api,test-api
Landroid/app/role/IRoleManager$Default;->clearRoleHoldersAsUser(Ljava/lang/String;IILandroid/os/RemoteCallback;)V,blocked
Landroid/app/role/IRoleManager$Default;->getBrowserRoleHolder(I)Ljava/lang/String;,blocked
Landroid/app/role/IRoleManager$Default;->getHeldRolesFromController(Ljava/lang/String;)Ljava/util/List;,blocked
Landroid/app/role/IRoleManager$Default;->getRoleHoldersAsUser(Ljava/lang/String;I)Ljava/util/List;,blocked
Landroid/app/role/IRoleManager$Default;->getSmsRoleHolder(I)Ljava/lang/String;,blocked
Landroid/app/role/IRoleManager$Default;->isBypassingRoleQualification()Z,blocked
Landroid/app/role/IRoleManager$Default;->isRoleAvailable(Ljava/lang/String;)Z,blocked
Landroid/app/role/IRoleManager$Default;->isRoleHeld(Ljava/lang/String;Ljava/lang/String;)Z,blocked
Landroid/app/role/IRoleManager$Default;->removeOnRoleHoldersChangedListenerAsUser(Landroid/app/role/IOnRoleHoldersChangedListener;I)V,blocked
Landroid/app/role/IRoleManager$Default;->removeRoleHolderAsUser(Ljava/lang/String;Ljava/lang/String;IILandroid/os/RemoteCallback;)V,blocked
Landroid/app/role/IRoleManager$Default;->removeRoleHolderFromController(Ljava/lang/String;Ljava/lang/String;)Z,blocked
Landroid/app/role/IRoleManager$Default;->setBrowserRoleHolder(Ljava/lang/String;I)Z,blocked
Landroid/app/role/IRoleManager$Default;->setBypassingRoleQualification(Z)V,blocked
Landroid/app/role/IRoleManager$Default;->setRoleNamesFromController(Ljava/util/List;)V,blocked
Landroid/app/role/IRoleManager$Stub$Proxy;-><init>(Landroid/os/IBinder;)V,blocked
Landroid/app/role/IRoleManager$Stub$Proxy;->addOnRoleHoldersChangedListenerAsUser(Landroid/app/role/IOnRoleHoldersChangedListener;I)V,blocked
Landroid/app/role/IRoleManager$Stub$Proxy;->addRoleHolderAsUser(Ljava/lang/String;Ljava/lang/String;IILandroid/os/RemoteCallback;)V,blocked
Landroid/app/role/IRoleManager$Stub$Proxy;->addRoleHolderFromController(Ljava/lang/String;Ljava/lang/String;)Z,blocked
Landroid/app/role/IRoleManager$Stub$Proxy;->asBinder()Landroid/os/IBinder;,public-api,sdk,system-api,test-api
Landroid/app/role/IRoleManager$Stub$Proxy;->clearRoleHoldersAsUser(Ljava/lang/String;IILandroid/os/RemoteCallback;)V,blocked
Landroid/app/role/IRoleManager$Stub$Proxy;->getBrowserRoleHolder(I)Ljava/lang/String;,blocked
Landroid/app/role/IRoleManager$Stub$Proxy;->getHeldRolesFromController(Ljava/lang/String;)Ljava/util/List;,blocked
Landroid/app/role/IRoleManager$Stub$Proxy;->getInterfaceDescriptor()Ljava/lang/String;,blocked
Landroid/app/role/IRoleManager$Stub$Proxy;->getRoleHoldersAsUser(Ljava/lang/String;I)Ljava/util/List;,blocked
Landroid/app/role/IRoleManager$Stub$Proxy;->getSmsRoleHolder(I)Ljava/lang/String;,blocked
Landroid/app/role/IRoleManager$Stub$Proxy;->isBypassingRoleQualification()Z,blocked
Landroid/app/role/IRoleManager$Stub$Proxy;->isRoleAvailable(Ljava/lang/String;)Z,blocked
Landroid/app/role/IRoleManager$Stub$Proxy;->isRoleHeld(Ljava/lang/String;Ljava/lang/String;)Z,blocked
Landroid/app/role/IRoleManager$Stub$Proxy;->mRemote:Landroid/os/IBinder;,blocked
Landroid/app/role/IRoleManager$Stub$Proxy;->removeOnRoleHoldersChangedListenerAsUser(Landroid/app/role/IOnRoleHoldersChangedListener;I)V,blocked
Landroid/app/role/IRoleManager$Stub$Proxy;->removeRoleHolderAsUser(Ljava/lang/String;Ljava/lang/String;IILandroid/os/RemoteCallback;)V,blocked
Landroid/app/role/IRoleManager$Stub$Proxy;->removeRoleHolderFromController(Ljava/lang/String;Ljava/lang/String;)Z,blocked
Landroid/app/role/IRoleManager$Stub$Proxy;->sDefaultImpl:Landroid/app/role/IRoleManager;,blocked
Landroid/app/role/IRoleManager$Stub$Proxy;->setBrowserRoleHolder(Ljava/lang/String;I)Z,blocked
Landroid/app/role/IRoleManager$Stub$Proxy;->setBypassingRoleQualification(Z)V,blocked
Landroid/app/role/IRoleManager$Stub$Proxy;->setRoleNamesFromController(Ljava/util/List;)V,blocked
Landroid/app/role/IRoleManager$Stub;-><init>()V,blocked
Landroid/app/role/IRoleManager$Stub;->TRANSACTION_addOnRoleHoldersChangedListenerAsUser:I,blocked
Landroid/app/role/IRoleManager$Stub;->TRANSACTION_addRoleHolderAsUser:I,blocked
Landroid/app/role/IRoleManager$Stub;->TRANSACTION_addRoleHolderFromController:I,blocked
Landroid/app/role/IRoleManager$Stub;->TRANSACTION_clearRoleHoldersAsUser:I,blocked
Landroid/app/role/IRoleManager$Stub;->TRANSACTION_getBrowserRoleHolder:I,blocked
Landroid/app/role/IRoleManager$Stub;->TRANSACTION_getHeldRolesFromController:I,blocked
Landroid/app/role/IRoleManager$Stub;->TRANSACTION_getRoleHoldersAsUser:I,blocked
Landroid/app/role/IRoleManager$Stub;->TRANSACTION_getSmsRoleHolder:I,blocked
Landroid/app/role/IRoleManager$Stub;->TRANSACTION_isBypassingRoleQualification:I,blocked
Landroid/app/role/IRoleManager$Stub;->TRANSACTION_isRoleAvailable:I,blocked
Landroid/app/role/IRoleManager$Stub;->TRANSACTION_isRoleHeld:I,blocked
Landroid/app/role/IRoleManager$Stub;->TRANSACTION_removeOnRoleHoldersChangedListenerAsUser:I,blocked
Landroid/app/role/IRoleManager$Stub;->TRANSACTION_removeRoleHolderAsUser:I,blocked
Landroid/app/role/IRoleManager$Stub;->TRANSACTION_removeRoleHolderFromController:I,blocked
Landroid/app/role/IRoleManager$Stub;->TRANSACTION_setBrowserRoleHolder:I,blocked
Landroid/app/role/IRoleManager$Stub;->TRANSACTION_setBypassingRoleQualification:I,blocked
Landroid/app/role/IRoleManager$Stub;->TRANSACTION_setRoleNamesFromController:I,blocked
Landroid/app/role/IRoleManager$Stub;->asBinder()Landroid/os/IBinder;,public-api,sdk,system-api,test-api
Landroid/app/role/IRoleManager$Stub;->asInterface(Landroid/os/IBinder;)Landroid/app/role/IRoleManager;,blocked
Landroid/app/role/IRoleManager$Stub;->getDefaultImpl()Landroid/app/role/IRoleManager;,blocked
Landroid/app/role/IRoleManager$Stub;->onTransact(ILandroid/os/Parcel;Landroid/os/Parcel;I)Z,public-api,sdk,system-api,test-api
Landroid/app/role/IRoleManager$Stub;->setDefaultImpl(Landroid/app/role/IRoleManager;)Z,blocked
Landroid/app/role/IRoleManager;->DESCRIPTOR:Ljava/lang/String;,blocked
Landroid/app/role/IRoleManager;->addOnRoleHoldersChangedListenerAsUser(Landroid/app/role/IOnRoleHoldersChangedListener;I)V,blocked
Landroid/app/role/IRoleManager;->addRoleHolderAsUser(Ljava/lang/String;Ljava/lang/String;IILandroid/os/RemoteCallback;)V,blocked
Landroid/app/role/IRoleManager;->addRoleHolderFromController(Ljava/lang/String;Ljava/lang/String;)Z,blocked
Landroid/app/role/IRoleManager;->clearRoleHoldersAsUser(Ljava/lang/String;IILandroid/os/RemoteCallback;)V,blocked
Landroid/app/role/IRoleManager;->getBrowserRoleHolder(I)Ljava/lang/String;,blocked
Landroid/app/role/IRoleManager;->getHeldRolesFromController(Ljava/lang/String;)Ljava/util/List;,blocked
Landroid/app/role/IRoleManager;->getRoleHoldersAsUser(Ljava/lang/String;I)Ljava/util/List;,blocked
Landroid/app/role/IRoleManager;->getSmsRoleHolder(I)Ljava/lang/String;,blocked
Landroid/app/role/IRoleManager;->isBypassingRoleQualification()Z,blocked
Landroid/app/role/IRoleManager;->isRoleAvailable(Ljava/lang/String;)Z,blocked
Landroid/app/role/IRoleManager;->isRoleHeld(Ljava/lang/String;Ljava/lang/String;)Z,blocked
Landroid/app/role/IRoleManager;->removeOnRoleHoldersChangedListenerAsUser(Landroid/app/role/IOnRoleHoldersChangedListener;I)V,blocked
Landroid/app/role/IRoleManager;->removeRoleHolderAsUser(Ljava/lang/String;Ljava/lang/String;IILandroid/os/RemoteCallback;)V,blocked
Landroid/app/role/IRoleManager;->removeRoleHolderFromController(Ljava/lang/String;Ljava/lang/String;)Z,blocked
Landroid/app/role/IRoleManager;->setBrowserRoleHolder(Ljava/lang/String;I)Z,blocked
Landroid/app/role/IRoleManager;->setBypassingRoleQualification(Z)V,blocked
Landroid/app/role/IRoleManager;->setRoleNamesFromController(Ljava/util/List;)V,blocked
Landroid/app/role/OnRoleHoldersChangedListener;->onRoleHoldersChanged(Ljava/lang/String;Landroid/os/UserHandle;)V,sdk,system-api,test-api
Landroid/app/role/RoleControllerManager$$ExternalSyntheticLambda0;-><init>(Lcom/android/permission/jarjar/com/android/internal/infra/AndroidFuture;)V,blocked
Landroid/app/role/RoleControllerManager$$ExternalSyntheticLambda0;->f$0:Lcom/android/permission/jarjar/com/android/internal/infra/AndroidFuture;,blocked
Landroid/app/role/RoleControllerManager$$ExternalSyntheticLambda0;->onResult(Landroid/os/Bundle;)V,sdk,system-api,test-api
Landroid/app/role/RoleControllerManager$$ExternalSyntheticLambda10;-><clinit>()V,blocked
Landroid/app/role/RoleControllerManager$$ExternalSyntheticLambda10;-><init>()V,blocked
Landroid/app/role/RoleControllerManager$$ExternalSyntheticLambda10;->INSTANCE:Landroid/app/role/RoleControllerManager$$ExternalSyntheticLambda10;,blocked
Landroid/app/role/RoleControllerManager$$ExternalSyntheticLambda10;->apply(Ljava/lang/Object;)Ljava/lang/Object;,core-platform-api,public-api,sdk,system-api,test-api
Landroid/app/role/RoleControllerManager$$ExternalSyntheticLambda1;-><init>(Ljava/lang/String;)V,blocked
Landroid/app/role/RoleControllerManager$$ExternalSyntheticLambda1;->f$0:Ljava/lang/String;,blocked
Landroid/app/role/RoleControllerManager$$ExternalSyntheticLambda1;->run(Ljava/lang/Object;)Ljava/lang/Object;,blocked
Landroid/app/role/RoleControllerManager$$ExternalSyntheticLambda2;-><init>(Ljava/lang/String;I)V,blocked
Landroid/app/role/RoleControllerManager$$ExternalSyntheticLambda2;->f$0:Ljava/lang/String;,blocked
Landroid/app/role/RoleControllerManager$$ExternalSyntheticLambda2;->f$1:I,blocked
Landroid/app/role/RoleControllerManager$$ExternalSyntheticLambda2;->run(Ljava/lang/Object;)Ljava/lang/Object;,blocked
Landroid/app/role/RoleControllerManager$$ExternalSyntheticLambda3;-><init>(Ljava/lang/String;Ljava/lang/String;)V,blocked
Landroid/app/role/RoleControllerManager$$ExternalSyntheticLambda3;->f$0:Ljava/lang/String;,blocked
Landroid/app/role/RoleControllerManager$$ExternalSyntheticLambda3;->f$1:Ljava/lang/String;,blocked
Landroid/app/role/RoleControllerManager$$ExternalSyntheticLambda3;->run(Ljava/lang/Object;)Ljava/lang/Object;,blocked
Landroid/app/role/RoleControllerManager$$ExternalSyntheticLambda4;-><init>(Ljava/lang/String;Ljava/lang/String;I)V,blocked
Landroid/app/role/RoleControllerManager$$ExternalSyntheticLambda4;->f$0:Ljava/lang/String;,blocked
Landroid/app/role/RoleControllerManager$$ExternalSyntheticLambda4;->f$1:Ljava/lang/String;,blocked
Landroid/app/role/RoleControllerManager$$ExternalSyntheticLambda4;->f$2:I,blocked
Landroid/app/role/RoleControllerManager$$ExternalSyntheticLambda4;->run(Ljava/lang/Object;)Ljava/lang/Object;,blocked
Landroid/app/role/RoleControllerManager$$ExternalSyntheticLambda5;-><init>(Ljava/lang/String;Ljava/lang/String;I)V,blocked
Landroid/app/role/RoleControllerManager$$ExternalSyntheticLambda5;->f$0:Ljava/lang/String;,blocked
Landroid/app/role/RoleControllerManager$$ExternalSyntheticLambda5;->f$1:Ljava/lang/String;,blocked
Landroid/app/role/RoleControllerManager$$ExternalSyntheticLambda5;->f$2:I,blocked
Landroid/app/role/RoleControllerManager$$ExternalSyntheticLambda5;->run(Ljava/lang/Object;)Ljava/lang/Object;,blocked
Landroid/app/role/RoleControllerManager$$ExternalSyntheticLambda6;-><clinit>()V,blocked
Landroid/app/role/RoleControllerManager$$ExternalSyntheticLambda6;-><init>()V,blocked
Landroid/app/role/RoleControllerManager$$ExternalSyntheticLambda6;->INSTANCE:Landroid/app/role/RoleControllerManager$$ExternalSyntheticLambda6;,blocked
Landroid/app/role/RoleControllerManager$$ExternalSyntheticLambda6;->run(Ljava/lang/Object;)Ljava/lang/Object;,blocked
Landroid/app/role/RoleControllerManager$$ExternalSyntheticLambda7;-><init>(Ljava/lang/Throwable;Ljava/lang/String;Ljava/util/function/Consumer;Landroid/os/Bundle;)V,blocked
Landroid/app/role/RoleControllerManager$$ExternalSyntheticLambda7;->f$0:Ljava/lang/Throwable;,blocked
Landroid/app/role/RoleControllerManager$$ExternalSyntheticLambda7;->f$1:Ljava/lang/String;,blocked
Landroid/app/role/RoleControllerManager$$ExternalSyntheticLambda7;->f$2:Ljava/util/function/Consumer;,blocked
Landroid/app/role/RoleControllerManager$$ExternalSyntheticLambda7;->f$3:Landroid/os/Bundle;,blocked
Landroid/app/role/RoleControllerManager$$ExternalSyntheticLambda7;->run()V,core-platform-api,public-api,sdk,system-api,test-api
Landroid/app/role/RoleControllerManager$$ExternalSyntheticLambda8;-><init>(Ljava/lang/String;Landroid/os/RemoteCallback;)V,blocked
Landroid/app/role/RoleControllerManager$$ExternalSyntheticLambda8;->accept(Ljava/lang/Object;Ljava/lang/Object;)V,core-platform-api,public-api,sdk,system-api,test-api
Landroid/app/role/RoleControllerManager$$ExternalSyntheticLambda8;->f$0:Ljava/lang/String;,blocked
Landroid/app/role/RoleControllerManager$$ExternalSyntheticLambda8;->f$1:Landroid/os/RemoteCallback;,blocked
Landroid/app/role/RoleControllerManager$$ExternalSyntheticLambda9;-><init>(Ljava/util/concurrent/Executor;Ljava/lang/String;Ljava/util/function/Consumer;)V,blocked
Landroid/app/role/RoleControllerManager$$ExternalSyntheticLambda9;->accept(Ljava/lang/Object;Ljava/lang/Object;)V,core-platform-api,public-api,sdk,system-api,test-api
Landroid/app/role/RoleControllerManager$$ExternalSyntheticLambda9;->f$0:Ljava/util/concurrent/Executor;,blocked
Landroid/app/role/RoleControllerManager$$ExternalSyntheticLambda9;->f$1:Ljava/lang/String;,blocked
Landroid/app/role/RoleControllerManager$$ExternalSyntheticLambda9;->f$2:Ljava/util/function/Consumer;,blocked
Landroid/app/role/RoleControllerManager$1;-><init>(Landroid/app/role/RoleControllerManager;Landroid/content/Context;Landroid/content/Intent;IILjava/util/function/Function;Landroid/os/Handler;)V,blocked
Landroid/app/role/RoleControllerManager$1;->getJobHandler()Landroid/os/Handler;,blocked
Landroid/app/role/RoleControllerManager$1;->this$0:Landroid/app/role/RoleControllerManager;,blocked
Landroid/app/role/RoleControllerManager$1;->val$handler:Landroid/os/Handler;,blocked
Landroid/app/role/RoleControllerManager;-><clinit>()V,blocked
Landroid/app/role/RoleControllerManager;-><init>(Landroid/content/ComponentName;Landroid/os/Handler;Landroid/content/Context;)V,blocked
Landroid/app/role/RoleControllerManager;-><init>(Landroid/content/Context;)V,blocked
Landroid/app/role/RoleControllerManager;->LOG_TAG:Ljava/lang/String;,blocked
Landroid/app/role/RoleControllerManager;->REQUEST_TIMEOUT_MILLIS:J,blocked
Landroid/app/role/RoleControllerManager;->createWithInitializedRemoteServiceComponentName(Landroid/os/Handler;Landroid/content/Context;)Landroid/app/role/RoleControllerManager;,blocked
Landroid/app/role/RoleControllerManager;->getRemoteServiceComponentName(Landroid/content/Context;)Landroid/content/ComponentName;,blocked
Landroid/app/role/RoleControllerManager;->grantDefaultRoles(Ljava/util/concurrent/Executor;Ljava/util/function/Consumer;)V,blocked
Landroid/app/role/RoleControllerManager;->initializeRemoteServiceComponentName(Landroid/content/Context;)V,blocked
Landroid/app/role/RoleControllerManager;->isApplicationVisibleForRole(Ljava/lang/String;Ljava/lang/String;Ljava/util/concurrent/Executor;Ljava/util/function/Consumer;)V,blocked
Landroid/app/role/RoleControllerManager;->isRoleVisible(Ljava/lang/String;Ljava/util/concurrent/Executor;Ljava/util/function/Consumer;)V,blocked
Landroid/app/role/RoleControllerManager;->lambda$grantDefaultRoles$0(Landroid/app/role/IRoleController;)Ljava/util/concurrent/CompletableFuture;,blocked
Landroid/app/role/RoleControllerManager;->lambda$isApplicationVisibleForRole$4(Ljava/lang/String;Ljava/lang/String;Landroid/app/role/IRoleController;)Ljava/util/concurrent/CompletableFuture;,blocked
Landroid/app/role/RoleControllerManager;->lambda$isRoleVisible$5(Ljava/lang/String;Landroid/app/role/IRoleController;)Ljava/util/concurrent/CompletableFuture;,blocked
Landroid/app/role/RoleControllerManager;->lambda$onAddRoleHolder$1(Ljava/lang/String;Ljava/lang/String;ILandroid/app/role/IRoleController;)Ljava/util/concurrent/CompletableFuture;,blocked
Landroid/app/role/RoleControllerManager;->lambda$onClearRoleHolders$3(Ljava/lang/String;ILandroid/app/role/IRoleController;)Ljava/util/concurrent/CompletableFuture;,blocked
Landroid/app/role/RoleControllerManager;->lambda$onRemoveRoleHolder$2(Ljava/lang/String;Ljava/lang/String;ILandroid/app/role/IRoleController;)Ljava/util/concurrent/CompletableFuture;,blocked
Landroid/app/role/RoleControllerManager;->lambda$propagateCallback$6(Ljava/lang/Throwable;Ljava/lang/String;Ljava/util/function/Consumer;Landroid/os/Bundle;)V,blocked
Landroid/app/role/RoleControllerManager;->lambda$propagateCallback$7(Ljava/util/concurrent/Executor;Ljava/lang/String;Ljava/util/function/Consumer;Landroid/os/Bundle;Ljava/lang/Throwable;)V,blocked
Landroid/app/role/RoleControllerManager;->lambda$propagateCallback$8(Ljava/lang/String;Landroid/os/RemoteCallback;Landroid/os/Bundle;Ljava/lang/Throwable;)V,blocked
Landroid/app/role/RoleControllerManager;->mRemoteService:Lcom/android/permission/jarjar/com/android/internal/infra/ServiceConnector;,blocked
Landroid/app/role/RoleControllerManager;->onAddRoleHolder(Ljava/lang/String;Ljava/lang/String;ILandroid/os/RemoteCallback;)V,blocked
Landroid/app/role/RoleControllerManager;->onClearRoleHolders(Ljava/lang/String;ILandroid/os/RemoteCallback;)V,blocked
Landroid/app/role/RoleControllerManager;->onRemoveRoleHolder(Ljava/lang/String;Ljava/lang/String;ILandroid/os/RemoteCallback;)V,blocked
Landroid/app/role/RoleControllerManager;->propagateCallback(Lcom/android/permission/jarjar/com/android/internal/infra/AndroidFuture;Ljava/lang/String;Landroid/os/RemoteCallback;)V,blocked
Landroid/app/role/RoleControllerManager;->propagateCallback(Lcom/android/permission/jarjar/com/android/internal/infra/AndroidFuture;Ljava/lang/String;Ljava/util/concurrent/Executor;Ljava/util/function/Consumer;)V,blocked
Landroid/app/role/RoleControllerManager;->sRemoteServiceComponentName:Landroid/content/ComponentName;,blocked
Landroid/app/role/RoleControllerManager;->sRemoteServices:Landroid/util/SparseArray;,blocked
Landroid/app/role/RoleControllerManager;->sRemoteServicesLock:Ljava/lang/Object;,blocked
Landroid/app/role/RoleControllerService$1$$ExternalSyntheticLambda0;-><init>(Landroid/app/role/RoleControllerService$1;Landroid/os/RemoteCallback;)V,blocked
Landroid/app/role/RoleControllerService$1$$ExternalSyntheticLambda0;->f$0:Landroid/app/role/RoleControllerService$1;,blocked
Landroid/app/role/RoleControllerService$1$$ExternalSyntheticLambda0;->f$1:Landroid/os/RemoteCallback;,blocked
Landroid/app/role/RoleControllerService$1$$ExternalSyntheticLambda0;->run()V,core-platform-api,public-api,sdk,system-api,test-api
Landroid/app/role/RoleControllerService$1$$ExternalSyntheticLambda1;-><init>(Landroid/app/role/RoleControllerService$1;Ljava/lang/String;ILandroid/os/RemoteCallback;)V,blocked
Landroid/app/role/RoleControllerService$1$$ExternalSyntheticLambda1;->f$0:Landroid/app/role/RoleControllerService$1;,blocked
Landroid/app/role/RoleControllerService$1$$ExternalSyntheticLambda1;->f$1:Ljava/lang/String;,blocked
Landroid/app/role/RoleControllerService$1$$ExternalSyntheticLambda1;->f$2:I,blocked
Landroid/app/role/RoleControllerService$1$$ExternalSyntheticLambda1;->f$3:Landroid/os/RemoteCallback;,blocked
Landroid/app/role/RoleControllerService$1$$ExternalSyntheticLambda1;->run()V,core-platform-api,public-api,sdk,system-api,test-api
Landroid/app/role/RoleControllerService$1$$ExternalSyntheticLambda2;-><init>(Landroid/app/role/RoleControllerService$1;Ljava/lang/String;Ljava/lang/String;ILandroid/os/RemoteCallback;)V,blocked
Landroid/app/role/RoleControllerService$1$$ExternalSyntheticLambda2;->f$0:Landroid/app/role/RoleControllerService$1;,blocked
Landroid/app/role/RoleControllerService$1$$ExternalSyntheticLambda2;->f$1:Ljava/lang/String;,blocked
Landroid/app/role/RoleControllerService$1$$ExternalSyntheticLambda2;->f$2:Ljava/lang/String;,blocked
Landroid/app/role/RoleControllerService$1$$ExternalSyntheticLambda2;->f$3:I,blocked
Landroid/app/role/RoleControllerService$1$$ExternalSyntheticLambda2;->f$4:Landroid/os/RemoteCallback;,blocked
Landroid/app/role/RoleControllerService$1$$ExternalSyntheticLambda2;->run()V,core-platform-api,public-api,sdk,system-api,test-api
Landroid/app/role/RoleControllerService$1$$ExternalSyntheticLambda3;-><init>(Landroid/app/role/RoleControllerService$1;Ljava/lang/String;Ljava/lang/String;ILandroid/os/RemoteCallback;)V,blocked
Landroid/app/role/RoleControllerService$1$$ExternalSyntheticLambda3;->f$0:Landroid/app/role/RoleControllerService$1;,blocked
Landroid/app/role/RoleControllerService$1$$ExternalSyntheticLambda3;->f$1:Ljava/lang/String;,blocked
Landroid/app/role/RoleControllerService$1$$ExternalSyntheticLambda3;->f$2:Ljava/lang/String;,blocked
Landroid/app/role/RoleControllerService$1$$ExternalSyntheticLambda3;->f$3:I,blocked
Landroid/app/role/RoleControllerService$1$$ExternalSyntheticLambda3;->f$4:Landroid/os/RemoteCallback;,blocked
Landroid/app/role/RoleControllerService$1$$ExternalSyntheticLambda3;->run()V,core-platform-api,public-api,sdk,system-api,test-api
Landroid/app/role/RoleControllerService$1;-><init>(Landroid/app/role/RoleControllerService;)V,blocked
Landroid/app/role/RoleControllerService$1;->enforceCallerSystemUid(Ljava/lang/String;)V,blocked
Landroid/app/role/RoleControllerService$1;->grantDefaultRoles(Landroid/os/RemoteCallback;)V,blocked
Landroid/app/role/RoleControllerService$1;->isApplicationQualifiedForRole(Ljava/lang/String;Ljava/lang/String;Landroid/os/RemoteCallback;)V,blocked
Landroid/app/role/RoleControllerService$1;->isApplicationVisibleForRole(Ljava/lang/String;Ljava/lang/String;Landroid/os/RemoteCallback;)V,blocked
Landroid/app/role/RoleControllerService$1;->isRoleVisible(Ljava/lang/String;Landroid/os/RemoteCallback;)V,blocked
Landroid/app/role/RoleControllerService$1;->lambda$grantDefaultRoles$0$RoleControllerService$1(Landroid/os/RemoteCallback;)V,blocked
Landroid/app/role/RoleControllerService$1;->lambda$onAddRoleHolder$1$RoleControllerService$1(Ljava/lang/String;Ljava/lang/String;ILandroid/os/RemoteCallback;)V,blocked
Landroid/app/role/RoleControllerService$1;->lambda$onClearRoleHolders$3$RoleControllerService$1(Ljava/lang/String;ILandroid/os/RemoteCallback;)V,blocked
Landroid/app/role/RoleControllerService$1;->lambda$onRemoveRoleHolder$2$RoleControllerService$1(Ljava/lang/String;Ljava/lang/String;ILandroid/os/RemoteCallback;)V,blocked
Landroid/app/role/RoleControllerService$1;->onAddRoleHolder(Ljava/lang/String;Ljava/lang/String;ILandroid/os/RemoteCallback;)V,blocked
Landroid/app/role/RoleControllerService$1;->onClearRoleHolders(Ljava/lang/String;ILandroid/os/RemoteCallback;)V,blocked
Landroid/app/role/RoleControllerService$1;->onRemoveRoleHolder(Ljava/lang/String;Ljava/lang/String;ILandroid/os/RemoteCallback;)V,blocked
Landroid/app/role/RoleControllerService$1;->this$0:Landroid/app/role/RoleControllerService;,blocked
Landroid/app/role/RoleControllerService;-><init>()V,sdk,system-api,test-api
Landroid/app/role/RoleControllerService;->SERVICE_INTERFACE:Ljava/lang/String;,sdk,system-api,test-api
Landroid/app/role/RoleControllerService;->access$000(Landroid/app/role/RoleControllerService;)Landroid/os/Handler;,blocked
Landroid/app/role/RoleControllerService;->access$100(Landroid/app/role/RoleControllerService;Ljava/lang/String;ILandroid/os/RemoteCallback;)V,blocked
Landroid/app/role/RoleControllerService;->access$200(Landroid/app/role/RoleControllerService;Ljava/lang/String;Ljava/lang/String;ILandroid/os/RemoteCallback;)V,blocked
Landroid/app/role/RoleControllerService;->access$300(Landroid/app/role/RoleControllerService;Ljava/lang/String;Ljava/lang/String;ILandroid/os/RemoteCallback;)V,blocked
Landroid/app/role/RoleControllerService;->access$400(Landroid/app/role/RoleControllerService;Landroid/os/RemoteCallback;)V,blocked
Landroid/app/role/RoleControllerService;->grantDefaultRoles(Landroid/os/RemoteCallback;)V,blocked
Landroid/app/role/RoleControllerService;->mWorkerHandler:Landroid/os/Handler;,blocked
Landroid/app/role/RoleControllerService;->mWorkerThread:Landroid/os/HandlerThread;,blocked
Landroid/app/role/RoleControllerService;->onAddRoleHolder(Ljava/lang/String;Ljava/lang/String;I)Z,sdk,system-api,test-api
Landroid/app/role/RoleControllerService;->onAddRoleHolder(Ljava/lang/String;Ljava/lang/String;ILandroid/os/RemoteCallback;)V,blocked
Landroid/app/role/RoleControllerService;->onBind(Landroid/content/Intent;)Landroid/os/IBinder;,public-api,sdk,system-api,test-api
Landroid/app/role/RoleControllerService;->onClearRoleHolders(Ljava/lang/String;I)Z,sdk,system-api,test-api
Landroid/app/role/RoleControllerService;->onClearRoleHolders(Ljava/lang/String;ILandroid/os/RemoteCallback;)V,blocked
Landroid/app/role/RoleControllerService;->onCreate()V,public-api,sdk,system-api,test-api
Landroid/app/role/RoleControllerService;->onDestroy()V,public-api,sdk,system-api,test-api
Landroid/app/role/RoleControllerService;->onGrantDefaultRoles()Z,sdk,system-api,test-api
Landroid/app/role/RoleControllerService;->onIsApplicationQualifiedForRole(Ljava/lang/String;Ljava/lang/String;)Z,sdk,system-api,test-api
Landroid/app/role/RoleControllerService;->onIsApplicationVisibleForRole(Ljava/lang/String;Ljava/lang/String;)Z,sdk,system-api,test-api
Landroid/app/role/RoleControllerService;->onIsRoleVisible(Ljava/lang/String;)Z,sdk,system-api,test-api
Landroid/app/role/RoleControllerService;->onRemoveRoleHolder(Ljava/lang/String;Ljava/lang/String;I)Z,sdk,system-api,test-api
Landroid/app/role/RoleControllerService;->onRemoveRoleHolder(Ljava/lang/String;Ljava/lang/String;ILandroid/os/RemoteCallback;)V,blocked
Landroid/app/role/RoleFrameworkInitializer$$ExternalSyntheticLambda0;-><clinit>()V,blocked
Landroid/app/role/RoleFrameworkInitializer$$ExternalSyntheticLambda0;-><init>()V,blocked
Landroid/app/role/RoleFrameworkInitializer$$ExternalSyntheticLambda0;->INSTANCE:Landroid/app/role/RoleFrameworkInitializer$$ExternalSyntheticLambda0;,blocked
Landroid/app/role/RoleFrameworkInitializer$$ExternalSyntheticLambda0;->createService(Landroid/content/Context;Landroid/os/IBinder;)Ljava/lang/Object;,sdk,system-api,test-api
Landroid/app/role/RoleFrameworkInitializer;-><init>()V,blocked
Landroid/app/role/RoleFrameworkInitializer;->lambda$registerServiceWrappers$0(Landroid/content/Context;Landroid/os/IBinder;)Landroid/app/role/RoleManager;,blocked
Landroid/app/role/RoleFrameworkInitializer;->registerServiceWrappers()V,blocked
Landroid/app/role/RoleManager$$ExternalSyntheticLambda0;-><init>(Ljava/util/concurrent/Executor;Ljava/util/function/Consumer;)V,blocked
Landroid/app/role/RoleManager$$ExternalSyntheticLambda0;->f$0:Ljava/util/concurrent/Executor;,blocked
Landroid/app/role/RoleManager$$ExternalSyntheticLambda0;->f$1:Ljava/util/function/Consumer;,blocked
Landroid/app/role/RoleManager$$ExternalSyntheticLambda0;->onResult(Landroid/os/Bundle;)V,sdk,system-api,test-api
Landroid/app/role/RoleManager$$ExternalSyntheticLambda1;-><init>(Landroid/os/Bundle;Ljava/util/function/Consumer;)V,blocked
Landroid/app/role/RoleManager$$ExternalSyntheticLambda1;->f$0:Landroid/os/Bundle;,blocked
Landroid/app/role/RoleManager$$ExternalSyntheticLambda1;->f$1:Ljava/util/function/Consumer;,blocked
Landroid/app/role/RoleManager$$ExternalSyntheticLambda1;->run()V,core-platform-api,public-api,sdk,system-api,test-api
Landroid/app/role/RoleManager$OnRoleHoldersChangedListenerDelegate$$ExternalSyntheticLambda0;-><init>(Landroid/app/role/RoleManager$OnRoleHoldersChangedListenerDelegate;Ljava/lang/String;I)V,blocked
Landroid/app/role/RoleManager$OnRoleHoldersChangedListenerDelegate$$ExternalSyntheticLambda0;->f$0:Landroid/app/role/RoleManager$OnRoleHoldersChangedListenerDelegate;,blocked
Landroid/app/role/RoleManager$OnRoleHoldersChangedListenerDelegate$$ExternalSyntheticLambda0;->f$1:Ljava/lang/String;,blocked
Landroid/app/role/RoleManager$OnRoleHoldersChangedListenerDelegate$$ExternalSyntheticLambda0;->f$2:I,blocked
Landroid/app/role/RoleManager$OnRoleHoldersChangedListenerDelegate$$ExternalSyntheticLambda0;->run()V,core-platform-api,public-api,sdk,system-api,test-api
Landroid/app/role/RoleManager$OnRoleHoldersChangedListenerDelegate;-><init>(Ljava/util/concurrent/Executor;Landroid/app/role/OnRoleHoldersChangedListener;)V,blocked
Landroid/app/role/RoleManager$OnRoleHoldersChangedListenerDelegate;->lambda$onRoleHoldersChanged$0$RoleManager$OnRoleHoldersChangedListenerDelegate(Ljava/lang/String;I)V,blocked
Landroid/app/role/RoleManager$OnRoleHoldersChangedListenerDelegate;->mExecutor:Ljava/util/concurrent/Executor;,blocked
Landroid/app/role/RoleManager$OnRoleHoldersChangedListenerDelegate;->mListener:Landroid/app/role/OnRoleHoldersChangedListener;,blocked
Landroid/app/role/RoleManager$OnRoleHoldersChangedListenerDelegate;->onRoleHoldersChanged(Ljava/lang/String;I)V,blocked
Landroid/app/role/RoleManager;-><init>(Landroid/content/Context;Landroid/app/role/IRoleManager;)V,blocked
Landroid/app/role/RoleManager;->ACTION_REQUEST_ROLE:Ljava/lang/String;,blocked
Landroid/app/role/RoleManager;->MANAGE_HOLDERS_FLAG_DONT_KILL_APP:I,sdk,system-api,test-api
Landroid/app/role/RoleManager;->PERMISSION_MANAGE_ROLES_FROM_CONTROLLER:Ljava/lang/String;,blocked
Landroid/app/role/RoleManager;->ROLE_ASSISTANT:Ljava/lang/String;,public-api,sdk,system-api,test-api
Landroid/app/role/RoleManager;->ROLE_BROWSER:Ljava/lang/String;,public-api,sdk,system-api,test-api
Landroid/app/role/RoleManager;->ROLE_CALL_REDIRECTION:Ljava/lang/String;,public-api,sdk,system-api,test-api
Landroid/app/role/RoleManager;->ROLE_CALL_SCREENING:Ljava/lang/String;,public-api,sdk,system-api,test-api
Landroid/app/role/RoleManager;->ROLE_DIALER:Ljava/lang/String;,public-api,sdk,system-api,test-api
Landroid/app/role/RoleManager;->ROLE_EMERGENCY:Ljava/lang/String;,public-api,sdk,system-api,test-api
Landroid/app/role/RoleManager;->ROLE_HOME:Ljava/lang/String;,public-api,sdk,system-api,test-api
Landroid/app/role/RoleManager;->ROLE_SMS:Ljava/lang/String;,public-api,sdk,system-api,test-api
Landroid/app/role/RoleManager;->ROLE_SYSTEM_ACTIVITY_RECOGNIZER:Ljava/lang/String;,sdk,system-api,test-api
Landroid/app/role/RoleManager;->ROLE_SYSTEM_WELLBEING:Ljava/lang/String;,sdk,system-api,test-api
Landroid/app/role/RoleManager;->addOnRoleHoldersChangedListenerAsUser(Ljava/util/concurrent/Executor;Landroid/app/role/OnRoleHoldersChangedListener;Landroid/os/UserHandle;)V,sdk,system-api,test-api
Landroid/app/role/RoleManager;->addRoleHolderAsUser(Ljava/lang/String;Ljava/lang/String;ILandroid/os/UserHandle;Ljava/util/concurrent/Executor;Ljava/util/function/Consumer;)V,sdk,system-api,test-api
Landroid/app/role/RoleManager;->addRoleHolderFromController(Ljava/lang/String;Ljava/lang/String;)Z,sdk,system-api,test-api
Landroid/app/role/RoleManager;->clearRoleHoldersAsUser(Ljava/lang/String;ILandroid/os/UserHandle;Ljava/util/concurrent/Executor;Ljava/util/function/Consumer;)V,sdk,system-api,test-api
Landroid/app/role/RoleManager;->createRemoteCallback(Ljava/util/concurrent/Executor;Ljava/util/function/Consumer;)Landroid/os/RemoteCallback;,blocked
Landroid/app/role/RoleManager;->createRequestRoleIntent(Ljava/lang/String;)Landroid/content/Intent;,public-api,sdk,system-api,test-api
Landroid/app/role/RoleManager;->getBrowserRoleHolder(I)Ljava/lang/String;,blocked
Landroid/app/role/RoleManager;->getHeldRolesFromController(Ljava/lang/String;)Ljava/util/List;,sdk,system-api,test-api
Landroid/app/role/RoleManager;->getRoleControllerManager()Landroid/app/role/RoleControllerManager;,blocked
Landroid/app/role/RoleManager;->getRoleHolders(Ljava/lang/String;)Ljava/util/List;,sdk,system-api,test-api
Landroid/app/role/RoleManager;->getRoleHoldersAsUser(Ljava/lang/String;Landroid/os/UserHandle;)Ljava/util/List;,sdk,system-api,test-api
Landroid/app/role/RoleManager;->getSmsRoleHolder(I)Ljava/lang/String;,blocked
Landroid/app/role/RoleManager;->isApplicationVisibleForRole(Ljava/lang/String;Ljava/lang/String;Ljava/util/concurrent/Executor;Ljava/util/function/Consumer;)V,sdk,system-api,test-api
Landroid/app/role/RoleManager;->isBypassingRoleQualification()Z,sdk,system-api,test-api
Landroid/app/role/RoleManager;->isRoleAvailable(Ljava/lang/String;)Z,public-api,sdk,system-api,test-api
Landroid/app/role/RoleManager;->isRoleHeld(Ljava/lang/String;)Z,public-api,sdk,system-api,test-api
Landroid/app/role/RoleManager;->isRoleVisible(Ljava/lang/String;Ljava/util/concurrent/Executor;Ljava/util/function/Consumer;)V,sdk,system-api,test-api
Landroid/app/role/RoleManager;->lambda$createRemoteCallback$0(Landroid/os/Bundle;Ljava/util/function/Consumer;)V,blocked
Landroid/app/role/RoleManager;->lambda$createRemoteCallback$1(Ljava/util/concurrent/Executor;Ljava/util/function/Consumer;Landroid/os/Bundle;)V,blocked
Landroid/app/role/RoleManager;->mContext:Landroid/content/Context;,blocked
Landroid/app/role/RoleManager;->mListeners:Landroid/util/SparseArray;,blocked
Landroid/app/role/RoleManager;->mListenersLock:Ljava/lang/Object;,blocked
Landroid/app/role/RoleManager;->mRoleControllerManager:Landroid/app/role/RoleControllerManager;,blocked
Landroid/app/role/RoleManager;->mRoleControllerManagerLock:Ljava/lang/Object;,blocked
Landroid/app/role/RoleManager;->mService:Landroid/app/role/IRoleManager;,blocked
Landroid/app/role/RoleManager;->removeOnRoleHoldersChangedListenerAsUser(Landroid/app/role/OnRoleHoldersChangedListener;Landroid/os/UserHandle;)V,sdk,system-api,test-api
Landroid/app/role/RoleManager;->removeRoleHolderAsUser(Ljava/lang/String;Ljava/lang/String;ILandroid/os/UserHandle;Ljava/util/concurrent/Executor;Ljava/util/function/Consumer;)V,sdk,system-api,test-api
Landroid/app/role/RoleManager;->removeRoleHolderFromController(Ljava/lang/String;Ljava/lang/String;)Z,sdk,system-api,test-api
Landroid/app/role/RoleManager;->setBrowserRoleHolder(Ljava/lang/String;I)Z,blocked
Landroid/app/role/RoleManager;->setBypassingRoleQualification(Z)V,sdk,system-api,test-api
Landroid/app/role/RoleManager;->setRoleNamesFromController(Ljava/util/List;)V,sdk,system-api,test-api
Landroid/permission/PermissionState;-><init>()V,blocked
Lcom/android/permission/jarjar/android/os/HandlerExecutor;-><init>(Landroid/os/Handler;)V,blocked
Lcom/android/permission/jarjar/android/os/HandlerExecutor;->execute(Ljava/lang/Runnable;)V,core-platform-api,public-api,sdk,system-api,test-api
Lcom/android/permission/jarjar/android/os/HandlerExecutor;->mHandler:Landroid/os/Handler;,blocked
Lcom/android/permission/jarjar/com/android/internal/infra/AndroidFuture$$ExternalSyntheticLambda0;-><init>(Lcom/android/permission/jarjar/com/android/internal/infra/AndroidFuture;)V,blocked
Lcom/android/permission/jarjar/com/android/internal/infra/AndroidFuture$$ExternalSyntheticLambda0;->f$0:Lcom/android/permission/jarjar/com/android/internal/infra/AndroidFuture;,blocked
Lcom/android/permission/jarjar/com/android/internal/infra/AndroidFuture$$ExternalSyntheticLambda0;->run()V,core-platform-api,public-api,sdk,system-api,test-api
Lcom/android/permission/jarjar/com/android/internal/infra/AndroidFuture$$ExternalSyntheticLambda1;-><init>(Ljava/util/function/BiConsumer;Ljava/lang/Object;Ljava/lang/Throwable;)V,blocked
Lcom/android/permission/jarjar/com/android/internal/infra/AndroidFuture$$ExternalSyntheticLambda1;->f$0:Ljava/util/function/BiConsumer;,blocked
Lcom/android/permission/jarjar/com/android/internal/infra/AndroidFuture$$ExternalSyntheticLambda1;->f$1:Ljava/lang/Object;,blocked
Lcom/android/permission/jarjar/com/android/internal/infra/AndroidFuture$$ExternalSyntheticLambda1;->f$2:Ljava/lang/Throwable;,blocked
Lcom/android/permission/jarjar/com/android/internal/infra/AndroidFuture$$ExternalSyntheticLambda1;->run()V,core-platform-api,public-api,sdk,system-api,test-api
Lcom/android/permission/jarjar/com/android/internal/infra/AndroidFuture$$ExternalSyntheticLambda2;-><clinit>()V,blocked
Lcom/android/permission/jarjar/com/android/internal/infra/AndroidFuture$$ExternalSyntheticLambda2;-><init>()V,blocked
Lcom/android/permission/jarjar/com/android/internal/infra/AndroidFuture$$ExternalSyntheticLambda2;->INSTANCE:Lcom/android/permission/jarjar/com/android/internal/infra/AndroidFuture$$ExternalSyntheticLambda2;,blocked
Lcom/android/permission/jarjar/com/android/internal/infra/AndroidFuture$$ExternalSyntheticLambda2;->execute(Ljava/lang/Runnable;)V,core-platform-api,public-api,sdk,system-api,test-api
Lcom/android/permission/jarjar/com/android/internal/infra/AndroidFuture$$ExternalSyntheticLambda3;-><init>(Ljava/util/function/BiConsumer;Ljava/util/function/BiConsumer;)V,blocked
Lcom/android/permission/jarjar/com/android/internal/infra/AndroidFuture$$ExternalSyntheticLambda3;->accept(Ljava/lang/Object;Ljava/lang/Object;)V,core-platform-api,public-api,sdk,system-api,test-api
Lcom/android/permission/jarjar/com/android/internal/infra/AndroidFuture$$ExternalSyntheticLambda3;->f$0:Ljava/util/function/BiConsumer;,blocked
Lcom/android/permission/jarjar/com/android/internal/infra/AndroidFuture$$ExternalSyntheticLambda3;->f$1:Ljava/util/function/BiConsumer;,blocked
Lcom/android/permission/jarjar/com/android/internal/infra/AndroidFuture$$ExternalSyntheticLambda4;-><clinit>()V,blocked
Lcom/android/permission/jarjar/com/android/internal/infra/AndroidFuture$$ExternalSyntheticLambda4;-><init>()V,blocked
Lcom/android/permission/jarjar/com/android/internal/infra/AndroidFuture$$ExternalSyntheticLambda4;->INSTANCE:Lcom/android/permission/jarjar/com/android/internal/infra/AndroidFuture$$ExternalSyntheticLambda4;,blocked
Lcom/android/permission/jarjar/com/android/internal/infra/AndroidFuture$$ExternalSyntheticLambda4;->apply(Ljava/lang/Object;Ljava/lang/Object;)Ljava/lang/Object;,core-platform-api,public-api,sdk,system-api,test-api
Lcom/android/permission/jarjar/com/android/internal/infra/AndroidFuture$1;-><init>(Lcom/android/permission/jarjar/com/android/internal/infra/AndroidFuture;)V,blocked
Lcom/android/permission/jarjar/com/android/internal/infra/AndroidFuture$1;->complete(Lcom/android/permission/jarjar/com/android/internal/infra/AndroidFuture;)V,blocked
Lcom/android/permission/jarjar/com/android/internal/infra/AndroidFuture$1;->this$0:Lcom/android/permission/jarjar/com/android/internal/infra/AndroidFuture;,blocked
Lcom/android/permission/jarjar/com/android/internal/infra/AndroidFuture$2;-><init>()V,blocked
Lcom/android/permission/jarjar/com/android/internal/infra/AndroidFuture$2;->createFromParcel(Landroid/os/Parcel;)Lcom/android/permission/jarjar/com/android/internal/infra/AndroidFuture;,blocked
Lcom/android/permission/jarjar/com/android/internal/infra/AndroidFuture$2;->createFromParcel(Landroid/os/Parcel;)Ljava/lang/Object;,public-api,sdk,system-api,test-api
Lcom/android/permission/jarjar/com/android/internal/infra/AndroidFuture$2;->newArray(I)[Lcom/android/permission/jarjar/com/android/internal/infra/AndroidFuture;,blocked
Lcom/android/permission/jarjar/com/android/internal/infra/AndroidFuture$2;->newArray(I)[Ljava/lang/Object;,public-api,sdk,system-api,test-api
Lcom/android/permission/jarjar/com/android/internal/infra/AndroidFuture$SupplyAsync;-><init>(Ljava/util/function/Supplier;Ljava/util/concurrent/Executor;)V,blocked
Lcom/android/permission/jarjar/com/android/internal/infra/AndroidFuture$SupplyAsync;->mSupplier:Ljava/util/function/Supplier;,blocked
Lcom/android/permission/jarjar/com/android/internal/infra/AndroidFuture$SupplyAsync;->run()V,core-platform-api,public-api,sdk,system-api,test-api
Lcom/android/permission/jarjar/com/android/internal/infra/AndroidFuture$ThenApplyAsync;-><init>(Lcom/android/permission/jarjar/com/android/internal/infra/AndroidFuture;Ljava/util/function/Function;Ljava/util/concurrent/Executor;)V,blocked
Lcom/android/permission/jarjar/com/android/internal/infra/AndroidFuture$ThenApplyAsync;->accept(Ljava/lang/Object;Ljava/lang/Object;)V,core-platform-api,public-api,sdk,system-api,test-api
Lcom/android/permission/jarjar/com/android/internal/infra/AndroidFuture$ThenApplyAsync;->accept(Ljava/lang/Object;Ljava/lang/Throwable;)V,blocked
Lcom/android/permission/jarjar/com/android/internal/infra/AndroidFuture$ThenApplyAsync;->mExecutor:Ljava/util/concurrent/Executor;,blocked
Lcom/android/permission/jarjar/com/android/internal/infra/AndroidFuture$ThenApplyAsync;->mFn:Ljava/util/function/Function;,blocked
Lcom/android/permission/jarjar/com/android/internal/infra/AndroidFuture$ThenApplyAsync;->mSourceResult:Ljava/lang/Object;,blocked
Lcom/android/permission/jarjar/com/android/internal/infra/AndroidFuture$ThenApplyAsync;->run()V,core-platform-api,public-api,sdk,system-api,test-api
Lcom/android/permission/jarjar/com/android/internal/infra/AndroidFuture$ThenCombine;-><init>(Ljava/util/concurrent/CompletableFuture;Ljava/util/concurrent/CompletionStage;Ljava/util/function/BiFunction;)V,blocked
Lcom/android/permission/jarjar/com/android/internal/infra/AndroidFuture$ThenCombine;->accept(Ljava/lang/Object;Ljava/lang/Object;)V,core-platform-api,public-api,sdk,system-api,test-api
Lcom/android/permission/jarjar/com/android/internal/infra/AndroidFuture$ThenCombine;->accept(Ljava/lang/Object;Ljava/lang/Throwable;)V,blocked
Lcom/android/permission/jarjar/com/android/internal/infra/AndroidFuture$ThenCombine;->mCombineResults:Ljava/util/function/BiFunction;,blocked
Lcom/android/permission/jarjar/com/android/internal/infra/AndroidFuture$ThenCombine;->mResultT:Ljava/lang/Object;,blocked
Lcom/android/permission/jarjar/com/android/internal/infra/AndroidFuture$ThenCombine;->mSourceU:Ljava/util/concurrent/CompletionStage;,blocked
Lcom/android/permission/jarjar/com/android/internal/infra/AndroidFuture$ThenComposeAsync;-><init>(Lcom/android/permission/jarjar/com/android/internal/infra/AndroidFuture;Ljava/util/function/Function;Ljava/util/concurrent/Executor;)V,blocked
Lcom/android/permission/jarjar/com/android/internal/infra/AndroidFuture$ThenComposeAsync;->accept(Ljava/lang/Object;Ljava/lang/Object;)V,core-platform-api,public-api,sdk,system-api,test-api
Lcom/android/permission/jarjar/com/android/internal/infra/AndroidFuture$ThenComposeAsync;->accept(Ljava/lang/Object;Ljava/lang/Throwable;)V,blocked
Lcom/android/permission/jarjar/com/android/internal/infra/AndroidFuture$ThenComposeAsync;->mExecutor:Ljava/util/concurrent/Executor;,blocked
Lcom/android/permission/jarjar/com/android/internal/infra/AndroidFuture$ThenComposeAsync;->mFn:Ljava/util/function/Function;,blocked
Lcom/android/permission/jarjar/com/android/internal/infra/AndroidFuture$ThenComposeAsync;->mSourceResult:Ljava/lang/Object;,blocked
Lcom/android/permission/jarjar/com/android/internal/infra/AndroidFuture$ThenComposeAsync;->run()V,core-platform-api,public-api,sdk,system-api,test-api
Lcom/android/permission/jarjar/com/android/internal/infra/AndroidFuture;-><clinit>()V,blocked
Lcom/android/permission/jarjar/com/android/internal/infra/AndroidFuture;-><init>()V,blocked
Lcom/android/permission/jarjar/com/android/internal/infra/AndroidFuture;-><init>(Landroid/os/Parcel;)V,blocked
Lcom/android/permission/jarjar/com/android/internal/infra/AndroidFuture;->CREATOR:Landroid/os/Parcelable$Creator;,blocked
Lcom/android/permission/jarjar/com/android/internal/infra/AndroidFuture;->DEBUG:Z,blocked
Lcom/android/permission/jarjar/com/android/internal/infra/AndroidFuture;->DIRECT_EXECUTOR:Ljava/util/concurrent/Executor;,blocked
Lcom/android/permission/jarjar/com/android/internal/infra/AndroidFuture;->EMPTY_STACK_TRACE:[Ljava/lang/StackTraceElement;,blocked
Lcom/android/permission/jarjar/com/android/internal/infra/AndroidFuture;->LOG_TAG:Ljava/lang/String;,blocked
Lcom/android/permission/jarjar/com/android/internal/infra/AndroidFuture;->access$000()Ljava/lang/String;,blocked
Lcom/android/permission/jarjar/com/android/internal/infra/AndroidFuture;->callListener(Ljava/util/function/BiConsumer;Ljava/lang/Object;Ljava/lang/Throwable;)V,blocked
Lcom/android/permission/jarjar/com/android/internal/infra/AndroidFuture;->callListenerAsync(Ljava/util/function/BiConsumer;Ljava/lang/Object;Ljava/lang/Throwable;)V,blocked
Lcom/android/permission/jarjar/com/android/internal/infra/AndroidFuture;->cancel(Z)Z,core-platform-api,public-api,sdk,system-api,test-api
Lcom/android/permission/jarjar/com/android/internal/infra/AndroidFuture;->cancelTimeout()Lcom/android/permission/jarjar/com/android/internal/infra/AndroidFuture;,blocked
Lcom/android/permission/jarjar/com/android/internal/infra/AndroidFuture;->complete(Ljava/lang/Object;)Z,core-platform-api,public-api,sdk,system-api,test-api
Lcom/android/permission/jarjar/com/android/internal/infra/AndroidFuture;->completeExceptionally(Ljava/lang/Throwable;)Z,core-platform-api,public-api,sdk,system-api,test-api
Lcom/android/permission/jarjar/com/android/internal/infra/AndroidFuture;->completedFuture(Ljava/lang/Object;)Lcom/android/permission/jarjar/com/android/internal/infra/AndroidFuture;,blocked
Lcom/android/permission/jarjar/com/android/internal/infra/AndroidFuture;->describeContents()I,public-api,sdk,system-api,test-api
Lcom/android/permission/jarjar/com/android/internal/infra/AndroidFuture;->getMainHandler()Landroid/os/Handler;,blocked
Lcom/android/permission/jarjar/com/android/internal/infra/AndroidFuture;->lambda$callListenerAsync$1(Ljava/util/function/BiConsumer;Ljava/lang/Object;Ljava/lang/Throwable;)V,blocked
Lcom/android/permission/jarjar/com/android/internal/infra/AndroidFuture;->lambda$thenCombine$2(Ljava/lang/Object;Ljava/lang/Void;)Ljava/lang/Object;,blocked
Lcom/android/permission/jarjar/com/android/internal/infra/AndroidFuture;->lambda$whenCompleteAsync$0(Ljava/util/function/BiConsumer;Ljava/util/function/BiConsumer;Ljava/lang/Object;Ljava/lang/Throwable;)V,blocked
Lcom/android/permission/jarjar/com/android/internal/infra/AndroidFuture;->mListener:Ljava/util/function/BiConsumer;,blocked
Lcom/android/permission/jarjar/com/android/internal/infra/AndroidFuture;->mListenerExecutor:Ljava/util/concurrent/Executor;,blocked
Lcom/android/permission/jarjar/com/android/internal/infra/AndroidFuture;->mLock:Ljava/lang/Object;,blocked
Lcom/android/permission/jarjar/com/android/internal/infra/AndroidFuture;->mRemoteOrigin:Lcom/android/permission/jarjar/com/android/internal/infra/IAndroidFuture;,blocked
Lcom/android/permission/jarjar/com/android/internal/infra/AndroidFuture;->mTimeoutHandler:Landroid/os/Handler;,blocked
Lcom/android/permission/jarjar/com/android/internal/infra/AndroidFuture;->onCompleted(Ljava/lang/Object;Ljava/lang/Throwable;)V,blocked
Lcom/android/permission/jarjar/com/android/internal/infra/AndroidFuture;->orTimeout(JLjava/util/concurrent/TimeUnit;)Lcom/android/permission/jarjar/com/android/internal/infra/AndroidFuture;,blocked
Lcom/android/permission/jarjar/com/android/internal/infra/AndroidFuture;->orTimeout(JLjava/util/concurrent/TimeUnit;)Ljava/util/concurrent/CompletableFuture;,core-platform-api,public-api,sdk,system-api,test-api
Lcom/android/permission/jarjar/com/android/internal/infra/AndroidFuture;->readThrowable(Landroid/os/Parcel;)Ljava/lang/Throwable;,blocked
Lcom/android/permission/jarjar/com/android/internal/infra/AndroidFuture;->sMainHandler:Landroid/os/Handler;,blocked
Lcom/android/permission/jarjar/com/android/internal/infra/AndroidFuture;->setTimeoutHandler(Landroid/os/Handler;)Lcom/android/permission/jarjar/com/android/internal/infra/AndroidFuture;,blocked
Lcom/android/permission/jarjar/com/android/internal/infra/AndroidFuture;->supply(Ljava/util/function/Supplier;)Lcom/android/permission/jarjar/com/android/internal/infra/AndroidFuture;,blocked
Lcom/android/permission/jarjar/com/android/internal/infra/AndroidFuture;->supplyAsync(Ljava/util/function/Supplier;Ljava/util/concurrent/Executor;)Lcom/android/permission/jarjar/com/android/internal/infra/AndroidFuture;,blocked
Lcom/android/permission/jarjar/com/android/internal/infra/AndroidFuture;->thenApply(Ljava/util/function/Function;)Lcom/android/permission/jarjar/com/android/internal/infra/AndroidFuture;,blocked
Lcom/android/permission/jarjar/com/android/internal/infra/AndroidFuture;->thenApply(Ljava/util/function/Function;)Ljava/util/concurrent/CompletableFuture;,core-platform-api,public-api,sdk,system-api,test-api
Lcom/android/permission/jarjar/com/android/internal/infra/AndroidFuture;->thenApply(Ljava/util/function/Function;)Ljava/util/concurrent/CompletionStage;,core-platform-api,public-api,sdk,system-api,test-api
Lcom/android/permission/jarjar/com/android/internal/infra/AndroidFuture;->thenApplyAsync(Ljava/util/function/Function;Ljava/util/concurrent/Executor;)Lcom/android/permission/jarjar/com/android/internal/infra/AndroidFuture;,blocked
Lcom/android/permission/jarjar/com/android/internal/infra/AndroidFuture;->thenApplyAsync(Ljava/util/function/Function;Ljava/util/concurrent/Executor;)Ljava/util/concurrent/CompletableFuture;,core-platform-api,public-api,sdk,system-api,test-api
Lcom/android/permission/jarjar/com/android/internal/infra/AndroidFuture;->thenApplyAsync(Ljava/util/function/Function;Ljava/util/concurrent/Executor;)Ljava/util/concurrent/CompletionStage;,core-platform-api,public-api,sdk,system-api,test-api
Lcom/android/permission/jarjar/com/android/internal/infra/AndroidFuture;->thenCombine(Ljava/util/concurrent/CompletionStage;)Lcom/android/permission/jarjar/com/android/internal/infra/AndroidFuture;,blocked
Lcom/android/permission/jarjar/com/android/internal/infra/AndroidFuture;->thenCombine(Ljava/util/concurrent/CompletionStage;Ljava/util/function/BiFunction;)Lcom/android/permission/jarjar/com/android/internal/infra/AndroidFuture;,blocked
Lcom/android/permission/jarjar/com/android/internal/infra/AndroidFuture;->thenCombine(Ljava/util/concurrent/CompletionStage;Ljava/util/function/BiFunction;)Ljava/util/concurrent/CompletableFuture;,core-platform-api,public-api,sdk,system-api,test-api
Lcom/android/permission/jarjar/com/android/internal/infra/AndroidFuture;->thenCombine(Ljava/util/concurrent/CompletionStage;Ljava/util/function/BiFunction;)Ljava/util/concurrent/CompletionStage;,core-platform-api,public-api,sdk,system-api,test-api
Lcom/android/permission/jarjar/com/android/internal/infra/AndroidFuture;->thenCompose(Ljava/util/function/Function;)Lcom/android/permission/jarjar/com/android/internal/infra/AndroidFuture;,blocked
Lcom/android/permission/jarjar/com/android/internal/infra/AndroidFuture;->thenCompose(Ljava/util/function/Function;)Ljava/util/concurrent/CompletableFuture;,core-platform-api,public-api,sdk,system-api,test-api
Lcom/android/permission/jarjar/com/android/internal/infra/AndroidFuture;->thenCompose(Ljava/util/function/Function;)Ljava/util/concurrent/CompletionStage;,core-platform-api,public-api,sdk,system-api,test-api
Lcom/android/permission/jarjar/com/android/internal/infra/AndroidFuture;->thenComposeAsync(Ljava/util/function/Function;Ljava/util/concurrent/Executor;)Lcom/android/permission/jarjar/com/android/internal/infra/AndroidFuture;,blocked
Lcom/android/permission/jarjar/com/android/internal/infra/AndroidFuture;->thenComposeAsync(Ljava/util/function/Function;Ljava/util/concurrent/Executor;)Ljava/util/concurrent/CompletableFuture;,core-platform-api,public-api,sdk,system-api,test-api
Lcom/android/permission/jarjar/com/android/internal/infra/AndroidFuture;->thenComposeAsync(Ljava/util/function/Function;Ljava/util/concurrent/Executor;)Ljava/util/concurrent/CompletionStage;,core-platform-api,public-api,sdk,system-api,test-api
Lcom/android/permission/jarjar/com/android/internal/infra/AndroidFuture;->triggerTimeout()V,blocked
Lcom/android/permission/jarjar/com/android/internal/infra/AndroidFuture;->unwrapExecutionException(Ljava/lang/Throwable;)Ljava/lang/Throwable;,blocked
Lcom/android/permission/jarjar/com/android/internal/infra/AndroidFuture;->whenComplete(Ljava/util/function/BiConsumer;)Lcom/android/permission/jarjar/com/android/internal/infra/AndroidFuture;,blocked
Lcom/android/permission/jarjar/com/android/internal/infra/AndroidFuture;->whenComplete(Ljava/util/function/BiConsumer;)Ljava/util/concurrent/CompletableFuture;,core-platform-api,public-api,sdk,system-api,test-api
Lcom/android/permission/jarjar/com/android/internal/infra/AndroidFuture;->whenComplete(Ljava/util/function/BiConsumer;)Ljava/util/concurrent/CompletionStage;,core-platform-api,public-api,sdk,system-api,test-api
Lcom/android/permission/jarjar/com/android/internal/infra/AndroidFuture;->whenCompleteAsync(Ljava/util/function/BiConsumer;Ljava/util/concurrent/Executor;)Lcom/android/permission/jarjar/com/android/internal/infra/AndroidFuture;,blocked
Lcom/android/permission/jarjar/com/android/internal/infra/AndroidFuture;->whenCompleteAsync(Ljava/util/function/BiConsumer;Ljava/util/concurrent/Executor;)Ljava/util/concurrent/CompletableFuture;,core-platform-api,public-api,sdk,system-api,test-api
Lcom/android/permission/jarjar/com/android/internal/infra/AndroidFuture;->whenCompleteAsync(Ljava/util/function/BiConsumer;Ljava/util/concurrent/Executor;)Ljava/util/concurrent/CompletionStage;,core-platform-api,public-api,sdk,system-api,test-api
Lcom/android/permission/jarjar/com/android/internal/infra/AndroidFuture;->writeThrowable(Landroid/os/Parcel;Ljava/lang/Throwable;)V,blocked
Lcom/android/permission/jarjar/com/android/internal/infra/AndroidFuture;->writeToParcel(Landroid/os/Parcel;I)V,public-api,sdk,system-api,test-api
Lcom/android/permission/jarjar/com/android/internal/infra/IAndroidFuture$Default;-><init>()V,blocked
Lcom/android/permission/jarjar/com/android/internal/infra/IAndroidFuture$Default;->asBinder()Landroid/os/IBinder;,public-api,sdk,system-api,test-api
Lcom/android/permission/jarjar/com/android/internal/infra/IAndroidFuture$Default;->complete(Lcom/android/permission/jarjar/com/android/internal/infra/AndroidFuture;)V,blocked
Lcom/android/permission/jarjar/com/android/internal/infra/IAndroidFuture$Stub$Proxy;-><init>(Landroid/os/IBinder;)V,blocked
Lcom/android/permission/jarjar/com/android/internal/infra/IAndroidFuture$Stub$Proxy;->asBinder()Landroid/os/IBinder;,public-api,sdk,system-api,test-api
Lcom/android/permission/jarjar/com/android/internal/infra/IAndroidFuture$Stub$Proxy;->complete(Lcom/android/permission/jarjar/com/android/internal/infra/AndroidFuture;)V,blocked
Lcom/android/permission/jarjar/com/android/internal/infra/IAndroidFuture$Stub$Proxy;->getInterfaceDescriptor()Ljava/lang/String;,blocked
Lcom/android/permission/jarjar/com/android/internal/infra/IAndroidFuture$Stub$Proxy;->mRemote:Landroid/os/IBinder;,blocked
Lcom/android/permission/jarjar/com/android/internal/infra/IAndroidFuture$Stub$Proxy;->sDefaultImpl:Lcom/android/permission/jarjar/com/android/internal/infra/IAndroidFuture;,blocked
Lcom/android/permission/jarjar/com/android/internal/infra/IAndroidFuture$Stub;-><init>()V,blocked
Lcom/android/permission/jarjar/com/android/internal/infra/IAndroidFuture$Stub;->TRANSACTION_complete:I,blocked
Lcom/android/permission/jarjar/com/android/internal/infra/IAndroidFuture$Stub;->asBinder()Landroid/os/IBinder;,public-api,sdk,system-api,test-api
Lcom/android/permission/jarjar/com/android/internal/infra/IAndroidFuture$Stub;->asInterface(Landroid/os/IBinder;)Lcom/android/permission/jarjar/com/android/internal/infra/IAndroidFuture;,blocked
Lcom/android/permission/jarjar/com/android/internal/infra/IAndroidFuture$Stub;->getDefaultImpl()Lcom/android/permission/jarjar/com/android/internal/infra/IAndroidFuture;,blocked
Lcom/android/permission/jarjar/com/android/internal/infra/IAndroidFuture$Stub;->onTransact(ILandroid/os/Parcel;Landroid/os/Parcel;I)Z,public-api,sdk,system-api,test-api
Lcom/android/permission/jarjar/com/android/internal/infra/IAndroidFuture$Stub;->setDefaultImpl(Lcom/android/permission/jarjar/com/android/internal/infra/IAndroidFuture;)Z,blocked
Lcom/android/permission/jarjar/com/android/internal/infra/IAndroidFuture;->DESCRIPTOR:Ljava/lang/String;,blocked
Lcom/android/permission/jarjar/com/android/internal/infra/IAndroidFuture;->complete(Lcom/android/permission/jarjar/com/android/internal/infra/AndroidFuture;)V,blocked
Lcom/android/permission/jarjar/com/android/internal/infra/ServiceConnector$Impl$$ExternalSyntheticLambda0;-><clinit>()V,blocked
Lcom/android/permission/jarjar/com/android/internal/infra/ServiceConnector$Impl$$ExternalSyntheticLambda0;-><init>()V,blocked
Lcom/android/permission/jarjar/com/android/internal/infra/ServiceConnector$Impl$$ExternalSyntheticLambda0;->INSTANCE:Lcom/android/permission/jarjar/com/android/internal/infra/ServiceConnector$Impl$$ExternalSyntheticLambda0;,blocked
Lcom/android/permission/jarjar/com/android/internal/infra/ServiceConnector$Impl$$ExternalSyntheticLambda0;->run(Ljava/lang/Object;)Ljava/lang/Object;,blocked
Lcom/android/permission/jarjar/com/android/internal/infra/ServiceConnector$Impl$$ExternalSyntheticLambda1;-><init>(Lcom/android/permission/jarjar/com/android/internal/infra/ServiceConnector$Impl;)V,blocked
Lcom/android/permission/jarjar/com/android/internal/infra/ServiceConnector$Impl$$ExternalSyntheticLambda1;->f$0:Lcom/android/permission/jarjar/com/android/internal/infra/ServiceConnector$Impl;,blocked
Lcom/android/permission/jarjar/com/android/internal/infra/ServiceConnector$Impl$$ExternalSyntheticLambda1;->run()V,core-platform-api,public-api,sdk,system-api,test-api
Lcom/android/permission/jarjar/com/android/internal/infra/ServiceConnector$Impl$$ExternalSyntheticLambda2;-><init>(Lcom/android/permission/jarjar/com/android/internal/infra/ServiceConnector$Impl;Lcom/android/permission/jarjar/com/android/internal/infra/ServiceConnector$Job;)V,blocked
Lcom/android/permission/jarjar/com/android/internal/infra/ServiceConnector$Impl$$ExternalSyntheticLambda2;->f$0:Lcom/android/permission/jarjar/com/android/internal/infra/ServiceConnector$Impl;,blocked
Lcom/android/permission/jarjar/com/android/internal/infra/ServiceConnector$Impl$$ExternalSyntheticLambda2;->f$1:Lcom/android/permission/jarjar/com/android/internal/infra/ServiceConnector$Job;,blocked
Lcom/android/permission/jarjar/com/android/internal/infra/ServiceConnector$Impl$$ExternalSyntheticLambda2;->run()V,core-platform-api,public-api,sdk,system-api,test-api
Lcom/android/permission/jarjar/com/android/internal/infra/ServiceConnector$Impl$CompletionAwareJob;-><init>(Lcom/android/permission/jarjar/com/android/internal/infra/ServiceConnector$Impl;)V,blocked
Lcom/android/permission/jarjar/com/android/internal/infra/ServiceConnector$Impl$CompletionAwareJob;->accept(Ljava/lang/Object;Ljava/lang/Object;)V,core-platform-api,public-api,sdk,system-api,test-api
Lcom/android/permission/jarjar/com/android/internal/infra/ServiceConnector$Impl$CompletionAwareJob;->accept(Ljava/lang/Object;Ljava/lang/Throwable;)V,blocked
Lcom/android/permission/jarjar/com/android/internal/infra/ServiceConnector$Impl$CompletionAwareJob;->cancel(Z)Z,core-platform-api,public-api,sdk,system-api,test-api
Lcom/android/permission/jarjar/com/android/internal/infra/ServiceConnector$Impl$CompletionAwareJob;->lambda$new$0(Ljava/lang/StackTraceElement;)Z,blocked
Lcom/android/permission/jarjar/com/android/internal/infra/ServiceConnector$Impl$CompletionAwareJob;->mAsync:Z,blocked
Lcom/android/permission/jarjar/com/android/internal/infra/ServiceConnector$Impl$CompletionAwareJob;->mDebugName:Ljava/lang/String;,blocked
Lcom/android/permission/jarjar/com/android/internal/infra/ServiceConnector$Impl$CompletionAwareJob;->mDelegate:Lcom/android/permission/jarjar/com/android/internal/infra/ServiceConnector$Job;,blocked
Lcom/android/permission/jarjar/com/android/internal/infra/ServiceConnector$Impl$CompletionAwareJob;->onCompleted(Ljava/lang/Object;Ljava/lang/Throwable;)V,blocked
Lcom/android/permission/jarjar/com/android/internal/infra/ServiceConnector$Impl$CompletionAwareJob;->run(Ljava/lang/Object;)Ljava/lang/Object;,blocked
Lcom/android/permission/jarjar/com/android/internal/infra/ServiceConnector$Impl$CompletionAwareJob;->this$0:Lcom/android/permission/jarjar/com/android/internal/infra/ServiceConnector$Impl;,blocked
Lcom/android/permission/jarjar/com/android/internal/infra/ServiceConnector$Impl$CompletionAwareJob;->toString()Ljava/lang/String;,core-platform-api,public-api,sdk,system-api,test-api
Lcom/android/permission/jarjar/com/android/internal/infra/ServiceConnector$Impl;-><init>(Landroid/content/Context;Landroid/content/Intent;IILjava/util/function/Function;)V,blocked
Lcom/android/permission/jarjar/com/android/internal/infra/ServiceConnector$Impl;->DEBUG:Z,blocked
Lcom/android/permission/jarjar/com/android/internal/infra/ServiceConnector$Impl;->DEFAULT_DISCONNECT_TIMEOUT_MS:J,blocked
Lcom/android/permission/jarjar/com/android/internal/infra/ServiceConnector$Impl;->DEFAULT_REQUEST_TIMEOUT_MS:J,blocked
Lcom/android/permission/jarjar/com/android/internal/infra/ServiceConnector$Impl;->LOG_TAG:Ljava/lang/String;,blocked
Lcom/android/permission/jarjar/com/android/internal/infra/ServiceConnector$Impl;->access$000(Lcom/android/permission/jarjar/com/android/internal/infra/ServiceConnector$Impl;)Ljava/util/Queue;,blocked
Lcom/android/permission/jarjar/com/android/internal/infra/ServiceConnector$Impl;->access$100(Lcom/android/permission/jarjar/com/android/internal/infra/ServiceConnector$Impl;)Ljava/util/List;,blocked
Lcom/android/permission/jarjar/com/android/internal/infra/ServiceConnector$Impl;->access$200(Lcom/android/permission/jarjar/com/android/internal/infra/ServiceConnector$Impl;)V,blocked
Lcom/android/permission/jarjar/com/android/internal/infra/ServiceConnector$Impl;->bindService(Landroid/content/ServiceConnection;)Z,blocked
Lcom/android/permission/jarjar/com/android/internal/infra/ServiceConnector$Impl;->binderAsInterface(Landroid/os/IBinder;)Landroid/os/IInterface;,blocked
Lcom/android/permission/jarjar/com/android/internal/infra/ServiceConnector$Impl;->binderDied()V,public-api,sdk,system-api,test-api
Lcom/android/permission/jarjar/com/android/internal/infra/ServiceConnector$Impl;->cancelPendingJobs()V,blocked
Lcom/android/permission/jarjar/com/android/internal/infra/ServiceConnector$Impl;->cancelTimeout()V,blocked
Lcom/android/permission/jarjar/com/android/internal/infra/ServiceConnector$Impl;->castOrNull(Ljava/lang/Object;Ljava/lang/Class;)Ljava/lang/Object;,blocked
Lcom/android/permission/jarjar/com/android/internal/infra/ServiceConnector$Impl;->completeExceptionally(Lcom/android/permission/jarjar/com/android/internal/infra/ServiceConnector$Job;Ljava/lang/Throwable;)V,blocked
Lcom/android/permission/jarjar/com/android/internal/infra/ServiceConnector$Impl;->connect()Lcom/android/permission/jarjar/com/android/internal/infra/AndroidFuture;,blocked
Lcom/android/permission/jarjar/com/android/internal/infra/ServiceConnector$Impl;->dump(Ljava/lang/String;Ljava/io/PrintWriter;)V,blocked
Lcom/android/permission/jarjar/com/android/internal/infra/ServiceConnector$Impl;->enqueue(Lcom/android/permission/jarjar/com/android/internal/infra/ServiceConnector$Impl$CompletionAwareJob;)V,blocked
Lcom/android/permission/jarjar/com/android/internal/infra/ServiceConnector$Impl;->enqueue(Lcom/android/permission/jarjar/com/android/internal/infra/ServiceConnector$Job;)Z,blocked
Lcom/android/permission/jarjar/com/android/internal/infra/ServiceConnector$Impl;->enqueueJobThread(Lcom/android/permission/jarjar/com/android/internal/infra/ServiceConnector$Job;)V,blocked
Lcom/android/permission/jarjar/com/android/internal/infra/ServiceConnector$Impl;->getAutoDisconnectTimeoutMs()J,blocked
Lcom/android/permission/jarjar/com/android/internal/infra/ServiceConnector$Impl;->getJobHandler()Landroid/os/Handler;,blocked
Lcom/android/permission/jarjar/com/android/internal/infra/ServiceConnector$Impl;->getRequestTimeoutMs()J,blocked
Lcom/android/permission/jarjar/com/android/internal/infra/ServiceConnector$Impl;->isBound()Z,blocked
Lcom/android/permission/jarjar/com/android/internal/infra/ServiceConnector$Impl;->lambda$connect$0(Landroid/os/IInterface;)Landroid/os/IInterface;,blocked
Lcom/android/permission/jarjar/com/android/internal/infra/ServiceConnector$Impl;->lambda$enqueue$1$ServiceConnector$Impl(Lcom/android/permission/jarjar/com/android/internal/infra/ServiceConnector$Job;)V,blocked
Lcom/android/permission/jarjar/com/android/internal/infra/ServiceConnector$Impl;->logTrace()V,blocked
Lcom/android/permission/jarjar/com/android/internal/infra/ServiceConnector$Impl;->mBinderAsInterface:Ljava/util/function/Function;,blocked
Lcom/android/permission/jarjar/com/android/internal/infra/ServiceConnector$Impl;->mBinding:Z,blocked
Lcom/android/permission/jarjar/com/android/internal/infra/ServiceConnector$Impl;->mBindingFlags:I,blocked
Lcom/android/permission/jarjar/com/android/internal/infra/ServiceConnector$Impl;->mContext:Landroid/content/Context;,blocked
Lcom/android/permission/jarjar/com/android/internal/infra/ServiceConnector$Impl;->mExecutor:Ljava/util/concurrent/Executor;,blocked
Lcom/android/permission/jarjar/com/android/internal/infra/ServiceConnector$Impl;->mHandler:Landroid/os/Handler;,blocked
Lcom/android/permission/jarjar/com/android/internal/infra/ServiceConnector$Impl;->mIntent:Landroid/content/Intent;,blocked
Lcom/android/permission/jarjar/com/android/internal/infra/ServiceConnector$Impl;->mMainHandler:Landroid/os/Handler;,blocked
Lcom/android/permission/jarjar/com/android/internal/infra/ServiceConnector$Impl;->mQueue:Ljava/util/Queue;,blocked
Lcom/android/permission/jarjar/com/android/internal/infra/ServiceConnector$Impl;->mService:Landroid/os/IInterface;,blocked
Lcom/android/permission/jarjar/com/android/internal/infra/ServiceConnector$Impl;->mServiceConnection:Landroid/content/ServiceConnection;,blocked
Lcom/android/permission/jarjar/com/android/internal/infra/ServiceConnector$Impl;->mServiceConnectionFutureCache:Lcom/android/permission/jarjar/com/android/internal/infra/ServiceConnector$Impl$CompletionAwareJob;,blocked
Lcom/android/permission/jarjar/com/android/internal/infra/ServiceConnector$Impl;->mTimeoutDisconnect:Ljava/lang/Runnable;,blocked
Lcom/android/permission/jarjar/com/android/internal/infra/ServiceConnector$Impl;->mUnbinding:Z,blocked
Lcom/android/permission/jarjar/com/android/internal/infra/ServiceConnector$Impl;->mUnfinishedJobs:Ljava/util/List;,blocked
Lcom/android/permission/jarjar/com/android/internal/infra/ServiceConnector$Impl;->maybeScheduleUnbindTimeout()V,blocked
Lcom/android/permission/jarjar/com/android/internal/infra/ServiceConnector$Impl;->onBindingDied(Landroid/content/ComponentName;)V,public-api,sdk,system-api,test-api
Lcom/android/permission/jarjar/com/android/internal/infra/ServiceConnector$Impl;->onServiceConnected(Landroid/content/ComponentName;Landroid/os/IBinder;)V,public-api,sdk,system-api,test-api
Lcom/android/permission/jarjar/com/android/internal/infra/ServiceConnector$Impl;->onServiceConnectionStatusChanged(Landroid/os/IInterface;Z)V,blocked
Lcom/android/permission/jarjar/com/android/internal/infra/ServiceConnector$Impl;->onServiceDisconnected(Landroid/content/ComponentName;)V,public-api,sdk,system-api,test-api
Lcom/android/permission/jarjar/com/android/internal/infra/ServiceConnector$Impl;->onServiceUnbound()V,blocked
Lcom/android/permission/jarjar/com/android/internal/infra/ServiceConnector$Impl;->onTimeout()V,blocked
Lcom/android/permission/jarjar/com/android/internal/infra/ServiceConnector$Impl;->post(Lcom/android/permission/jarjar/com/android/internal/infra/ServiceConnector$VoidJob;)Lcom/android/permission/jarjar/com/android/internal/infra/AndroidFuture;,blocked
Lcom/android/permission/jarjar/com/android/internal/infra/ServiceConnector$Impl;->postAsync(Lcom/android/permission/jarjar/com/android/internal/infra/ServiceConnector$Job;)Lcom/android/permission/jarjar/com/android/internal/infra/AndroidFuture;,blocked
Lcom/android/permission/jarjar/com/android/internal/infra/ServiceConnector$Impl;->postForResult(Lcom/android/permission/jarjar/com/android/internal/infra/ServiceConnector$Job;)Lcom/android/permission/jarjar/com/android/internal/infra/AndroidFuture;,blocked
Lcom/android/permission/jarjar/com/android/internal/infra/ServiceConnector$Impl;->postForResult(Lcom/android/permission/jarjar/com/android/internal/infra/ServiceConnector$Job;)Lcom/android/permission/jarjar/com/android/internal/infra/ServiceConnector$Impl$CompletionAwareJob;,blocked
Lcom/android/permission/jarjar/com/android/internal/infra/ServiceConnector$Impl;->processQueue()V,blocked
Lcom/android/permission/jarjar/com/android/internal/infra/ServiceConnector$Impl;->run()V,core-platform-api,public-api,sdk,system-api,test-api
Lcom/android/permission/jarjar/com/android/internal/infra/ServiceConnector$Impl;->run(Lcom/android/permission/jarjar/com/android/internal/infra/ServiceConnector$VoidJob;)Z,blocked
Lcom/android/permission/jarjar/com/android/internal/infra/ServiceConnector$Impl;->scheduleUnbindTimeout()V,blocked
Lcom/android/permission/jarjar/com/android/internal/infra/ServiceConnector$Impl;->stateToString()Ljava/lang/String;,blocked
Lcom/android/permission/jarjar/com/android/internal/infra/ServiceConnector$Impl;->toString()Ljava/lang/String;,core-platform-api,public-api,sdk,system-api,test-api
Lcom/android/permission/jarjar/com/android/internal/infra/ServiceConnector$Impl;->unbind()V,blocked
Lcom/android/permission/jarjar/com/android/internal/infra/ServiceConnector$Impl;->unbindJobThread()V,blocked
Lcom/android/permission/jarjar/com/android/internal/infra/ServiceConnector$Job;->run(Ljava/lang/Object;)Ljava/lang/Object;,blocked
Lcom/android/permission/jarjar/com/android/internal/infra/ServiceConnector$NoOp;-><init>()V,blocked
Lcom/android/permission/jarjar/com/android/internal/infra/ServiceConnector$NoOp;->connect()Lcom/android/permission/jarjar/com/android/internal/infra/AndroidFuture;,blocked
Lcom/android/permission/jarjar/com/android/internal/infra/ServiceConnector$NoOp;->post(Lcom/android/permission/jarjar/com/android/internal/infra/ServiceConnector$VoidJob;)Lcom/android/permission/jarjar/com/android/internal/infra/AndroidFuture;,blocked
Lcom/android/permission/jarjar/com/android/internal/infra/ServiceConnector$NoOp;->postAsync(Lcom/android/permission/jarjar/com/android/internal/infra/ServiceConnector$Job;)Lcom/android/permission/jarjar/com/android/internal/infra/AndroidFuture;,blocked
Lcom/android/permission/jarjar/com/android/internal/infra/ServiceConnector$NoOp;->postForResult(Lcom/android/permission/jarjar/com/android/internal/infra/ServiceConnector$Job;)Lcom/android/permission/jarjar/com/android/internal/infra/AndroidFuture;,blocked
Lcom/android/permission/jarjar/com/android/internal/infra/ServiceConnector$NoOp;->run(Lcom/android/permission/jarjar/com/android/internal/infra/ServiceConnector$VoidJob;)Z,blocked
Lcom/android/permission/jarjar/com/android/internal/infra/ServiceConnector$NoOp;->unbind()V,blocked
Lcom/android/permission/jarjar/com/android/internal/infra/ServiceConnector$VoidJob;->run(Ljava/lang/Object;)Ljava/lang/Object;,blocked
Lcom/android/permission/jarjar/com/android/internal/infra/ServiceConnector$VoidJob;->run(Ljava/lang/Object;)Ljava/lang/Void;,blocked
Lcom/android/permission/jarjar/com/android/internal/infra/ServiceConnector$VoidJob;->runNoResult(Ljava/lang/Object;)V,blocked
Lcom/android/permission/jarjar/com/android/internal/infra/ServiceConnector;->connect()Lcom/android/permission/jarjar/com/android/internal/infra/AndroidFuture;,blocked
Lcom/android/permission/jarjar/com/android/internal/infra/ServiceConnector;->post(Lcom/android/permission/jarjar/com/android/internal/infra/ServiceConnector$VoidJob;)Lcom/android/permission/jarjar/com/android/internal/infra/AndroidFuture;,blocked
Lcom/android/permission/jarjar/com/android/internal/infra/ServiceConnector;->postAsync(Lcom/android/permission/jarjar/com/android/internal/infra/ServiceConnector$Job;)Lcom/android/permission/jarjar/com/android/internal/infra/AndroidFuture;,blocked
Lcom/android/permission/jarjar/com/android/internal/infra/ServiceConnector;->postForResult(Lcom/android/permission/jarjar/com/android/internal/infra/ServiceConnector$Job;)Lcom/android/permission/jarjar/com/android/internal/infra/AndroidFuture;,blocked
Lcom/android/permission/jarjar/com/android/internal/infra/ServiceConnector;->run(Lcom/android/permission/jarjar/com/android/internal/infra/ServiceConnector$VoidJob;)Z,blocked
Lcom/android/permission/jarjar/com/android/internal/infra/ServiceConnector;->unbind()V,blocked
Lcom/android/permission/jarjar/com/android/internal/util/Preconditions;-><init>()V,blocked
Lcom/android/permission/jarjar/com/android/internal/util/Preconditions;->checkArgument(Z)V,blocked
Lcom/android/permission/jarjar/com/android/internal/util/Preconditions;->checkArgument(ZLjava/lang/Object;)V,blocked
Lcom/android/permission/jarjar/com/android/internal/util/Preconditions;->checkArgument(ZLjava/lang/String;[Ljava/lang/Object;)V,blocked
Lcom/android/permission/jarjar/com/android/internal/util/Preconditions;->checkArgumentFinite(FLjava/lang/String;)F,blocked
Lcom/android/permission/jarjar/com/android/internal/util/Preconditions;->checkArgumentInRange(DDDLjava/lang/String;)D,blocked
Lcom/android/permission/jarjar/com/android/internal/util/Preconditions;->checkArgumentInRange(FFFLjava/lang/String;)F,blocked
Lcom/android/permission/jarjar/com/android/internal/util/Preconditions;->checkArgumentInRange(IIILjava/lang/String;)I,blocked
Lcom/android/permission/jarjar/com/android/internal/util/Preconditions;->checkArgumentInRange(JJJLjava/lang/String;)J,blocked
Lcom/android/permission/jarjar/com/android/internal/util/Preconditions;->checkArgumentIsSupported([Ljava/lang/String;Ljava/lang/String;)Ljava/lang/String;,blocked
Lcom/android/permission/jarjar/com/android/internal/util/Preconditions;->checkArgumentNonNegative(FLjava/lang/String;)F,blocked
Lcom/android/permission/jarjar/com/android/internal/util/Preconditions;->checkArgumentNonnegative(I)I,blocked
Lcom/android/permission/jarjar/com/android/internal/util/Preconditions;->checkArgumentNonnegative(ILjava/lang/String;)I,blocked
Lcom/android/permission/jarjar/com/android/internal/util/Preconditions;->checkArgumentNonnegative(J)J,blocked
Lcom/android/permission/jarjar/com/android/internal/util/Preconditions;->checkArgumentNonnegative(JLjava/lang/String;)J,blocked
Lcom/android/permission/jarjar/com/android/internal/util/Preconditions;->checkArgumentPositive(FLjava/lang/String;)F,blocked
Lcom/android/permission/jarjar/com/android/internal/util/Preconditions;->checkArgumentPositive(ILjava/lang/String;)I,blocked
Lcom/android/permission/jarjar/com/android/internal/util/Preconditions;->checkArrayElementsInRange([FFFLjava/lang/String;)[F,blocked
Lcom/android/permission/jarjar/com/android/internal/util/Preconditions;->checkArrayElementsInRange([IIILjava/lang/String;)[I,blocked
Lcom/android/permission/jarjar/com/android/internal/util/Preconditions;->checkArrayElementsNotNull([Ljava/lang/Object;Ljava/lang/String;)[Ljava/lang/Object;,blocked
Lcom/android/permission/jarjar/com/android/internal/util/Preconditions;->checkByteArrayNotEmpty([BLjava/lang/String;)[B,blocked
Lcom/android/permission/jarjar/com/android/internal/util/Preconditions;->checkCallAuthorization(Z)V,blocked
Lcom/android/permission/jarjar/com/android/internal/util/Preconditions;->checkCallAuthorization(ZLjava/lang/String;)V,blocked
Lcom/android/permission/jarjar/com/android/internal/util/Preconditions;->checkCallAuthorization(ZLjava/lang/String;[Ljava/lang/Object;)V,blocked
Lcom/android/permission/jarjar/com/android/internal/util/Preconditions;->checkCallingUser(Z)V,blocked
Lcom/android/permission/jarjar/com/android/internal/util/Preconditions;->checkCollectionElementsNotNull(Ljava/util/Collection;Ljava/lang/String;)Ljava/util/Collection;,blocked
Lcom/android/permission/jarjar/com/android/internal/util/Preconditions;->checkCollectionNotEmpty(Ljava/util/Collection;Ljava/lang/String;)Ljava/util/Collection;,blocked
Lcom/android/permission/jarjar/com/android/internal/util/Preconditions;->checkFlagsArgument(II)I,blocked
Lcom/android/permission/jarjar/com/android/internal/util/Preconditions;->checkNotNull(Ljava/lang/Object;)Ljava/lang/Object;,blocked
Lcom/android/permission/jarjar/com/android/internal/util/Preconditions;->checkNotNull(Ljava/lang/Object;Ljava/lang/Object;)Ljava/lang/Object;,blocked
Lcom/android/permission/jarjar/com/android/internal/util/Preconditions;->checkNotNull(Ljava/lang/Object;Ljava/lang/String;[Ljava/lang/Object;)Ljava/lang/Object;,blocked
Lcom/android/permission/jarjar/com/android/internal/util/Preconditions;->checkState(Z)V,blocked
Lcom/android/permission/jarjar/com/android/internal/util/Preconditions;->checkState(ZLjava/lang/String;)V,blocked
Lcom/android/permission/jarjar/com/android/internal/util/Preconditions;->checkState(ZLjava/lang/String;[Ljava/lang/Object;)V,blocked
Lcom/android/permission/jarjar/com/android/internal/util/Preconditions;->checkStringNotEmpty(Ljava/lang/CharSequence;)Ljava/lang/CharSequence;,blocked
Lcom/android/permission/jarjar/com/android/internal/util/Preconditions;->checkStringNotEmpty(Ljava/lang/CharSequence;Ljava/lang/Object;)Ljava/lang/CharSequence;,blocked
Lcom/android/permission/jarjar/com/android/internal/util/Preconditions;->checkStringNotEmpty(Ljava/lang/CharSequence;Ljava/lang/String;[Ljava/lang/Object;)Ljava/lang/CharSequence;,blocked
Lcom/android/permission/jarjar/com/android/internal/util/Preconditions;->contains([Ljava/lang/String;Ljava/lang/String;)Z,blocked
