Landroid/app/role/IOnRoleHoldersChangedListener$Default;->asBinder()Landroid/os/IBinder;,public-api,system-api,test-api
Landroid/app/role/IOnRoleHoldersChangedListener$Stub$Proxy;->asBinder()Landroid/os/IBinder;,public-api,system-api,test-api
Landroid/app/role/IOnRoleHoldersChangedListener$Stub;->asBinder()Landroid/os/IBinder;,public-api,system-api,test-api
Landroid/app/role/IOnRoleHoldersChangedListener$Stub;->onTransact(ILandroid/os/Parcel;Landroid/os/Parcel;I)Z,public-api,system-api,test-api
Landroid/app/role/IRoleController$Default;->asBinder()Landroid/os/IBinder;,public-api,system-api,test-api
Landroid/app/role/IRoleController$Stub$Proxy;->asBinder()Landroid/os/IBinder;,public-api,system-api,test-api
Landroid/app/role/IRoleController$Stub;->asBinder()Landroid/os/IBinder;,public-api,system-api,test-api
Landroid/app/role/IRoleController$Stub;->onTransact(ILandroid/os/Parcel;Landroid/os/Parcel;I)Z,public-api,system-api,test-api
Landroid/app/role/IRoleManager$Default;->asBinder()Landroid/os/IBinder;,public-api,system-api,test-api
Landroid/app/role/IRoleManager$Stub$Proxy;->asBinder()Landroid/os/IBinder;,public-api,system-api,test-api
Landroid/app/role/IRoleManager$Stub;->asBinder()Landroid/os/IBinder;,public-api,system-api,test-api
Landroid/app/role/IRoleManager$Stub;->onTransact(ILandroid/os/Parcel;Landroid/os/Parcel;I)Z,public-api,system-api,test-api
Landroid/app/role/OnRoleHoldersChangedListener;->onRoleHoldersChanged(Ljava/lang/String;Landroid/os/UserHandle;)V,system-api,test-api
Landroid/app/role/RoleControllerManager$$ExternalSyntheticLambda1;->onResult(Landroid/os/Bundle;)V,system-api,test-api
Landroid/app/role/RoleControllerManager$$ExternalSyntheticLambda2;->accept(Ljava/lang/Object;Ljava/lang/Object;)V,core-platform-api,public-api,system-api,test-api
Landroid/app/role/RoleControllerManager$$ExternalSyntheticLambda5;->apply(Ljava/lang/Object;)Ljava/lang/Object;,core-platform-api,public-api,system-api,test-api
Landroid/app/role/RoleControllerManager$$ExternalSyntheticLambda6;->run()V,core-platform-api,public-api,system-api,test-api
Landroid/app/role/RoleControllerManager$$ExternalSyntheticLambda9;->accept(Ljava/lang/Object;Ljava/lang/Object;)V,core-platform-api,public-api,system-api,test-api
Landroid/app/role/RoleControllerService$1$$ExternalSyntheticLambda0;->run()V,core-platform-api,public-api,system-api,test-api
Landroid/app/role/RoleControllerService$1$$ExternalSyntheticLambda1;->run()V,core-platform-api,public-api,system-api,test-api
Landroid/app/role/RoleControllerService$1$$ExternalSyntheticLambda2;->run()V,core-platform-api,public-api,system-api,test-api
Landroid/app/role/RoleControllerService$1$$ExternalSyntheticLambda3;->run()V,core-platform-api,public-api,system-api,test-api
Landroid/app/role/RoleControllerService;-><init>()V,system-api,test-api
Landroid/app/role/RoleControllerService;->SERVICE_INTERFACE:Ljava/lang/String;,system-api,test-api
Landroid/app/role/RoleControllerService;->onAddRoleHolder(Ljava/lang/String;Ljava/lang/String;I)Z,system-api,test-api
Landroid/app/role/RoleControllerService;->onBind(Landroid/content/Intent;)Landroid/os/IBinder;,public-api,system-api,test-api
Landroid/app/role/RoleControllerService;->onClearRoleHolders(Ljava/lang/String;I)Z,system-api,test-api
Landroid/app/role/RoleControllerService;->onCreate()V,public-api,system-api,test-api
Landroid/app/role/RoleControllerService;->onDestroy()V,public-api,system-api,test-api
Landroid/app/role/RoleControllerService;->onGrantDefaultRoles()Z,system-api,test-api
Landroid/app/role/RoleControllerService;->onIsApplicationQualifiedForRole(Ljava/lang/String;Ljava/lang/String;)Z,system-api,test-api
Landroid/app/role/RoleControllerService;->onIsApplicationVisibleForRole(Ljava/lang/String;Ljava/lang/String;)Z,system-api,test-api
Landroid/app/role/RoleControllerService;->onIsRoleVisible(Ljava/lang/String;)Z,system-api,test-api
Landroid/app/role/RoleControllerService;->onRemoveRoleHolder(Ljava/lang/String;Ljava/lang/String;I)Z,system-api,test-api
Landroid/app/role/RoleFrameworkInitializer$$ExternalSyntheticLambda0;->createService(Landroid/content/Context;Landroid/os/IBinder;)Ljava/lang/Object;,system-api,test-api
Landroid/app/role/RoleManager$$ExternalSyntheticLambda0;->run()V,core-platform-api,public-api,system-api,test-api
Landroid/app/role/RoleManager$$ExternalSyntheticLambda1;->onResult(Landroid/os/Bundle;)V,system-api,test-api
Landroid/app/role/RoleManager$OnRoleHoldersChangedListenerDelegate$$ExternalSyntheticLambda0;->run()V,core-platform-api,public-api,system-api,test-api
Landroid/app/role/RoleManager;->MANAGE_HOLDERS_FLAG_DONT_KILL_APP:I,system-api,test-api
Landroid/app/role/RoleManager;->ROLE_ASSISTANT:Ljava/lang/String;,public-api,system-api,test-api
Landroid/app/role/RoleManager;->ROLE_BROWSER:Ljava/lang/String;,public-api,system-api,test-api
Landroid/app/role/RoleManager;->ROLE_CALL_REDIRECTION:Ljava/lang/String;,public-api,system-api,test-api
Landroid/app/role/RoleManager;->ROLE_CALL_SCREENING:Ljava/lang/String;,public-api,system-api,test-api
Landroid/app/role/RoleManager;->ROLE_DEVICE_POLICY_MANAGEMENT:Ljava/lang/String;,system-api,test-api
Landroid/app/role/RoleManager;->ROLE_DIALER:Ljava/lang/String;,public-api,system-api,test-api
Landroid/app/role/RoleManager;->ROLE_EMERGENCY:Ljava/lang/String;,public-api,system-api,test-api
Landroid/app/role/RoleManager;->ROLE_FINANCED_DEVICE_KIOSK:Ljava/lang/String;,system-api,test-api
Landroid/app/role/RoleManager;->ROLE_HOME:Ljava/lang/String;,public-api,system-api,test-api
Landroid/app/role/RoleManager;->ROLE_NOTES:Ljava/lang/String;,public-api,system-api,test-api
Landroid/app/role/RoleManager;->ROLE_SMS:Ljava/lang/String;,public-api,system-api,test-api
Landroid/app/role/RoleManager;->ROLE_SYSTEM_ACTIVITY_RECOGNIZER:Ljava/lang/String;,system-api,test-api
Landroid/app/role/RoleManager;->ROLE_SYSTEM_CALL_STREAMING:Ljava/lang/String;,system-api,test-api
Landroid/app/role/RoleManager;->ROLE_SYSTEM_SUPERVISION:Ljava/lang/String;,system-api,test-api
Landroid/app/role/RoleManager;->ROLE_SYSTEM_WELLBEING:Ljava/lang/String;,system-api,test-api
Landroid/app/role/RoleManager;->addOnRoleHoldersChangedListenerAsUser(Ljava/util/concurrent/Executor;Landroid/app/role/OnRoleHoldersChangedListener;Landroid/os/UserHandle;)V,system-api,test-api
Landroid/app/role/RoleManager;->addRoleHolderAsUser(Ljava/lang/String;Ljava/lang/String;ILandroid/os/UserHandle;Ljava/util/concurrent/Executor;Ljava/util/function/Consumer;)V,system-api,test-api
Landroid/app/role/RoleManager;->addRoleHolderFromController(Ljava/lang/String;Ljava/lang/String;)Z,system-api,test-api
Landroid/app/role/RoleManager;->clearRoleHoldersAsUser(Ljava/lang/String;ILandroid/os/UserHandle;Ljava/util/concurrent/Executor;Ljava/util/function/Consumer;)V,system-api,test-api
Landroid/app/role/RoleManager;->createRequestRoleIntent(Ljava/lang/String;)Landroid/content/Intent;,public-api,system-api,test-api
Landroid/app/role/RoleManager;->getDefaultApplication(Ljava/lang/String;)Ljava/lang/String;,system-api,test-api
Landroid/app/role/RoleManager;->getHeldRolesFromController(Ljava/lang/String;)Ljava/util/List;,system-api,test-api
Landroid/app/role/RoleManager;->getRoleHolders(Ljava/lang/String;)Ljava/util/List;,system-api,test-api
Landroid/app/role/RoleManager;->getRoleHoldersAsUser(Ljava/lang/String;Landroid/os/UserHandle;)Ljava/util/List;,system-api,test-api
Landroid/app/role/RoleManager;->isApplicationVisibleForRole(Ljava/lang/String;Ljava/lang/String;Ljava/util/concurrent/Executor;Ljava/util/function/Consumer;)V,system-api,test-api
Landroid/app/role/RoleManager;->isBypassingRoleQualification()Z,system-api,test-api
Landroid/app/role/RoleManager;->isRoleAvailable(Ljava/lang/String;)Z,public-api,system-api,test-api
Landroid/app/role/RoleManager;->isRoleHeld(Ljava/lang/String;)Z,public-api,system-api,test-api
Landroid/app/role/RoleManager;->isRoleVisible(Ljava/lang/String;Ljava/util/concurrent/Executor;Ljava/util/function/Consumer;)V,system-api,test-api
Landroid/app/role/RoleManager;->removeOnRoleHoldersChangedListenerAsUser(Landroid/app/role/OnRoleHoldersChangedListener;Landroid/os/UserHandle;)V,system-api,test-api
Landroid/app/role/RoleManager;->removeRoleHolderAsUser(Ljava/lang/String;Ljava/lang/String;ILandroid/os/UserHandle;Ljava/util/concurrent/Executor;Ljava/util/function/Consumer;)V,system-api,test-api
Landroid/app/role/RoleManager;->removeRoleHolderFromController(Ljava/lang/String;Ljava/lang/String;)Z,system-api,test-api
Landroid/app/role/RoleManager;->setBypassingRoleQualification(Z)V,system-api,test-api
Landroid/app/role/RoleManager;->setDefaultApplication(Ljava/lang/String;Ljava/lang/String;ILjava/util/concurrent/Executor;Ljava/util/function/Consumer;)V,system-api,test-api
Landroid/app/role/RoleManager;->setRoleNamesFromController(Ljava/util/List;)V,system-api,test-api
Landroid/permission/jarjar/android/os/HandlerExecutor;->execute(Ljava/lang/Runnable;)V,core-platform-api,public-api,system-api,test-api
Landroid/permission/jarjar/com/android/internal/infra/AndroidFuture$$ExternalSyntheticLambda0;->run()V,core-platform-api,public-api,system-api,test-api
Landroid/permission/jarjar/com/android/internal/infra/AndroidFuture$$ExternalSyntheticLambda1;->run()V,core-platform-api,public-api,system-api,test-api
Landroid/permission/jarjar/com/android/internal/infra/AndroidFuture$$ExternalSyntheticLambda2;->execute(Ljava/lang/Runnable;)V,core-platform-api,public-api,system-api,test-api
Landroid/permission/jarjar/com/android/internal/infra/AndroidFuture$$ExternalSyntheticLambda3;->apply(Ljava/lang/Object;Ljava/lang/Object;)Ljava/lang/Object;,core-platform-api,public-api,system-api,test-api
Landroid/permission/jarjar/com/android/internal/infra/AndroidFuture$$ExternalSyntheticLambda4;->accept(Ljava/lang/Object;Ljava/lang/Object;)V,core-platform-api,public-api,system-api,test-api
Landroid/permission/jarjar/com/android/internal/infra/AndroidFuture$2;->createFromParcel(Landroid/os/Parcel;)Ljava/lang/Object;,public-api,system-api,test-api
Landroid/permission/jarjar/com/android/internal/infra/AndroidFuture$2;->newArray(I)[Ljava/lang/Object;,public-api,system-api,test-api
Landroid/permission/jarjar/com/android/internal/infra/AndroidFuture$SupplyAsync;->run()V,core-platform-api,public-api,system-api,test-api
Landroid/permission/jarjar/com/android/internal/infra/AndroidFuture$ThenApplyAsync;->accept(Ljava/lang/Object;Ljava/lang/Object;)V,core-platform-api,public-api,system-api,test-api
Landroid/permission/jarjar/com/android/internal/infra/AndroidFuture$ThenApplyAsync;->run()V,core-platform-api,public-api,system-api,test-api
Landroid/permission/jarjar/com/android/internal/infra/AndroidFuture$ThenCombine$$ExternalSyntheticLambda0;->accept(Ljava/lang/Object;Ljava/lang/Object;)V,core-platform-api,public-api,system-api,test-api
Landroid/permission/jarjar/com/android/internal/infra/AndroidFuture$ThenCombine;->accept(Ljava/lang/Object;Ljava/lang/Object;)V,core-platform-api,public-api,system-api,test-api
Landroid/permission/jarjar/com/android/internal/infra/AndroidFuture$ThenComposeAsync;->accept(Ljava/lang/Object;Ljava/lang/Object;)V,core-platform-api,public-api,system-api,test-api
Landroid/permission/jarjar/com/android/internal/infra/AndroidFuture$ThenComposeAsync;->run()V,core-platform-api,public-api,system-api,test-api
Landroid/permission/jarjar/com/android/internal/infra/AndroidFuture;->cancel(Z)Z,core-platform-api,public-api,system-api,test-api
Landroid/permission/jarjar/com/android/internal/infra/AndroidFuture;->complete(Ljava/lang/Object;)Z,core-platform-api,public-api,system-api,test-api
Landroid/permission/jarjar/com/android/internal/infra/AndroidFuture;->completeExceptionally(Ljava/lang/Throwable;)Z,core-platform-api,public-api,system-api,test-api
Landroid/permission/jarjar/com/android/internal/infra/AndroidFuture;->describeContents()I,public-api,system-api,test-api
Landroid/permission/jarjar/com/android/internal/infra/AndroidFuture;->orTimeout(JLjava/util/concurrent/TimeUnit;)Ljava/util/concurrent/CompletableFuture;,core-platform-api,public-api,system-api,test-api
Landroid/permission/jarjar/com/android/internal/infra/AndroidFuture;->thenApply(Ljava/util/function/Function;)Ljava/util/concurrent/CompletableFuture;,core-platform-api,public-api,system-api,test-api
Landroid/permission/jarjar/com/android/internal/infra/AndroidFuture;->thenApply(Ljava/util/function/Function;)Ljava/util/concurrent/CompletionStage;,core-platform-api,public-api,system-api,test-api
Landroid/permission/jarjar/com/android/internal/infra/AndroidFuture;->thenApplyAsync(Ljava/util/function/Function;Ljava/util/concurrent/Executor;)Ljava/util/concurrent/CompletableFuture;,core-platform-api,public-api,system-api,test-api
Landroid/permission/jarjar/com/android/internal/infra/AndroidFuture;->thenApplyAsync(Ljava/util/function/Function;Ljava/util/concurrent/Executor;)Ljava/util/concurrent/CompletionStage;,core-platform-api,public-api,system-api,test-api
Landroid/permission/jarjar/com/android/internal/infra/AndroidFuture;->thenCombine(Ljava/util/concurrent/CompletionStage;Ljava/util/function/BiFunction;)Ljava/util/concurrent/CompletableFuture;,core-platform-api,public-api,system-api,test-api
Landroid/permission/jarjar/com/android/internal/infra/AndroidFuture;->thenCombine(Ljava/util/concurrent/CompletionStage;Ljava/util/function/BiFunction;)Ljava/util/concurrent/CompletionStage;,core-platform-api,public-api,system-api,test-api
Landroid/permission/jarjar/com/android/internal/infra/AndroidFuture;->thenCompose(Ljava/util/function/Function;)Ljava/util/concurrent/CompletableFuture;,core-platform-api,public-api,system-api,test-api
Landroid/permission/jarjar/com/android/internal/infra/AndroidFuture;->thenCompose(Ljava/util/function/Function;)Ljava/util/concurrent/CompletionStage;,core-platform-api,public-api,system-api,test-api
Landroid/permission/jarjar/com/android/internal/infra/AndroidFuture;->thenComposeAsync(Ljava/util/function/Function;Ljava/util/concurrent/Executor;)Ljava/util/concurrent/CompletableFuture;,core-platform-api,public-api,system-api,test-api
Landroid/permission/jarjar/com/android/internal/infra/AndroidFuture;->thenComposeAsync(Ljava/util/function/Function;Ljava/util/concurrent/Executor;)Ljava/util/concurrent/CompletionStage;,core-platform-api,public-api,system-api,test-api
Landroid/permission/jarjar/com/android/internal/infra/AndroidFuture;->whenComplete(Ljava/util/function/BiConsumer;)Ljava/util/concurrent/CompletableFuture;,core-platform-api,public-api,system-api,test-api
Landroid/permission/jarjar/com/android/internal/infra/AndroidFuture;->whenComplete(Ljava/util/function/BiConsumer;)Ljava/util/concurrent/CompletionStage;,core-platform-api,public-api,system-api,test-api
Landroid/permission/jarjar/com/android/internal/infra/AndroidFuture;->whenCompleteAsync(Ljava/util/function/BiConsumer;Ljava/util/concurrent/Executor;)Ljava/util/concurrent/CompletableFuture;,core-platform-api,public-api,system-api,test-api
Landroid/permission/jarjar/com/android/internal/infra/AndroidFuture;->whenCompleteAsync(Ljava/util/function/BiConsumer;Ljava/util/concurrent/Executor;)Ljava/util/concurrent/CompletionStage;,core-platform-api,public-api,system-api,test-api
Landroid/permission/jarjar/com/android/internal/infra/AndroidFuture;->writeToParcel(Landroid/os/Parcel;I)V,public-api,system-api,test-api
Landroid/permission/jarjar/com/android/internal/infra/IAndroidFuture$Default;->asBinder()Landroid/os/IBinder;,public-api,system-api,test-api
Landroid/permission/jarjar/com/android/internal/infra/IAndroidFuture$Stub$Proxy;->asBinder()Landroid/os/IBinder;,public-api,system-api,test-api
Landroid/permission/jarjar/com/android/internal/infra/IAndroidFuture$Stub;->asBinder()Landroid/os/IBinder;,public-api,system-api,test-api
Landroid/permission/jarjar/com/android/internal/infra/IAndroidFuture$Stub;->onTransact(ILandroid/os/Parcel;Landroid/os/Parcel;I)Z,public-api,system-api,test-api
Landroid/permission/jarjar/com/android/internal/infra/ServiceConnector$Impl$$ExternalSyntheticLambda1;->run()V,core-platform-api,public-api,system-api,test-api
Landroid/permission/jarjar/com/android/internal/infra/ServiceConnector$Impl$$ExternalSyntheticLambda2;->run()V,core-platform-api,public-api,system-api,test-api
Landroid/permission/jarjar/com/android/internal/infra/ServiceConnector$Impl$CompletionAwareJob;->accept(Ljava/lang/Object;Ljava/lang/Object;)V,core-platform-api,public-api,system-api,test-api
Landroid/permission/jarjar/com/android/internal/infra/ServiceConnector$Impl$CompletionAwareJob;->cancel(Z)Z,core-platform-api,public-api,system-api,test-api
Landroid/permission/jarjar/com/android/internal/infra/ServiceConnector$Impl$CompletionAwareJob;->toString()Ljava/lang/String;,core-platform-api,public-api,system-api,test-api
Landroid/permission/jarjar/com/android/internal/infra/ServiceConnector$Impl;->binderDied()V,public-api,system-api,test-api
Landroid/permission/jarjar/com/android/internal/infra/ServiceConnector$Impl;->onBindingDied(Landroid/content/ComponentName;)V,public-api,system-api,test-api
Landroid/permission/jarjar/com/android/internal/infra/ServiceConnector$Impl;->onServiceConnected(Landroid/content/ComponentName;Landroid/os/IBinder;)V,public-api,system-api,test-api
Landroid/permission/jarjar/com/android/internal/infra/ServiceConnector$Impl;->onServiceDisconnected(Landroid/content/ComponentName;)V,public-api,system-api,test-api
Landroid/permission/jarjar/com/android/internal/infra/ServiceConnector$Impl;->run()V,core-platform-api,public-api,system-api,test-api
Landroid/permission/jarjar/com/android/internal/infra/ServiceConnector$Impl;->toString()Ljava/lang/String;,core-platform-api,public-api,system-api,test-api
Landroid/safetycenter/IOnSafetyCenterDataChangedListener$Default;->asBinder()Landroid/os/IBinder;,public-api,system-api,test-api
Landroid/safetycenter/IOnSafetyCenterDataChangedListener$Stub$Proxy;->asBinder()Landroid/os/IBinder;,public-api,system-api,test-api
Landroid/safetycenter/IOnSafetyCenterDataChangedListener$Stub;->asBinder()Landroid/os/IBinder;,public-api,system-api,test-api
Landroid/safetycenter/IOnSafetyCenterDataChangedListener$Stub;->onTransact(ILandroid/os/Parcel;Landroid/os/Parcel;I)Z,public-api,system-api,test-api
Landroid/safetycenter/ISafetyCenterManager$Default;->asBinder()Landroid/os/IBinder;,public-api,system-api,test-api
Landroid/safetycenter/ISafetyCenterManager$Stub$Proxy;->asBinder()Landroid/os/IBinder;,public-api,system-api,test-api
Landroid/safetycenter/ISafetyCenterManager$Stub;->asBinder()Landroid/os/IBinder;,public-api,system-api,test-api
Landroid/safetycenter/ISafetyCenterManager$Stub;->onTransact(ILandroid/os/Parcel;Landroid/os/Parcel;I)Z,public-api,system-api,test-api
Landroid/safetycenter/SafetyCenterData$1;->createFromParcel(Landroid/os/Parcel;)Ljava/lang/Object;,public-api,system-api,test-api
Landroid/safetycenter/SafetyCenterData$1;->newArray(I)[Ljava/lang/Object;,public-api,system-api,test-api
Landroid/safetycenter/SafetyCenterData$Builder;-><init>(Landroid/safetycenter/SafetyCenterData;)V,system-api,test-api
Landroid/safetycenter/SafetyCenterData$Builder;-><init>(Landroid/safetycenter/SafetyCenterStatus;)V,system-api,test-api
Landroid/safetycenter/SafetyCenterData$Builder;->addDismissedIssue(Landroid/safetycenter/SafetyCenterIssue;)Landroid/safetycenter/SafetyCenterData$Builder;,system-api,test-api
Landroid/safetycenter/SafetyCenterData$Builder;->addEntryOrGroup(Landroid/safetycenter/SafetyCenterEntryOrGroup;)Landroid/safetycenter/SafetyCenterData$Builder;,system-api,test-api
Landroid/safetycenter/SafetyCenterData$Builder;->addIssue(Landroid/safetycenter/SafetyCenterIssue;)Landroid/safetycenter/SafetyCenterData$Builder;,system-api,test-api
Landroid/safetycenter/SafetyCenterData$Builder;->addStaticEntryGroup(Landroid/safetycenter/SafetyCenterStaticEntryGroup;)Landroid/safetycenter/SafetyCenterData$Builder;,system-api,test-api
Landroid/safetycenter/SafetyCenterData$Builder;->build()Landroid/safetycenter/SafetyCenterData;,system-api,test-api
Landroid/safetycenter/SafetyCenterData$Builder;->clearDismissedIssues()Landroid/safetycenter/SafetyCenterData$Builder;,system-api,test-api
Landroid/safetycenter/SafetyCenterData$Builder;->clearEntriesOrGroups()Landroid/safetycenter/SafetyCenterData$Builder;,system-api,test-api
Landroid/safetycenter/SafetyCenterData$Builder;->clearExtras()Landroid/safetycenter/SafetyCenterData$Builder;,system-api,test-api
Landroid/safetycenter/SafetyCenterData$Builder;->clearIssues()Landroid/safetycenter/SafetyCenterData$Builder;,system-api,test-api
Landroid/safetycenter/SafetyCenterData$Builder;->clearStaticEntryGroups()Landroid/safetycenter/SafetyCenterData$Builder;,system-api,test-api
Landroid/safetycenter/SafetyCenterData$Builder;->setExtras(Landroid/os/Bundle;)Landroid/safetycenter/SafetyCenterData$Builder;,system-api,test-api
Landroid/safetycenter/SafetyCenterData;-><init>(Landroid/safetycenter/SafetyCenterStatus;Ljava/util/List;Ljava/util/List;Ljava/util/List;)V,system-api,test-api
Landroid/safetycenter/SafetyCenterData;->CREATOR:Landroid/os/Parcelable$Creator;,system-api,test-api
Landroid/safetycenter/SafetyCenterData;->describeContents()I,public-api,system-api,test-api
Landroid/safetycenter/SafetyCenterData;->equals(Ljava/lang/Object;)Z,core-platform-api,public-api,system-api,test-api
Landroid/safetycenter/SafetyCenterData;->getDismissedIssues()Ljava/util/List;,system-api,test-api
Landroid/safetycenter/SafetyCenterData;->getEntriesOrGroups()Ljava/util/List;,system-api,test-api
Landroid/safetycenter/SafetyCenterData;->getExtras()Landroid/os/Bundle;,system-api,test-api
Landroid/safetycenter/SafetyCenterData;->getIssues()Ljava/util/List;,system-api,test-api
Landroid/safetycenter/SafetyCenterData;->getStaticEntryGroups()Ljava/util/List;,system-api,test-api
Landroid/safetycenter/SafetyCenterData;->getStatus()Landroid/safetycenter/SafetyCenterStatus;,system-api,test-api
Landroid/safetycenter/SafetyCenterData;->hashCode()I,core-platform-api,public-api,system-api,test-api
Landroid/safetycenter/SafetyCenterData;->toString()Ljava/lang/String;,core-platform-api,public-api,system-api,test-api
Landroid/safetycenter/SafetyCenterData;->writeToParcel(Landroid/os/Parcel;I)V,public-api,system-api,test-api
Landroid/safetycenter/SafetyCenterEntry$1;->createFromParcel(Landroid/os/Parcel;)Ljava/lang/Object;,public-api,system-api,test-api
Landroid/safetycenter/SafetyCenterEntry$1;->newArray(I)[Ljava/lang/Object;,public-api,system-api,test-api
Landroid/safetycenter/SafetyCenterEntry$Builder;-><init>(Landroid/safetycenter/SafetyCenterEntry;)V,system-api,test-api
Landroid/safetycenter/SafetyCenterEntry$Builder;-><init>(Ljava/lang/String;Ljava/lang/CharSequence;)V,system-api,test-api
Landroid/safetycenter/SafetyCenterEntry$Builder;->build()Landroid/safetycenter/SafetyCenterEntry;,system-api,test-api
Landroid/safetycenter/SafetyCenterEntry$Builder;->setEnabled(Z)Landroid/safetycenter/SafetyCenterEntry$Builder;,system-api,test-api
Landroid/safetycenter/SafetyCenterEntry$Builder;->setIconAction(ILandroid/app/PendingIntent;)Landroid/safetycenter/SafetyCenterEntry$Builder;,system-api,test-api
Landroid/safetycenter/SafetyCenterEntry$Builder;->setIconAction(Landroid/safetycenter/SafetyCenterEntry$IconAction;)Landroid/safetycenter/SafetyCenterEntry$Builder;,system-api,test-api
Landroid/safetycenter/SafetyCenterEntry$Builder;->setId(Ljava/lang/String;)Landroid/safetycenter/SafetyCenterEntry$Builder;,system-api,test-api
Landroid/safetycenter/SafetyCenterEntry$Builder;->setPendingIntent(Landroid/app/PendingIntent;)Landroid/safetycenter/SafetyCenterEntry$Builder;,system-api,test-api
Landroid/safetycenter/SafetyCenterEntry$Builder;->setSeverityLevel(I)Landroid/safetycenter/SafetyCenterEntry$Builder;,system-api,test-api
Landroid/safetycenter/SafetyCenterEntry$Builder;->setSeverityUnspecifiedIconType(I)Landroid/safetycenter/SafetyCenterEntry$Builder;,system-api,test-api
Landroid/safetycenter/SafetyCenterEntry$Builder;->setSummary(Ljava/lang/CharSequence;)Landroid/safetycenter/SafetyCenterEntry$Builder;,system-api,test-api
Landroid/safetycenter/SafetyCenterEntry$Builder;->setTitle(Ljava/lang/CharSequence;)Landroid/safetycenter/SafetyCenterEntry$Builder;,system-api,test-api
Landroid/safetycenter/SafetyCenterEntry$IconAction$1;->createFromParcel(Landroid/os/Parcel;)Ljava/lang/Object;,public-api,system-api,test-api
Landroid/safetycenter/SafetyCenterEntry$IconAction$1;->newArray(I)[Ljava/lang/Object;,public-api,system-api,test-api
Landroid/safetycenter/SafetyCenterEntry$IconAction;-><init>(ILandroid/app/PendingIntent;)V,system-api,test-api
Landroid/safetycenter/SafetyCenterEntry$IconAction;->CREATOR:Landroid/os/Parcelable$Creator;,system-api,test-api
Landroid/safetycenter/SafetyCenterEntry$IconAction;->ICON_ACTION_TYPE_GEAR:I,system-api,test-api
Landroid/safetycenter/SafetyCenterEntry$IconAction;->ICON_ACTION_TYPE_INFO:I,system-api,test-api
Landroid/safetycenter/SafetyCenterEntry$IconAction;->describeContents()I,public-api,system-api,test-api
Landroid/safetycenter/SafetyCenterEntry$IconAction;->equals(Ljava/lang/Object;)Z,core-platform-api,public-api,system-api,test-api
Landroid/safetycenter/SafetyCenterEntry$IconAction;->getPendingIntent()Landroid/app/PendingIntent;,system-api,test-api
Landroid/safetycenter/SafetyCenterEntry$IconAction;->getType()I,system-api,test-api
Landroid/safetycenter/SafetyCenterEntry$IconAction;->hashCode()I,core-platform-api,public-api,system-api,test-api
Landroid/safetycenter/SafetyCenterEntry$IconAction;->toString()Ljava/lang/String;,core-platform-api,public-api,system-api,test-api
Landroid/safetycenter/SafetyCenterEntry$IconAction;->writeToParcel(Landroid/os/Parcel;I)V,public-api,system-api,test-api
Landroid/safetycenter/SafetyCenterEntry;->CREATOR:Landroid/os/Parcelable$Creator;,system-api,test-api
Landroid/safetycenter/SafetyCenterEntry;->ENTRY_SEVERITY_LEVEL_CRITICAL_WARNING:I,system-api,test-api
Landroid/safetycenter/SafetyCenterEntry;->ENTRY_SEVERITY_LEVEL_OK:I,system-api,test-api
Landroid/safetycenter/SafetyCenterEntry;->ENTRY_SEVERITY_LEVEL_RECOMMENDATION:I,system-api,test-api
Landroid/safetycenter/SafetyCenterEntry;->ENTRY_SEVERITY_LEVEL_UNKNOWN:I,system-api,test-api
Landroid/safetycenter/SafetyCenterEntry;->ENTRY_SEVERITY_LEVEL_UNSPECIFIED:I,system-api,test-api
Landroid/safetycenter/SafetyCenterEntry;->SEVERITY_UNSPECIFIED_ICON_TYPE_NO_ICON:I,system-api,test-api
Landroid/safetycenter/SafetyCenterEntry;->SEVERITY_UNSPECIFIED_ICON_TYPE_NO_RECOMMENDATION:I,system-api,test-api
Landroid/safetycenter/SafetyCenterEntry;->SEVERITY_UNSPECIFIED_ICON_TYPE_PRIVACY:I,system-api,test-api
Landroid/safetycenter/SafetyCenterEntry;->describeContents()I,public-api,system-api,test-api
Landroid/safetycenter/SafetyCenterEntry;->equals(Ljava/lang/Object;)Z,core-platform-api,public-api,system-api,test-api
Landroid/safetycenter/SafetyCenterEntry;->getIconAction()Landroid/safetycenter/SafetyCenterEntry$IconAction;,system-api,test-api
Landroid/safetycenter/SafetyCenterEntry;->getId()Ljava/lang/String;,system-api,test-api
Landroid/safetycenter/SafetyCenterEntry;->getPendingIntent()Landroid/app/PendingIntent;,system-api,test-api
Landroid/safetycenter/SafetyCenterEntry;->getSeverityLevel()I,system-api,test-api
Landroid/safetycenter/SafetyCenterEntry;->getSeverityUnspecifiedIconType()I,system-api,test-api
Landroid/safetycenter/SafetyCenterEntry;->getSummary()Ljava/lang/CharSequence;,system-api,test-api
Landroid/safetycenter/SafetyCenterEntry;->getTitle()Ljava/lang/CharSequence;,system-api,test-api
Landroid/safetycenter/SafetyCenterEntry;->hashCode()I,core-platform-api,public-api,system-api,test-api
Landroid/safetycenter/SafetyCenterEntry;->isEnabled()Z,system-api,test-api
Landroid/safetycenter/SafetyCenterEntry;->toString()Ljava/lang/String;,core-platform-api,public-api,system-api,test-api
Landroid/safetycenter/SafetyCenterEntry;->writeToParcel(Landroid/os/Parcel;I)V,public-api,system-api,test-api
Landroid/safetycenter/SafetyCenterEntryGroup$1;->createFromParcel(Landroid/os/Parcel;)Ljava/lang/Object;,public-api,system-api,test-api
Landroid/safetycenter/SafetyCenterEntryGroup$1;->newArray(I)[Ljava/lang/Object;,public-api,system-api,test-api
Landroid/safetycenter/SafetyCenterEntryGroup$Builder;-><init>(Landroid/safetycenter/SafetyCenterEntryGroup;)V,system-api,test-api
Landroid/safetycenter/SafetyCenterEntryGroup$Builder;-><init>(Ljava/lang/String;Ljava/lang/CharSequence;)V,system-api,test-api
Landroid/safetycenter/SafetyCenterEntryGroup$Builder;->build()Landroid/safetycenter/SafetyCenterEntryGroup;,system-api,test-api
Landroid/safetycenter/SafetyCenterEntryGroup$Builder;->setEntries(Ljava/util/List;)Landroid/safetycenter/SafetyCenterEntryGroup$Builder;,system-api,test-api
Landroid/safetycenter/SafetyCenterEntryGroup$Builder;->setId(Ljava/lang/String;)Landroid/safetycenter/SafetyCenterEntryGroup$Builder;,system-api,test-api
Landroid/safetycenter/SafetyCenterEntryGroup$Builder;->setSeverityLevel(I)Landroid/safetycenter/SafetyCenterEntryGroup$Builder;,system-api,test-api
Landroid/safetycenter/SafetyCenterEntryGroup$Builder;->setSeverityUnspecifiedIconType(I)Landroid/safetycenter/SafetyCenterEntryGroup$Builder;,system-api,test-api
Landroid/safetycenter/SafetyCenterEntryGroup$Builder;->setSummary(Ljava/lang/CharSequence;)Landroid/safetycenter/SafetyCenterEntryGroup$Builder;,system-api,test-api
Landroid/safetycenter/SafetyCenterEntryGroup$Builder;->setTitle(Ljava/lang/CharSequence;)Landroid/safetycenter/SafetyCenterEntryGroup$Builder;,system-api,test-api
Landroid/safetycenter/SafetyCenterEntryGroup;->CREATOR:Landroid/os/Parcelable$Creator;,system-api,test-api
Landroid/safetycenter/SafetyCenterEntryGroup;->describeContents()I,public-api,system-api,test-api
Landroid/safetycenter/SafetyCenterEntryGroup;->equals(Ljava/lang/Object;)Z,core-platform-api,public-api,system-api,test-api
Landroid/safetycenter/SafetyCenterEntryGroup;->getEntries()Ljava/util/List;,system-api,test-api
Landroid/safetycenter/SafetyCenterEntryGroup;->getId()Ljava/lang/String;,system-api,test-api
Landroid/safetycenter/SafetyCenterEntryGroup;->getSeverityLevel()I,system-api,test-api
Landroid/safetycenter/SafetyCenterEntryGroup;->getSeverityUnspecifiedIconType()I,system-api,test-api
Landroid/safetycenter/SafetyCenterEntryGroup;->getSummary()Ljava/lang/CharSequence;,system-api,test-api
Landroid/safetycenter/SafetyCenterEntryGroup;->getTitle()Ljava/lang/CharSequence;,system-api,test-api
Landroid/safetycenter/SafetyCenterEntryGroup;->hashCode()I,core-platform-api,public-api,system-api,test-api
Landroid/safetycenter/SafetyCenterEntryGroup;->toString()Ljava/lang/String;,core-platform-api,public-api,system-api,test-api
Landroid/safetycenter/SafetyCenterEntryGroup;->writeToParcel(Landroid/os/Parcel;I)V,public-api,system-api,test-api
Landroid/safetycenter/SafetyCenterEntryOrGroup$1;->createFromParcel(Landroid/os/Parcel;)Ljava/lang/Object;,public-api,system-api,test-api
Landroid/safetycenter/SafetyCenterEntryOrGroup$1;->newArray(I)[Ljava/lang/Object;,public-api,system-api,test-api
Landroid/safetycenter/SafetyCenterEntryOrGroup;-><init>(Landroid/safetycenter/SafetyCenterEntry;)V,system-api,test-api
Landroid/safetycenter/SafetyCenterEntryOrGroup;-><init>(Landroid/safetycenter/SafetyCenterEntryGroup;)V,system-api,test-api
Landroid/safetycenter/SafetyCenterEntryOrGroup;->CREATOR:Landroid/os/Parcelable$Creator;,system-api,test-api
Landroid/safetycenter/SafetyCenterEntryOrGroup;->describeContents()I,public-api,system-api,test-api
Landroid/safetycenter/SafetyCenterEntryOrGroup;->equals(Ljava/lang/Object;)Z,core-platform-api,public-api,system-api,test-api
Landroid/safetycenter/SafetyCenterEntryOrGroup;->getEntry()Landroid/safetycenter/SafetyCenterEntry;,system-api,test-api
Landroid/safetycenter/SafetyCenterEntryOrGroup;->getEntryGroup()Landroid/safetycenter/SafetyCenterEntryGroup;,system-api,test-api
Landroid/safetycenter/SafetyCenterEntryOrGroup;->hashCode()I,core-platform-api,public-api,system-api,test-api
Landroid/safetycenter/SafetyCenterEntryOrGroup;->toString()Ljava/lang/String;,core-platform-api,public-api,system-api,test-api
Landroid/safetycenter/SafetyCenterEntryOrGroup;->writeToParcel(Landroid/os/Parcel;I)V,public-api,system-api,test-api
Landroid/safetycenter/SafetyCenterErrorDetails$1;->createFromParcel(Landroid/os/Parcel;)Ljava/lang/Object;,public-api,system-api,test-api
Landroid/safetycenter/SafetyCenterErrorDetails$1;->newArray(I)[Ljava/lang/Object;,public-api,system-api,test-api
Landroid/safetycenter/SafetyCenterErrorDetails;-><init>(Ljava/lang/CharSequence;)V,system-api,test-api
Landroid/safetycenter/SafetyCenterErrorDetails;->CREATOR:Landroid/os/Parcelable$Creator;,system-api,test-api
Landroid/safetycenter/SafetyCenterErrorDetails;->describeContents()I,public-api,system-api,test-api
Landroid/safetycenter/SafetyCenterErrorDetails;->equals(Ljava/lang/Object;)Z,core-platform-api,public-api,system-api,test-api
Landroid/safetycenter/SafetyCenterErrorDetails;->getErrorMessage()Ljava/lang/CharSequence;,system-api,test-api
Landroid/safetycenter/SafetyCenterErrorDetails;->hashCode()I,core-platform-api,public-api,system-api,test-api
Landroid/safetycenter/SafetyCenterErrorDetails;->toString()Ljava/lang/String;,core-platform-api,public-api,system-api,test-api
Landroid/safetycenter/SafetyCenterErrorDetails;->writeToParcel(Landroid/os/Parcel;I)V,public-api,system-api,test-api
Landroid/safetycenter/SafetyCenterFrameworkInitializer$$ExternalSyntheticLambda0;->createService(Landroid/content/Context;Landroid/os/IBinder;)Ljava/lang/Object;,system-api,test-api
Landroid/safetycenter/SafetyCenterIssue$1;->createFromParcel(Landroid/os/Parcel;)Ljava/lang/Object;,public-api,system-api,test-api
Landroid/safetycenter/SafetyCenterIssue$1;->newArray(I)[Ljava/lang/Object;,public-api,system-api,test-api
Landroid/safetycenter/SafetyCenterIssue$Action$1;->createFromParcel(Landroid/os/Parcel;)Ljava/lang/Object;,public-api,system-api,test-api
Landroid/safetycenter/SafetyCenterIssue$Action$1;->newArray(I)[Ljava/lang/Object;,public-api,system-api,test-api
Landroid/safetycenter/SafetyCenterIssue$Action$Builder;-><init>(Landroid/safetycenter/SafetyCenterIssue$Action;)V,system-api,test-api
Landroid/safetycenter/SafetyCenterIssue$Action$Builder;-><init>(Ljava/lang/String;Ljava/lang/CharSequence;Landroid/app/PendingIntent;)V,system-api,test-api
Landroid/safetycenter/SafetyCenterIssue$Action$Builder;->build()Landroid/safetycenter/SafetyCenterIssue$Action;,system-api,test-api
Landroid/safetycenter/SafetyCenterIssue$Action$Builder;->setConfirmationDialogDetails(Landroid/safetycenter/SafetyCenterIssue$Action$ConfirmationDialogDetails;)Landroid/safetycenter/SafetyCenterIssue$Action$Builder;,system-api,test-api
Landroid/safetycenter/SafetyCenterIssue$Action$Builder;->setId(Ljava/lang/String;)Landroid/safetycenter/SafetyCenterIssue$Action$Builder;,system-api,test-api
Landroid/safetycenter/SafetyCenterIssue$Action$Builder;->setIsInFlight(Z)Landroid/safetycenter/SafetyCenterIssue$Action$Builder;,system-api,test-api
Landroid/safetycenter/SafetyCenterIssue$Action$Builder;->setLabel(Ljava/lang/CharSequence;)Landroid/safetycenter/SafetyCenterIssue$Action$Builder;,system-api,test-api
Landroid/safetycenter/SafetyCenterIssue$Action$Builder;->setPendingIntent(Landroid/app/PendingIntent;)Landroid/safetycenter/SafetyCenterIssue$Action$Builder;,system-api,test-api
Landroid/safetycenter/SafetyCenterIssue$Action$Builder;->setSuccessMessage(Ljava/lang/CharSequence;)Landroid/safetycenter/SafetyCenterIssue$Action$Builder;,system-api,test-api
Landroid/safetycenter/SafetyCenterIssue$Action$Builder;->setWillResolve(Z)Landroid/safetycenter/SafetyCenterIssue$Action$Builder;,system-api,test-api
Landroid/safetycenter/SafetyCenterIssue$Action$ConfirmationDialogDetails$1;->createFromParcel(Landroid/os/Parcel;)Ljava/lang/Object;,public-api,system-api,test-api
Landroid/safetycenter/SafetyCenterIssue$Action$ConfirmationDialogDetails$1;->newArray(I)[Ljava/lang/Object;,public-api,system-api,test-api
Landroid/safetycenter/SafetyCenterIssue$Action$ConfirmationDialogDetails;-><init>(Ljava/lang/CharSequence;Ljava/lang/CharSequence;Ljava/lang/CharSequence;Ljava/lang/CharSequence;)V,system-api,test-api
Landroid/safetycenter/SafetyCenterIssue$Action$ConfirmationDialogDetails;->CREATOR:Landroid/os/Parcelable$Creator;,system-api,test-api
Landroid/safetycenter/SafetyCenterIssue$Action$ConfirmationDialogDetails;->describeContents()I,public-api,system-api,test-api
Landroid/safetycenter/SafetyCenterIssue$Action$ConfirmationDialogDetails;->equals(Ljava/lang/Object;)Z,core-platform-api,public-api,system-api,test-api
Landroid/safetycenter/SafetyCenterIssue$Action$ConfirmationDialogDetails;->getAcceptButtonText()Ljava/lang/CharSequence;,system-api,test-api
Landroid/safetycenter/SafetyCenterIssue$Action$ConfirmationDialogDetails;->getDenyButtonText()Ljava/lang/CharSequence;,system-api,test-api
Landroid/safetycenter/SafetyCenterIssue$Action$ConfirmationDialogDetails;->getText()Ljava/lang/CharSequence;,system-api,test-api
Landroid/safetycenter/SafetyCenterIssue$Action$ConfirmationDialogDetails;->getTitle()Ljava/lang/CharSequence;,system-api,test-api
Landroid/safetycenter/SafetyCenterIssue$Action$ConfirmationDialogDetails;->hashCode()I,core-platform-api,public-api,system-api,test-api
Landroid/safetycenter/SafetyCenterIssue$Action$ConfirmationDialogDetails;->toString()Ljava/lang/String;,core-platform-api,public-api,system-api,test-api
Landroid/safetycenter/SafetyCenterIssue$Action$ConfirmationDialogDetails;->writeToParcel(Landroid/os/Parcel;I)V,public-api,system-api,test-api
Landroid/safetycenter/SafetyCenterIssue$Action;->CREATOR:Landroid/os/Parcelable$Creator;,system-api,test-api
Landroid/safetycenter/SafetyCenterIssue$Action;->describeContents()I,public-api,system-api,test-api
Landroid/safetycenter/SafetyCenterIssue$Action;->equals(Ljava/lang/Object;)Z,core-platform-api,public-api,system-api,test-api
Landroid/safetycenter/SafetyCenterIssue$Action;->getConfirmationDialogDetails()Landroid/safetycenter/SafetyCenterIssue$Action$ConfirmationDialogDetails;,system-api,test-api
Landroid/safetycenter/SafetyCenterIssue$Action;->getId()Ljava/lang/String;,system-api,test-api
Landroid/safetycenter/SafetyCenterIssue$Action;->getLabel()Ljava/lang/CharSequence;,system-api,test-api
Landroid/safetycenter/SafetyCenterIssue$Action;->getPendingIntent()Landroid/app/PendingIntent;,system-api,test-api
Landroid/safetycenter/SafetyCenterIssue$Action;->getSuccessMessage()Ljava/lang/CharSequence;,system-api,test-api
Landroid/safetycenter/SafetyCenterIssue$Action;->hashCode()I,core-platform-api,public-api,system-api,test-api
Landroid/safetycenter/SafetyCenterIssue$Action;->isInFlight()Z,system-api,test-api
Landroid/safetycenter/SafetyCenterIssue$Action;->toString()Ljava/lang/String;,core-platform-api,public-api,system-api,test-api
Landroid/safetycenter/SafetyCenterIssue$Action;->willResolve()Z,system-api,test-api
Landroid/safetycenter/SafetyCenterIssue$Action;->writeToParcel(Landroid/os/Parcel;I)V,public-api,system-api,test-api
Landroid/safetycenter/SafetyCenterIssue$Builder;-><init>(Landroid/safetycenter/SafetyCenterIssue;)V,system-api,test-api
Landroid/safetycenter/SafetyCenterIssue$Builder;-><init>(Ljava/lang/String;Ljava/lang/CharSequence;Ljava/lang/CharSequence;)V,system-api,test-api
Landroid/safetycenter/SafetyCenterIssue$Builder;->build()Landroid/safetycenter/SafetyCenterIssue;,system-api,test-api
Landroid/safetycenter/SafetyCenterIssue$Builder;->setActions(Ljava/util/List;)Landroid/safetycenter/SafetyCenterIssue$Builder;,system-api,test-api
Landroid/safetycenter/SafetyCenterIssue$Builder;->setAttributionTitle(Ljava/lang/CharSequence;)Landroid/safetycenter/SafetyCenterIssue$Builder;,system-api,test-api
Landroid/safetycenter/SafetyCenterIssue$Builder;->setDismissible(Z)Landroid/safetycenter/SafetyCenterIssue$Builder;,system-api,test-api
Landroid/safetycenter/SafetyCenterIssue$Builder;->setGroupId(Ljava/lang/String;)Landroid/safetycenter/SafetyCenterIssue$Builder;,system-api,test-api
Landroid/safetycenter/SafetyCenterIssue$Builder;->setId(Ljava/lang/String;)Landroid/safetycenter/SafetyCenterIssue$Builder;,system-api,test-api
Landroid/safetycenter/SafetyCenterIssue$Builder;->setSeverityLevel(I)Landroid/safetycenter/SafetyCenterIssue$Builder;,system-api,test-api
Landroid/safetycenter/SafetyCenterIssue$Builder;->setShouldConfirmDismissal(Z)Landroid/safetycenter/SafetyCenterIssue$Builder;,system-api,test-api
Landroid/safetycenter/SafetyCenterIssue$Builder;->setSubtitle(Ljava/lang/CharSequence;)Landroid/safetycenter/SafetyCenterIssue$Builder;,system-api,test-api
Landroid/safetycenter/SafetyCenterIssue$Builder;->setSummary(Ljava/lang/CharSequence;)Landroid/safetycenter/SafetyCenterIssue$Builder;,system-api,test-api
Landroid/safetycenter/SafetyCenterIssue$Builder;->setTitle(Ljava/lang/CharSequence;)Landroid/safetycenter/SafetyCenterIssue$Builder;,system-api,test-api
Landroid/safetycenter/SafetyCenterIssue;->CREATOR:Landroid/os/Parcelable$Creator;,system-api,test-api
Landroid/safetycenter/SafetyCenterIssue;->ISSUE_SEVERITY_LEVEL_CRITICAL_WARNING:I,system-api,test-api
Landroid/safetycenter/SafetyCenterIssue;->ISSUE_SEVERITY_LEVEL_OK:I,system-api,test-api
Landroid/safetycenter/SafetyCenterIssue;->ISSUE_SEVERITY_LEVEL_RECOMMENDATION:I,system-api,test-api
Landroid/safetycenter/SafetyCenterIssue;->describeContents()I,public-api,system-api,test-api
Landroid/safetycenter/SafetyCenterIssue;->equals(Ljava/lang/Object;)Z,core-platform-api,public-api,system-api,test-api
Landroid/safetycenter/SafetyCenterIssue;->getActions()Ljava/util/List;,system-api,test-api
Landroid/safetycenter/SafetyCenterIssue;->getAttributionTitle()Ljava/lang/CharSequence;,system-api,test-api
Landroid/safetycenter/SafetyCenterIssue;->getGroupId()Ljava/lang/String;,system-api,test-api
Landroid/safetycenter/SafetyCenterIssue;->getId()Ljava/lang/String;,system-api,test-api
Landroid/safetycenter/SafetyCenterIssue;->getSeverityLevel()I,system-api,test-api
Landroid/safetycenter/SafetyCenterIssue;->getSubtitle()Ljava/lang/CharSequence;,system-api,test-api
Landroid/safetycenter/SafetyCenterIssue;->getSummary()Ljava/lang/CharSequence;,system-api,test-api
Landroid/safetycenter/SafetyCenterIssue;->getTitle()Ljava/lang/CharSequence;,system-api,test-api
Landroid/safetycenter/SafetyCenterIssue;->hashCode()I,core-platform-api,public-api,system-api,test-api
Landroid/safetycenter/SafetyCenterIssue;->isDismissible()Z,system-api,test-api
Landroid/safetycenter/SafetyCenterIssue;->shouldConfirmDismissal()Z,system-api,test-api
Landroid/safetycenter/SafetyCenterIssue;->toString()Ljava/lang/String;,core-platform-api,public-api,system-api,test-api
Landroid/safetycenter/SafetyCenterIssue;->writeToParcel(Landroid/os/Parcel;I)V,public-api,system-api,test-api
Landroid/safetycenter/SafetyCenterManager$ListenerDelegate$$ExternalSyntheticLambda0;->run()V,core-platform-api,public-api,system-api,test-api
Landroid/safetycenter/SafetyCenterManager$ListenerDelegate$$ExternalSyntheticLambda1;->run()V,core-platform-api,public-api,system-api,test-api
Landroid/safetycenter/SafetyCenterManager$OnSafetyCenterDataChangedListener;->onError(Landroid/safetycenter/SafetyCenterErrorDetails;)V,system-api,test-api
Landroid/safetycenter/SafetyCenterManager$OnSafetyCenterDataChangedListener;->onSafetyCenterDataChanged(Landroid/safetycenter/SafetyCenterData;)V,system-api,test-api
Landroid/safetycenter/SafetyCenterManager;->ACTION_REFRESH_SAFETY_SOURCES:Ljava/lang/String;,system-api,test-api
Landroid/safetycenter/SafetyCenterManager;->ACTION_SAFETY_CENTER_ENABLED_CHANGED:Ljava/lang/String;,system-api,test-api
Landroid/safetycenter/SafetyCenterManager;->EXTRA_REFRESH_REQUEST_TYPE_FETCH_FRESH_DATA:I,system-api,test-api
Landroid/safetycenter/SafetyCenterManager;->EXTRA_REFRESH_REQUEST_TYPE_GET_DATA:I,system-api,test-api
Landroid/safetycenter/SafetyCenterManager;->EXTRA_REFRESH_SAFETY_SOURCES_BROADCAST_ID:Ljava/lang/String;,system-api,test-api
Landroid/safetycenter/SafetyCenterManager;->EXTRA_REFRESH_SAFETY_SOURCES_REQUEST_TYPE:Ljava/lang/String;,system-api,test-api
Landroid/safetycenter/SafetyCenterManager;->EXTRA_REFRESH_SAFETY_SOURCE_IDS:Ljava/lang/String;,system-api,test-api
Landroid/safetycenter/SafetyCenterManager;->EXTRA_SAFETY_SOURCES_GROUP_ID:Ljava/lang/String;,system-api,test-api
Landroid/safetycenter/SafetyCenterManager;->EXTRA_SAFETY_SOURCE_ID:Ljava/lang/String;,system-api,test-api
Landroid/safetycenter/SafetyCenterManager;->EXTRA_SAFETY_SOURCE_ISSUE_ID:Ljava/lang/String;,system-api,test-api
Landroid/safetycenter/SafetyCenterManager;->EXTRA_SAFETY_SOURCE_USER_HANDLE:Ljava/lang/String;,system-api,test-api
Landroid/safetycenter/SafetyCenterManager;->REFRESH_REASON_DEVICE_LOCALE_CHANGE:I,system-api,test-api
Landroid/safetycenter/SafetyCenterManager;->REFRESH_REASON_DEVICE_REBOOT:I,system-api,test-api
Landroid/safetycenter/SafetyCenterManager;->REFRESH_REASON_OTHER:I,system-api,test-api
Landroid/safetycenter/SafetyCenterManager;->REFRESH_REASON_PAGE_OPEN:I,system-api,test-api
Landroid/safetycenter/SafetyCenterManager;->REFRESH_REASON_PERIODIC:I,system-api,test-api
Landroid/safetycenter/SafetyCenterManager;->REFRESH_REASON_RESCAN_BUTTON_CLICK:I,system-api,test-api
Landroid/safetycenter/SafetyCenterManager;->REFRESH_REASON_SAFETY_CENTER_ENABLED:I,system-api,test-api
Landroid/safetycenter/SafetyCenterManager;->addOnSafetyCenterDataChangedListener(Ljava/util/concurrent/Executor;Landroid/safetycenter/SafetyCenterManager$OnSafetyCenterDataChangedListener;)V,system-api,test-api
Landroid/safetycenter/SafetyCenterManager;->clearAllSafetySourceDataForTests()V,system-api,test-api
Landroid/safetycenter/SafetyCenterManager;->clearSafetyCenterConfigForTests()V,system-api,test-api
Landroid/safetycenter/SafetyCenterManager;->dismissSafetyCenterIssue(Ljava/lang/String;)V,system-api,test-api
Landroid/safetycenter/SafetyCenterManager;->executeSafetyCenterIssueAction(Ljava/lang/String;Ljava/lang/String;)V,system-api,test-api
Landroid/safetycenter/SafetyCenterManager;->getSafetyCenterConfig()Landroid/safetycenter/config/SafetyCenterConfig;,system-api,test-api
Landroid/safetycenter/SafetyCenterManager;->getSafetyCenterData()Landroid/safetycenter/SafetyCenterData;,system-api,test-api
Landroid/safetycenter/SafetyCenterManager;->getSafetySourceData(Ljava/lang/String;)Landroid/safetycenter/SafetySourceData;,system-api,test-api
Landroid/safetycenter/SafetyCenterManager;->isSafetyCenterEnabled()Z,system-api,test-api
Landroid/safetycenter/SafetyCenterManager;->refreshSafetySources(I)V,system-api,test-api
Landroid/safetycenter/SafetyCenterManager;->refreshSafetySources(ILjava/util/List;)V,system-api,test-api
Landroid/safetycenter/SafetyCenterManager;->removeOnSafetyCenterDataChangedListener(Landroid/safetycenter/SafetyCenterManager$OnSafetyCenterDataChangedListener;)V,system-api,test-api
Landroid/safetycenter/SafetyCenterManager;->reportSafetySourceError(Ljava/lang/String;Landroid/safetycenter/SafetySourceErrorDetails;)V,system-api,test-api
Landroid/safetycenter/SafetyCenterManager;->setSafetyCenterConfigForTests(Landroid/safetycenter/config/SafetyCenterConfig;)V,system-api,test-api
Landroid/safetycenter/SafetyCenterManager;->setSafetySourceData(Ljava/lang/String;Landroid/safetycenter/SafetySourceData;Landroid/safetycenter/SafetyEvent;)V,system-api,test-api
Landroid/safetycenter/SafetyCenterStaticEntry$1;->createFromParcel(Landroid/os/Parcel;)Ljava/lang/Object;,public-api,system-api,test-api
Landroid/safetycenter/SafetyCenterStaticEntry$1;->newArray(I)[Ljava/lang/Object;,public-api,system-api,test-api
Landroid/safetycenter/SafetyCenterStaticEntry$Builder;-><init>(Landroid/safetycenter/SafetyCenterStaticEntry;)V,system-api,test-api
Landroid/safetycenter/SafetyCenterStaticEntry$Builder;-><init>(Ljava/lang/CharSequence;)V,system-api,test-api
Landroid/safetycenter/SafetyCenterStaticEntry$Builder;->build()Landroid/safetycenter/SafetyCenterStaticEntry;,system-api,test-api
Landroid/safetycenter/SafetyCenterStaticEntry$Builder;->setPendingIntent(Landroid/app/PendingIntent;)Landroid/safetycenter/SafetyCenterStaticEntry$Builder;,system-api,test-api
Landroid/safetycenter/SafetyCenterStaticEntry$Builder;->setSummary(Ljava/lang/CharSequence;)Landroid/safetycenter/SafetyCenterStaticEntry$Builder;,system-api,test-api
Landroid/safetycenter/SafetyCenterStaticEntry$Builder;->setTitle(Ljava/lang/CharSequence;)Landroid/safetycenter/SafetyCenterStaticEntry$Builder;,system-api,test-api
Landroid/safetycenter/SafetyCenterStaticEntry;->CREATOR:Landroid/os/Parcelable$Creator;,system-api,test-api
Landroid/safetycenter/SafetyCenterStaticEntry;->describeContents()I,public-api,system-api,test-api
Landroid/safetycenter/SafetyCenterStaticEntry;->equals(Ljava/lang/Object;)Z,core-platform-api,public-api,system-api,test-api
Landroid/safetycenter/SafetyCenterStaticEntry;->getPendingIntent()Landroid/app/PendingIntent;,system-api,test-api
Landroid/safetycenter/SafetyCenterStaticEntry;->getSummary()Ljava/lang/CharSequence;,system-api,test-api
Landroid/safetycenter/SafetyCenterStaticEntry;->getTitle()Ljava/lang/CharSequence;,system-api,test-api
Landroid/safetycenter/SafetyCenterStaticEntry;->hashCode()I,core-platform-api,public-api,system-api,test-api
Landroid/safetycenter/SafetyCenterStaticEntry;->toString()Ljava/lang/String;,core-platform-api,public-api,system-api,test-api
Landroid/safetycenter/SafetyCenterStaticEntry;->writeToParcel(Landroid/os/Parcel;I)V,public-api,system-api,test-api
Landroid/safetycenter/SafetyCenterStaticEntryGroup$1;->createFromParcel(Landroid/os/Parcel;)Ljava/lang/Object;,public-api,system-api,test-api
Landroid/safetycenter/SafetyCenterStaticEntryGroup$1;->newArray(I)[Ljava/lang/Object;,public-api,system-api,test-api
Landroid/safetycenter/SafetyCenterStaticEntryGroup;-><init>(Ljava/lang/CharSequence;Ljava/util/List;)V,system-api,test-api
Landroid/safetycenter/SafetyCenterStaticEntryGroup;->CREATOR:Landroid/os/Parcelable$Creator;,system-api,test-api
Landroid/safetycenter/SafetyCenterStaticEntryGroup;->describeContents()I,public-api,system-api,test-api
Landroid/safetycenter/SafetyCenterStaticEntryGroup;->equals(Ljava/lang/Object;)Z,core-platform-api,public-api,system-api,test-api
Landroid/safetycenter/SafetyCenterStaticEntryGroup;->getStaticEntries()Ljava/util/List;,system-api,test-api
Landroid/safetycenter/SafetyCenterStaticEntryGroup;->getTitle()Ljava/lang/CharSequence;,system-api,test-api
Landroid/safetycenter/SafetyCenterStaticEntryGroup;->hashCode()I,core-platform-api,public-api,system-api,test-api
Landroid/safetycenter/SafetyCenterStaticEntryGroup;->toString()Ljava/lang/String;,core-platform-api,public-api,system-api,test-api
Landroid/safetycenter/SafetyCenterStaticEntryGroup;->writeToParcel(Landroid/os/Parcel;I)V,public-api,system-api,test-api
Landroid/safetycenter/SafetyCenterStatus$1;->createFromParcel(Landroid/os/Parcel;)Ljava/lang/Object;,public-api,system-api,test-api
Landroid/safetycenter/SafetyCenterStatus$1;->newArray(I)[Ljava/lang/Object;,public-api,system-api,test-api
Landroid/safetycenter/SafetyCenterStatus$Builder;-><init>(Landroid/safetycenter/SafetyCenterStatus;)V,system-api,test-api
Landroid/safetycenter/SafetyCenterStatus$Builder;-><init>(Ljava/lang/CharSequence;Ljava/lang/CharSequence;)V,system-api,test-api
Landroid/safetycenter/SafetyCenterStatus$Builder;->build()Landroid/safetycenter/SafetyCenterStatus;,system-api,test-api
Landroid/safetycenter/SafetyCenterStatus$Builder;->setRefreshStatus(I)Landroid/safetycenter/SafetyCenterStatus$Builder;,system-api,test-api
Landroid/safetycenter/SafetyCenterStatus$Builder;->setSeverityLevel(I)Landroid/safetycenter/SafetyCenterStatus$Builder;,system-api,test-api
Landroid/safetycenter/SafetyCenterStatus$Builder;->setSummary(Ljava/lang/CharSequence;)Landroid/safetycenter/SafetyCenterStatus$Builder;,system-api,test-api
Landroid/safetycenter/SafetyCenterStatus$Builder;->setTitle(Ljava/lang/CharSequence;)Landroid/safetycenter/SafetyCenterStatus$Builder;,system-api,test-api
Landroid/safetycenter/SafetyCenterStatus;->CREATOR:Landroid/os/Parcelable$Creator;,system-api,test-api
Landroid/safetycenter/SafetyCenterStatus;->OVERALL_SEVERITY_LEVEL_CRITICAL_WARNING:I,system-api,test-api
Landroid/safetycenter/SafetyCenterStatus;->OVERALL_SEVERITY_LEVEL_OK:I,system-api,test-api
Landroid/safetycenter/SafetyCenterStatus;->OVERALL_SEVERITY_LEVEL_RECOMMENDATION:I,system-api,test-api
Landroid/safetycenter/SafetyCenterStatus;->OVERALL_SEVERITY_LEVEL_UNKNOWN:I,system-api,test-api
Landroid/safetycenter/SafetyCenterStatus;->REFRESH_STATUS_DATA_FETCH_IN_PROGRESS:I,system-api,test-api
Landroid/safetycenter/SafetyCenterStatus;->REFRESH_STATUS_FULL_RESCAN_IN_PROGRESS:I,system-api,test-api
Landroid/safetycenter/SafetyCenterStatus;->REFRESH_STATUS_NONE:I,system-api,test-api
Landroid/safetycenter/SafetyCenterStatus;->describeContents()I,public-api,system-api,test-api
Landroid/safetycenter/SafetyCenterStatus;->equals(Ljava/lang/Object;)Z,core-platform-api,public-api,system-api,test-api
Landroid/safetycenter/SafetyCenterStatus;->getRefreshStatus()I,system-api,test-api
Landroid/safetycenter/SafetyCenterStatus;->getSeverityLevel()I,system-api,test-api
Landroid/safetycenter/SafetyCenterStatus;->getSummary()Ljava/lang/CharSequence;,system-api,test-api
Landroid/safetycenter/SafetyCenterStatus;->getTitle()Ljava/lang/CharSequence;,system-api,test-api
Landroid/safetycenter/SafetyCenterStatus;->hashCode()I,core-platform-api,public-api,system-api,test-api
Landroid/safetycenter/SafetyCenterStatus;->toString()Ljava/lang/String;,core-platform-api,public-api,system-api,test-api
Landroid/safetycenter/SafetyCenterStatus;->writeToParcel(Landroid/os/Parcel;I)V,public-api,system-api,test-api
Landroid/safetycenter/SafetyEvent$1;->createFromParcel(Landroid/os/Parcel;)Ljava/lang/Object;,public-api,system-api,test-api
Landroid/safetycenter/SafetyEvent$1;->newArray(I)[Ljava/lang/Object;,public-api,system-api,test-api
Landroid/safetycenter/SafetyEvent$Builder;-><init>(I)V,system-api,test-api
Landroid/safetycenter/SafetyEvent$Builder;-><init>(Landroid/safetycenter/SafetyEvent;)V,system-api,test-api
Landroid/safetycenter/SafetyEvent$Builder;->build()Landroid/safetycenter/SafetyEvent;,system-api,test-api
Landroid/safetycenter/SafetyEvent$Builder;->setRefreshBroadcastId(Ljava/lang/String;)Landroid/safetycenter/SafetyEvent$Builder;,system-api,test-api
Landroid/safetycenter/SafetyEvent$Builder;->setSafetySourceIssueActionId(Ljava/lang/String;)Landroid/safetycenter/SafetyEvent$Builder;,system-api,test-api
Landroid/safetycenter/SafetyEvent$Builder;->setSafetySourceIssueId(Ljava/lang/String;)Landroid/safetycenter/SafetyEvent$Builder;,system-api,test-api
Landroid/safetycenter/SafetyEvent;->CREATOR:Landroid/os/Parcelable$Creator;,system-api,test-api
Landroid/safetycenter/SafetyEvent;->SAFETY_EVENT_TYPE_DEVICE_LOCALE_CHANGED:I,system-api,test-api
Landroid/safetycenter/SafetyEvent;->SAFETY_EVENT_TYPE_DEVICE_REBOOTED:I,system-api,test-api
Landroid/safetycenter/SafetyEvent;->SAFETY_EVENT_TYPE_REFRESH_REQUESTED:I,system-api,test-api
Landroid/safetycenter/SafetyEvent;->SAFETY_EVENT_TYPE_RESOLVING_ACTION_FAILED:I,system-api,test-api
Landroid/safetycenter/SafetyEvent;->SAFETY_EVENT_TYPE_RESOLVING_ACTION_SUCCEEDED:I,system-api,test-api
Landroid/safetycenter/SafetyEvent;->SAFETY_EVENT_TYPE_SOURCE_STATE_CHANGED:I,system-api,test-api
Landroid/safetycenter/SafetyEvent;->describeContents()I,public-api,system-api,test-api
Landroid/safetycenter/SafetyEvent;->equals(Ljava/lang/Object;)Z,core-platform-api,public-api,system-api,test-api
Landroid/safetycenter/SafetyEvent;->getRefreshBroadcastId()Ljava/lang/String;,system-api,test-api
Landroid/safetycenter/SafetyEvent;->getSafetySourceIssueActionId()Ljava/lang/String;,system-api,test-api
Landroid/safetycenter/SafetyEvent;->getSafetySourceIssueId()Ljava/lang/String;,system-api,test-api
Landroid/safetycenter/SafetyEvent;->getType()I,system-api,test-api
Landroid/safetycenter/SafetyEvent;->hashCode()I,core-platform-api,public-api,system-api,test-api
Landroid/safetycenter/SafetyEvent;->toString()Ljava/lang/String;,core-platform-api,public-api,system-api,test-api
Landroid/safetycenter/SafetyEvent;->writeToParcel(Landroid/os/Parcel;I)V,public-api,system-api,test-api
Landroid/safetycenter/SafetySourceData$1;->createFromParcel(Landroid/os/Parcel;)Ljava/lang/Object;,public-api,system-api,test-api
Landroid/safetycenter/SafetySourceData$1;->newArray(I)[Ljava/lang/Object;,public-api,system-api,test-api
Landroid/safetycenter/SafetySourceData$Builder;-><init>()V,system-api,test-api
Landroid/safetycenter/SafetySourceData$Builder;-><init>(Landroid/safetycenter/SafetySourceData;)V,system-api,test-api
Landroid/safetycenter/SafetySourceData$Builder;->addIssue(Landroid/safetycenter/SafetySourceIssue;)Landroid/safetycenter/SafetySourceData$Builder;,system-api,test-api
Landroid/safetycenter/SafetySourceData$Builder;->build()Landroid/safetycenter/SafetySourceData;,system-api,test-api
Landroid/safetycenter/SafetySourceData$Builder;->clearExtras()Landroid/safetycenter/SafetySourceData$Builder;,system-api,test-api
Landroid/safetycenter/SafetySourceData$Builder;->clearIssues()Landroid/safetycenter/SafetySourceData$Builder;,system-api,test-api
Landroid/safetycenter/SafetySourceData$Builder;->setExtras(Landroid/os/Bundle;)Landroid/safetycenter/SafetySourceData$Builder;,system-api,test-api
Landroid/safetycenter/SafetySourceData$Builder;->setStatus(Landroid/safetycenter/SafetySourceStatus;)Landroid/safetycenter/SafetySourceData$Builder;,system-api,test-api
Landroid/safetycenter/SafetySourceData;->CREATOR:Landroid/os/Parcelable$Creator;,system-api,test-api
Landroid/safetycenter/SafetySourceData;->SEVERITY_LEVEL_CRITICAL_WARNING:I,system-api,test-api
Landroid/safetycenter/SafetySourceData;->SEVERITY_LEVEL_INFORMATION:I,system-api,test-api
Landroid/safetycenter/SafetySourceData;->SEVERITY_LEVEL_RECOMMENDATION:I,system-api,test-api
Landroid/safetycenter/SafetySourceData;->SEVERITY_LEVEL_UNSPECIFIED:I,system-api,test-api
Landroid/safetycenter/SafetySourceData;->describeContents()I,public-api,system-api,test-api
Landroid/safetycenter/SafetySourceData;->equals(Ljava/lang/Object;)Z,core-platform-api,public-api,system-api,test-api
Landroid/safetycenter/SafetySourceData;->getExtras()Landroid/os/Bundle;,system-api,test-api
Landroid/safetycenter/SafetySourceData;->getIssues()Ljava/util/List;,system-api,test-api
Landroid/safetycenter/SafetySourceData;->getStatus()Landroid/safetycenter/SafetySourceStatus;,system-api,test-api
Landroid/safetycenter/SafetySourceData;->hashCode()I,core-platform-api,public-api,system-api,test-api
Landroid/safetycenter/SafetySourceData;->toString()Ljava/lang/String;,core-platform-api,public-api,system-api,test-api
Landroid/safetycenter/SafetySourceData;->writeToParcel(Landroid/os/Parcel;I)V,public-api,system-api,test-api
Landroid/safetycenter/SafetySourceErrorDetails$1;->createFromParcel(Landroid/os/Parcel;)Ljava/lang/Object;,public-api,system-api,test-api
Landroid/safetycenter/SafetySourceErrorDetails$1;->newArray(I)[Ljava/lang/Object;,public-api,system-api,test-api
Landroid/safetycenter/SafetySourceErrorDetails;-><init>(Landroid/safetycenter/SafetyEvent;)V,system-api,test-api
Landroid/safetycenter/SafetySourceErrorDetails;->CREATOR:Landroid/os/Parcelable$Creator;,system-api,test-api
Landroid/safetycenter/SafetySourceErrorDetails;->describeContents()I,public-api,system-api,test-api
Landroid/safetycenter/SafetySourceErrorDetails;->equals(Ljava/lang/Object;)Z,core-platform-api,public-api,system-api,test-api
Landroid/safetycenter/SafetySourceErrorDetails;->getSafetyEvent()Landroid/safetycenter/SafetyEvent;,system-api,test-api
Landroid/safetycenter/SafetySourceErrorDetails;->hashCode()I,core-platform-api,public-api,system-api,test-api
Landroid/safetycenter/SafetySourceErrorDetails;->toString()Ljava/lang/String;,core-platform-api,public-api,system-api,test-api
Landroid/safetycenter/SafetySourceErrorDetails;->writeToParcel(Landroid/os/Parcel;I)V,public-api,system-api,test-api
Landroid/safetycenter/SafetySourceIssue$1;->createFromParcel(Landroid/os/Parcel;)Ljava/lang/Object;,public-api,system-api,test-api
Landroid/safetycenter/SafetySourceIssue$1;->newArray(I)[Ljava/lang/Object;,public-api,system-api,test-api
Landroid/safetycenter/SafetySourceIssue$Action$1;->createFromParcel(Landroid/os/Parcel;)Ljava/lang/Object;,public-api,system-api,test-api
Landroid/safetycenter/SafetySourceIssue$Action$1;->newArray(I)[Ljava/lang/Object;,public-api,system-api,test-api
Landroid/safetycenter/SafetySourceIssue$Action$Builder;-><init>(Landroid/safetycenter/SafetySourceIssue$Action;)V,system-api,test-api
Landroid/safetycenter/SafetySourceIssue$Action$Builder;-><init>(Ljava/lang/String;Ljava/lang/CharSequence;Landroid/app/PendingIntent;)V,system-api,test-api
Landroid/safetycenter/SafetySourceIssue$Action$Builder;->build()Landroid/safetycenter/SafetySourceIssue$Action;,system-api,test-api
Landroid/safetycenter/SafetySourceIssue$Action$Builder;->setConfirmationDialogDetails(Landroid/safetycenter/SafetySourceIssue$Action$ConfirmationDialogDetails;)Landroid/safetycenter/SafetySourceIssue$Action$Builder;,system-api,test-api
Landroid/safetycenter/SafetySourceIssue$Action$Builder;->setSuccessMessage(Ljava/lang/CharSequence;)Landroid/safetycenter/SafetySourceIssue$Action$Builder;,system-api,test-api
Landroid/safetycenter/SafetySourceIssue$Action$Builder;->setWillResolve(Z)Landroid/safetycenter/SafetySourceIssue$Action$Builder;,system-api,test-api
Landroid/safetycenter/SafetySourceIssue$Action$ConfirmationDialogDetails$1;->createFromParcel(Landroid/os/Parcel;)Ljava/lang/Object;,public-api,system-api,test-api
Landroid/safetycenter/SafetySourceIssue$Action$ConfirmationDialogDetails$1;->newArray(I)[Ljava/lang/Object;,public-api,system-api,test-api
Landroid/safetycenter/SafetySourceIssue$Action$ConfirmationDialogDetails;-><init>(Ljava/lang/CharSequence;Ljava/lang/CharSequence;Ljava/lang/CharSequence;Ljava/lang/CharSequence;)V,system-api,test-api
Landroid/safetycenter/SafetySourceIssue$Action$ConfirmationDialogDetails;->CREATOR:Landroid/os/Parcelable$Creator;,system-api,test-api
Landroid/safetycenter/SafetySourceIssue$Action$ConfirmationDialogDetails;->describeContents()I,public-api,system-api,test-api
Landroid/safetycenter/SafetySourceIssue$Action$ConfirmationDialogDetails;->equals(Ljava/lang/Object;)Z,core-platform-api,public-api,system-api,test-api
Landroid/safetycenter/SafetySourceIssue$Action$ConfirmationDialogDetails;->getAcceptButtonText()Ljava/lang/CharSequence;,system-api,test-api
Landroid/safetycenter/SafetySourceIssue$Action$ConfirmationDialogDetails;->getDenyButtonText()Ljava/lang/CharSequence;,system-api,test-api
Landroid/safetycenter/SafetySourceIssue$Action$ConfirmationDialogDetails;->getText()Ljava/lang/CharSequence;,system-api,test-api
Landroid/safetycenter/SafetySourceIssue$Action$ConfirmationDialogDetails;->getTitle()Ljava/lang/CharSequence;,system-api,test-api
Landroid/safetycenter/SafetySourceIssue$Action$ConfirmationDialogDetails;->hashCode()I,core-platform-api,public-api,system-api,test-api
Landroid/safetycenter/SafetySourceIssue$Action$ConfirmationDialogDetails;->toString()Ljava/lang/String;,core-platform-api,public-api,system-api,test-api
Landroid/safetycenter/SafetySourceIssue$Action$ConfirmationDialogDetails;->writeToParcel(Landroid/os/Parcel;I)V,public-api,system-api,test-api
Landroid/safetycenter/SafetySourceIssue$Action;->CREATOR:Landroid/os/Parcelable$Creator;,system-api,test-api
Landroid/safetycenter/SafetySourceIssue$Action;->describeContents()I,public-api,system-api,test-api
Landroid/safetycenter/SafetySourceIssue$Action;->equals(Ljava/lang/Object;)Z,core-platform-api,public-api,system-api,test-api
Landroid/safetycenter/SafetySourceIssue$Action;->getConfirmationDialogDetails()Landroid/safetycenter/SafetySourceIssue$Action$ConfirmationDialogDetails;,system-api,test-api
Landroid/safetycenter/SafetySourceIssue$Action;->getId()Ljava/lang/String;,system-api,test-api
Landroid/safetycenter/SafetySourceIssue$Action;->getLabel()Ljava/lang/CharSequence;,system-api,test-api
Landroid/safetycenter/SafetySourceIssue$Action;->getPendingIntent()Landroid/app/PendingIntent;,system-api,test-api
Landroid/safetycenter/SafetySourceIssue$Action;->getSuccessMessage()Ljava/lang/CharSequence;,system-api,test-api
Landroid/safetycenter/SafetySourceIssue$Action;->hashCode()I,core-platform-api,public-api,system-api,test-api
Landroid/safetycenter/SafetySourceIssue$Action;->toString()Ljava/lang/String;,core-platform-api,public-api,system-api,test-api
Landroid/safetycenter/SafetySourceIssue$Action;->willResolve()Z,system-api,test-api
Landroid/safetycenter/SafetySourceIssue$Action;->writeToParcel(Landroid/os/Parcel;I)V,public-api,system-api,test-api
Landroid/safetycenter/SafetySourceIssue$Builder;-><init>(Landroid/safetycenter/SafetySourceIssue;)V,system-api,test-api
Landroid/safetycenter/SafetySourceIssue$Builder;-><init>(Ljava/lang/String;Ljava/lang/CharSequence;Ljava/lang/CharSequence;ILjava/lang/String;)V,system-api,test-api
Landroid/safetycenter/SafetySourceIssue$Builder;->addAction(Landroid/safetycenter/SafetySourceIssue$Action;)Landroid/safetycenter/SafetySourceIssue$Builder;,system-api,test-api
Landroid/safetycenter/SafetySourceIssue$Builder;->build()Landroid/safetycenter/SafetySourceIssue;,system-api,test-api
Landroid/safetycenter/SafetySourceIssue$Builder;->clearActions()Landroid/safetycenter/SafetySourceIssue$Builder;,system-api,test-api
Landroid/safetycenter/SafetySourceIssue$Builder;->setAttributionTitle(Ljava/lang/CharSequence;)Landroid/safetycenter/SafetySourceIssue$Builder;,system-api,test-api
Landroid/safetycenter/SafetySourceIssue$Builder;->setCustomNotification(Landroid/safetycenter/SafetySourceIssue$Notification;)Landroid/safetycenter/SafetySourceIssue$Builder;,system-api,test-api
Landroid/safetycenter/SafetySourceIssue$Builder;->setDeduplicationId(Ljava/lang/String;)Landroid/safetycenter/SafetySourceIssue$Builder;,system-api,test-api
Landroid/safetycenter/SafetySourceIssue$Builder;->setIssueActionability(I)Landroid/safetycenter/SafetySourceIssue$Builder;,system-api,test-api
Landroid/safetycenter/SafetySourceIssue$Builder;->setIssueCategory(I)Landroid/safetycenter/SafetySourceIssue$Builder;,system-api,test-api
Landroid/safetycenter/SafetySourceIssue$Builder;->setNotificationBehavior(I)Landroid/safetycenter/SafetySourceIssue$Builder;,system-api,test-api
Landroid/safetycenter/SafetySourceIssue$Builder;->setOnDismissPendingIntent(Landroid/app/PendingIntent;)Landroid/safetycenter/SafetySourceIssue$Builder;,system-api,test-api
Landroid/safetycenter/SafetySourceIssue$Builder;->setSubtitle(Ljava/lang/CharSequence;)Landroid/safetycenter/SafetySourceIssue$Builder;,system-api,test-api
Landroid/safetycenter/SafetySourceIssue$Notification$1;->createFromParcel(Landroid/os/Parcel;)Ljava/lang/Object;,public-api,system-api,test-api
Landroid/safetycenter/SafetySourceIssue$Notification$1;->newArray(I)[Ljava/lang/Object;,public-api,system-api,test-api
Landroid/safetycenter/SafetySourceIssue$Notification$Builder;-><init>(Landroid/safetycenter/SafetySourceIssue$Notification;)V,system-api,test-api
Landroid/safetycenter/SafetySourceIssue$Notification$Builder;-><init>(Ljava/lang/CharSequence;Ljava/lang/CharSequence;)V,system-api,test-api
Landroid/safetycenter/SafetySourceIssue$Notification$Builder;->addAction(Landroid/safetycenter/SafetySourceIssue$Action;)Landroid/safetycenter/SafetySourceIssue$Notification$Builder;,system-api,test-api
Landroid/safetycenter/SafetySourceIssue$Notification$Builder;->addActions(Ljava/util/List;)Landroid/safetycenter/SafetySourceIssue$Notification$Builder;,system-api,test-api
Landroid/safetycenter/SafetySourceIssue$Notification$Builder;->build()Landroid/safetycenter/SafetySourceIssue$Notification;,system-api,test-api
Landroid/safetycenter/SafetySourceIssue$Notification$Builder;->clearActions()Landroid/safetycenter/SafetySourceIssue$Notification$Builder;,system-api,test-api
Landroid/safetycenter/SafetySourceIssue$Notification;->CREATOR:Landroid/os/Parcelable$Creator;,system-api,test-api
Landroid/safetycenter/SafetySourceIssue$Notification;->describeContents()I,public-api,system-api,test-api
Landroid/safetycenter/SafetySourceIssue$Notification;->equals(Ljava/lang/Object;)Z,core-platform-api,public-api,system-api,test-api
Landroid/safetycenter/SafetySourceIssue$Notification;->getActions()Ljava/util/List;,system-api,test-api
Landroid/safetycenter/SafetySourceIssue$Notification;->getText()Ljava/lang/CharSequence;,system-api,test-api
Landroid/safetycenter/SafetySourceIssue$Notification;->getTitle()Ljava/lang/CharSequence;,system-api,test-api
Landroid/safetycenter/SafetySourceIssue$Notification;->hashCode()I,core-platform-api,public-api,system-api,test-api
Landroid/safetycenter/SafetySourceIssue$Notification;->toString()Ljava/lang/String;,core-platform-api,public-api,system-api,test-api
Landroid/safetycenter/SafetySourceIssue$Notification;->writeToParcel(Landroid/os/Parcel;I)V,public-api,system-api,test-api
Landroid/safetycenter/SafetySourceIssue;->CREATOR:Landroid/os/Parcelable$Creator;,system-api,test-api
Landroid/safetycenter/SafetySourceIssue;->ISSUE_ACTIONABILITY_AUTOMATIC:I,system-api,test-api
Landroid/safetycenter/SafetySourceIssue;->ISSUE_ACTIONABILITY_MANUAL:I,system-api,test-api
Landroid/safetycenter/SafetySourceIssue;->ISSUE_ACTIONABILITY_TIP:I,system-api,test-api
Landroid/safetycenter/SafetySourceIssue;->ISSUE_CATEGORY_ACCOUNT:I,system-api,test-api
Landroid/safetycenter/SafetySourceIssue;->ISSUE_CATEGORY_DATA:I,system-api,test-api
Landroid/safetycenter/SafetySourceIssue;->ISSUE_CATEGORY_DEVICE:I,system-api,test-api
Landroid/safetycenter/SafetySourceIssue;->ISSUE_CATEGORY_GENERAL:I,system-api,test-api
Landroid/safetycenter/SafetySourceIssue;->ISSUE_CATEGORY_PASSWORDS:I,system-api,test-api
Landroid/safetycenter/SafetySourceIssue;->ISSUE_CATEGORY_PERSONAL_SAFETY:I,system-api,test-api
Landroid/safetycenter/SafetySourceIssue;->NOTIFICATION_BEHAVIOR_DELAYED:I,system-api,test-api
Landroid/safetycenter/SafetySourceIssue;->NOTIFICATION_BEHAVIOR_IMMEDIATELY:I,system-api,test-api
Landroid/safetycenter/SafetySourceIssue;->NOTIFICATION_BEHAVIOR_NEVER:I,system-api,test-api
Landroid/safetycenter/SafetySourceIssue;->NOTIFICATION_BEHAVIOR_UNSPECIFIED:I,system-api,test-api
Landroid/safetycenter/SafetySourceIssue;->describeContents()I,public-api,system-api,test-api
Landroid/safetycenter/SafetySourceIssue;->equals(Ljava/lang/Object;)Z,core-platform-api,public-api,system-api,test-api
Landroid/safetycenter/SafetySourceIssue;->getActions()Ljava/util/List;,system-api,test-api
Landroid/safetycenter/SafetySourceIssue;->getAttributionTitle()Ljava/lang/CharSequence;,system-api,test-api
Landroid/safetycenter/SafetySourceIssue;->getCustomNotification()Landroid/safetycenter/SafetySourceIssue$Notification;,system-api,test-api
Landroid/safetycenter/SafetySourceIssue;->getDeduplicationId()Ljava/lang/String;,system-api,test-api
Landroid/safetycenter/SafetySourceIssue;->getId()Ljava/lang/String;,system-api,test-api
Landroid/safetycenter/SafetySourceIssue;->getIssueActionability()I,system-api,test-api
Landroid/safetycenter/SafetySourceIssue;->getIssueCategory()I,system-api,test-api
Landroid/safetycenter/SafetySourceIssue;->getIssueTypeId()Ljava/lang/String;,system-api,test-api
Landroid/safetycenter/SafetySourceIssue;->getNotificationBehavior()I,system-api,test-api
Landroid/safetycenter/SafetySourceIssue;->getOnDismissPendingIntent()Landroid/app/PendingIntent;,system-api,test-api
Landroid/safetycenter/SafetySourceIssue;->getSeverityLevel()I,system-api,test-api
Landroid/safetycenter/SafetySourceIssue;->getSubtitle()Ljava/lang/CharSequence;,system-api,test-api
Landroid/safetycenter/SafetySourceIssue;->getSummary()Ljava/lang/CharSequence;,system-api,test-api
Landroid/safetycenter/SafetySourceIssue;->getTitle()Ljava/lang/CharSequence;,system-api,test-api
Landroid/safetycenter/SafetySourceIssue;->hashCode()I,core-platform-api,public-api,system-api,test-api
Landroid/safetycenter/SafetySourceIssue;->toString()Ljava/lang/String;,core-platform-api,public-api,system-api,test-api
Landroid/safetycenter/SafetySourceIssue;->writeToParcel(Landroid/os/Parcel;I)V,public-api,system-api,test-api
Landroid/safetycenter/SafetySourceStatus$1;->createFromParcel(Landroid/os/Parcel;)Ljava/lang/Object;,public-api,system-api,test-api
Landroid/safetycenter/SafetySourceStatus$1;->newArray(I)[Ljava/lang/Object;,public-api,system-api,test-api
Landroid/safetycenter/SafetySourceStatus$Builder;-><init>(Landroid/safetycenter/SafetySourceStatus;)V,system-api,test-api
Landroid/safetycenter/SafetySourceStatus$Builder;-><init>(Ljava/lang/CharSequence;Ljava/lang/CharSequence;I)V,system-api,test-api
Landroid/safetycenter/SafetySourceStatus$Builder;->build()Landroid/safetycenter/SafetySourceStatus;,system-api,test-api
Landroid/safetycenter/SafetySourceStatus$Builder;->setEnabled(Z)Landroid/safetycenter/SafetySourceStatus$Builder;,system-api,test-api
Landroid/safetycenter/SafetySourceStatus$Builder;->setIconAction(Landroid/safetycenter/SafetySourceStatus$IconAction;)Landroid/safetycenter/SafetySourceStatus$Builder;,system-api,test-api
Landroid/safetycenter/SafetySourceStatus$Builder;->setPendingIntent(Landroid/app/PendingIntent;)Landroid/safetycenter/SafetySourceStatus$Builder;,system-api,test-api
Landroid/safetycenter/SafetySourceStatus$IconAction$1;->createFromParcel(Landroid/os/Parcel;)Ljava/lang/Object;,public-api,system-api,test-api
Landroid/safetycenter/SafetySourceStatus$IconAction$1;->newArray(I)[Ljava/lang/Object;,public-api,system-api,test-api
Landroid/safetycenter/SafetySourceStatus$IconAction;-><init>(ILandroid/app/PendingIntent;)V,system-api,test-api
Landroid/safetycenter/SafetySourceStatus$IconAction;->CREATOR:Landroid/os/Parcelable$Creator;,system-api,test-api
Landroid/safetycenter/SafetySourceStatus$IconAction;->ICON_TYPE_GEAR:I,system-api,test-api
Landroid/safetycenter/SafetySourceStatus$IconAction;->ICON_TYPE_INFO:I,system-api,test-api
Landroid/safetycenter/SafetySourceStatus$IconAction;->describeContents()I,public-api,system-api,test-api
Landroid/safetycenter/SafetySourceStatus$IconAction;->equals(Ljava/lang/Object;)Z,core-platform-api,public-api,system-api,test-api
Landroid/safetycenter/SafetySourceStatus$IconAction;->getIconType()I,system-api,test-api
Landroid/safetycenter/SafetySourceStatus$IconAction;->getPendingIntent()Landroid/app/PendingIntent;,system-api,test-api
Landroid/safetycenter/SafetySourceStatus$IconAction;->hashCode()I,core-platform-api,public-api,system-api,test-api
Landroid/safetycenter/SafetySourceStatus$IconAction;->toString()Ljava/lang/String;,core-platform-api,public-api,system-api,test-api
Landroid/safetycenter/SafetySourceStatus$IconAction;->writeToParcel(Landroid/os/Parcel;I)V,public-api,system-api,test-api
Landroid/safetycenter/SafetySourceStatus;->CREATOR:Landroid/os/Parcelable$Creator;,system-api,test-api
Landroid/safetycenter/SafetySourceStatus;->describeContents()I,public-api,system-api,test-api
Landroid/safetycenter/SafetySourceStatus;->equals(Ljava/lang/Object;)Z,core-platform-api,public-api,system-api,test-api
Landroid/safetycenter/SafetySourceStatus;->getIconAction()Landroid/safetycenter/SafetySourceStatus$IconAction;,system-api,test-api
Landroid/safetycenter/SafetySourceStatus;->getPendingIntent()Landroid/app/PendingIntent;,system-api,test-api
Landroid/safetycenter/SafetySourceStatus;->getSeverityLevel()I,system-api,test-api
Landroid/safetycenter/SafetySourceStatus;->getSummary()Ljava/lang/CharSequence;,system-api,test-api
Landroid/safetycenter/SafetySourceStatus;->getTitle()Ljava/lang/CharSequence;,system-api,test-api
Landroid/safetycenter/SafetySourceStatus;->hashCode()I,core-platform-api,public-api,system-api,test-api
Landroid/safetycenter/SafetySourceStatus;->isEnabled()Z,system-api,test-api
Landroid/safetycenter/SafetySourceStatus;->toString()Ljava/lang/String;,core-platform-api,public-api,system-api,test-api
Landroid/safetycenter/SafetySourceStatus;->writeToParcel(Landroid/os/Parcel;I)V,public-api,system-api,test-api
Landroid/safetycenter/config/SafetyCenterConfig$1;->createFromParcel(Landroid/os/Parcel;)Ljava/lang/Object;,public-api,system-api,test-api
Landroid/safetycenter/config/SafetyCenterConfig$1;->newArray(I)[Ljava/lang/Object;,public-api,system-api,test-api
Landroid/safetycenter/config/SafetyCenterConfig$Builder;-><init>()V,system-api,test-api
Landroid/safetycenter/config/SafetyCenterConfig$Builder;-><init>(Landroid/safetycenter/config/SafetyCenterConfig;)V,system-api,test-api
Landroid/safetycenter/config/SafetyCenterConfig$Builder;->addSafetySourcesGroup(Landroid/safetycenter/config/SafetySourcesGroup;)Landroid/safetycenter/config/SafetyCenterConfig$Builder;,system-api,test-api
Landroid/safetycenter/config/SafetyCenterConfig$Builder;->build()Landroid/safetycenter/config/SafetyCenterConfig;,system-api,test-api
Landroid/safetycenter/config/SafetyCenterConfig;->CREATOR:Landroid/os/Parcelable$Creator;,system-api,test-api
Landroid/safetycenter/config/SafetyCenterConfig;->describeContents()I,public-api,system-api,test-api
Landroid/safetycenter/config/SafetyCenterConfig;->equals(Ljava/lang/Object;)Z,core-platform-api,public-api,system-api,test-api
Landroid/safetycenter/config/SafetyCenterConfig;->getSafetySourcesGroups()Ljava/util/List;,system-api,test-api
Landroid/safetycenter/config/SafetyCenterConfig;->hashCode()I,core-platform-api,public-api,system-api,test-api
Landroid/safetycenter/config/SafetyCenterConfig;->toString()Ljava/lang/String;,core-platform-api,public-api,system-api,test-api
Landroid/safetycenter/config/SafetyCenterConfig;->writeToParcel(Landroid/os/Parcel;I)V,public-api,system-api,test-api
Landroid/safetycenter/config/SafetySource$1;->createFromParcel(Landroid/os/Parcel;)Ljava/lang/Object;,public-api,system-api,test-api
Landroid/safetycenter/config/SafetySource$1;->newArray(I)[Ljava/lang/Object;,public-api,system-api,test-api
Landroid/safetycenter/config/SafetySource$Builder;-><init>(I)V,system-api,test-api
Landroid/safetycenter/config/SafetySource$Builder;-><init>(Landroid/safetycenter/config/SafetySource;)V,system-api,test-api
Landroid/safetycenter/config/SafetySource$Builder;->addPackageCertificateHash(Ljava/lang/String;)Landroid/safetycenter/config/SafetySource$Builder;,system-api,test-api
Landroid/safetycenter/config/SafetySource$Builder;->build()Landroid/safetycenter/config/SafetySource;,system-api,test-api
Landroid/safetycenter/config/SafetySource$Builder;->setDeduplicationGroup(Ljava/lang/String;)Landroid/safetycenter/config/SafetySource$Builder;,system-api,test-api
Landroid/safetycenter/config/SafetySource$Builder;->setId(Ljava/lang/String;)Landroid/safetycenter/config/SafetySource$Builder;,system-api,test-api
Landroid/safetycenter/config/SafetySource$Builder;->setInitialDisplayState(I)Landroid/safetycenter/config/SafetySource$Builder;,system-api,test-api
Landroid/safetycenter/config/SafetySource$Builder;->setIntentAction(Ljava/lang/String;)Landroid/safetycenter/config/SafetySource$Builder;,system-api,test-api
Landroid/safetycenter/config/SafetySource$Builder;->setLoggingAllowed(Z)Landroid/safetycenter/config/SafetySource$Builder;,system-api,test-api
Landroid/safetycenter/config/SafetySource$Builder;->setMaxSeverityLevel(I)Landroid/safetycenter/config/SafetySource$Builder;,system-api,test-api
Landroid/safetycenter/config/SafetySource$Builder;->setNotificationsAllowed(Z)Landroid/safetycenter/config/SafetySource$Builder;,system-api,test-api
Landroid/safetycenter/config/SafetySource$Builder;->setPackageName(Ljava/lang/String;)Landroid/safetycenter/config/SafetySource$Builder;,system-api,test-api
Landroid/safetycenter/config/SafetySource$Builder;->setProfile(I)Landroid/safetycenter/config/SafetySource$Builder;,system-api,test-api
Landroid/safetycenter/config/SafetySource$Builder;->setRefreshOnPageOpenAllowed(Z)Landroid/safetycenter/config/SafetySource$Builder;,system-api,test-api
Landroid/safetycenter/config/SafetySource$Builder;->setSearchTermsResId(I)Landroid/safetycenter/config/SafetySource$Builder;,system-api,test-api
Landroid/safetycenter/config/SafetySource$Builder;->setSummaryResId(I)Landroid/safetycenter/config/SafetySource$Builder;,system-api,test-api
Landroid/safetycenter/config/SafetySource$Builder;->setTitleForWorkResId(I)Landroid/safetycenter/config/SafetySource$Builder;,system-api,test-api
Landroid/safetycenter/config/SafetySource$Builder;->setTitleResId(I)Landroid/safetycenter/config/SafetySource$Builder;,system-api,test-api
Landroid/safetycenter/config/SafetySource;->CREATOR:Landroid/os/Parcelable$Creator;,system-api,test-api
Landroid/safetycenter/config/SafetySource;->INITIAL_DISPLAY_STATE_DISABLED:I,system-api,test-api
Landroid/safetycenter/config/SafetySource;->INITIAL_DISPLAY_STATE_ENABLED:I,system-api,test-api
Landroid/safetycenter/config/SafetySource;->INITIAL_DISPLAY_STATE_HIDDEN:I,system-api,test-api
Landroid/safetycenter/config/SafetySource;->PROFILE_ALL:I,system-api,test-api
Landroid/safetycenter/config/SafetySource;->PROFILE_NONE:I,system-api,test-api
Landroid/safetycenter/config/SafetySource;->PROFILE_PRIMARY:I,system-api,test-api
Landroid/safetycenter/config/SafetySource;->SAFETY_SOURCE_TYPE_DYNAMIC:I,system-api,test-api
Landroid/safetycenter/config/SafetySource;->SAFETY_SOURCE_TYPE_ISSUE_ONLY:I,system-api,test-api
Landroid/safetycenter/config/SafetySource;->SAFETY_SOURCE_TYPE_STATIC:I,system-api,test-api
Landroid/safetycenter/config/SafetySource;->areNotificationsAllowed()Z,system-api,test-api
Landroid/safetycenter/config/SafetySource;->describeContents()I,public-api,system-api,test-api
Landroid/safetycenter/config/SafetySource;->equals(Ljava/lang/Object;)Z,core-platform-api,public-api,system-api,test-api
Landroid/safetycenter/config/SafetySource;->getDeduplicationGroup()Ljava/lang/String;,system-api,test-api
Landroid/safetycenter/config/SafetySource;->getId()Ljava/lang/String;,system-api,test-api
Landroid/safetycenter/config/SafetySource;->getInitialDisplayState()I,system-api,test-api
Landroid/safetycenter/config/SafetySource;->getIntentAction()Ljava/lang/String;,system-api,test-api
Landroid/safetycenter/config/SafetySource;->getMaxSeverityLevel()I,system-api,test-api
Landroid/safetycenter/config/SafetySource;->getOptionalPackageName()Ljava/lang/String;,system-api,test-api
Landroid/safetycenter/config/SafetySource;->getPackageCertificateHashes()Ljava/util/Set;,system-api,test-api
Landroid/safetycenter/config/SafetySource;->getPackageName()Ljava/lang/String;,system-api,test-api
Landroid/safetycenter/config/SafetySource;->getProfile()I,system-api,test-api
Landroid/safetycenter/config/SafetySource;->getSearchTermsResId()I,system-api,test-api
Landroid/safetycenter/config/SafetySource;->getSummaryResId()I,system-api,test-api
Landroid/safetycenter/config/SafetySource;->getTitleForWorkResId()I,system-api,test-api
Landroid/safetycenter/config/SafetySource;->getTitleResId()I,system-api,test-api
Landroid/safetycenter/config/SafetySource;->getType()I,system-api,test-api
Landroid/safetycenter/config/SafetySource;->hashCode()I,core-platform-api,public-api,system-api,test-api
Landroid/safetycenter/config/SafetySource;->isLoggingAllowed()Z,system-api,test-api
Landroid/safetycenter/config/SafetySource;->isRefreshOnPageOpenAllowed()Z,system-api,test-api
Landroid/safetycenter/config/SafetySource;->toString()Ljava/lang/String;,core-platform-api,public-api,system-api,test-api
Landroid/safetycenter/config/SafetySource;->writeToParcel(Landroid/os/Parcel;I)V,public-api,system-api,test-api
Landroid/safetycenter/config/SafetySourcesGroup$1;->createFromParcel(Landroid/os/Parcel;)Ljava/lang/Object;,public-api,system-api,test-api
Landroid/safetycenter/config/SafetySourcesGroup$1;->newArray(I)[Ljava/lang/Object;,public-api,system-api,test-api
Landroid/safetycenter/config/SafetySourcesGroup$Builder;-><init>()V,system-api,test-api
Landroid/safetycenter/config/SafetySourcesGroup$Builder;-><init>(Landroid/safetycenter/config/SafetySourcesGroup;)V,system-api,test-api
Landroid/safetycenter/config/SafetySourcesGroup$Builder;->addSafetySource(Landroid/safetycenter/config/SafetySource;)Landroid/safetycenter/config/SafetySourcesGroup$Builder;,system-api,test-api
Landroid/safetycenter/config/SafetySourcesGroup$Builder;->build()Landroid/safetycenter/config/SafetySourcesGroup;,system-api,test-api
Landroid/safetycenter/config/SafetySourcesGroup$Builder;->setId(Ljava/lang/String;)Landroid/safetycenter/config/SafetySourcesGroup$Builder;,system-api,test-api
Landroid/safetycenter/config/SafetySourcesGroup$Builder;->setStatelessIconType(I)Landroid/safetycenter/config/SafetySourcesGroup$Builder;,system-api,test-api
Landroid/safetycenter/config/SafetySourcesGroup$Builder;->setSummaryResId(I)Landroid/safetycenter/config/SafetySourcesGroup$Builder;,system-api,test-api
Landroid/safetycenter/config/SafetySourcesGroup$Builder;->setTitleResId(I)Landroid/safetycenter/config/SafetySourcesGroup$Builder;,system-api,test-api
Landroid/safetycenter/config/SafetySourcesGroup$Builder;->setType(I)Landroid/safetycenter/config/SafetySourcesGroup$Builder;,system-api,test-api
Landroid/safetycenter/config/SafetySourcesGroup;->CREATOR:Landroid/os/Parcelable$Creator;,system-api,test-api
Landroid/safetycenter/config/SafetySourcesGroup;->SAFETY_SOURCES_GROUP_TYPE_COLLAPSIBLE:I,system-api,test-api
Landroid/safetycenter/config/SafetySourcesGroup;->SAFETY_SOURCES_GROUP_TYPE_HIDDEN:I,system-api,test-api
Landroid/safetycenter/config/SafetySourcesGroup;->SAFETY_SOURCES_GROUP_TYPE_RIGID:I,system-api,test-api
Landroid/safetycenter/config/SafetySourcesGroup;->SAFETY_SOURCES_GROUP_TYPE_STATEFUL:I,system-api,test-api
Landroid/safetycenter/config/SafetySourcesGroup;->SAFETY_SOURCES_GROUP_TYPE_STATELESS:I,system-api,test-api
Landroid/safetycenter/config/SafetySourcesGroup;->STATELESS_ICON_TYPE_NONE:I,system-api,test-api
Landroid/safetycenter/config/SafetySourcesGroup;->STATELESS_ICON_TYPE_PRIVACY:I,system-api,test-api
Landroid/safetycenter/config/SafetySourcesGroup;->describeContents()I,public-api,system-api,test-api
Landroid/safetycenter/config/SafetySourcesGroup;->equals(Ljava/lang/Object;)Z,core-platform-api,public-api,system-api,test-api
Landroid/safetycenter/config/SafetySourcesGroup;->getId()Ljava/lang/String;,system-api,test-api
Landroid/safetycenter/config/SafetySourcesGroup;->getSafetySources()Ljava/util/List;,system-api,test-api
Landroid/safetycenter/config/SafetySourcesGroup;->getStatelessIconType()I,system-api,test-api
Landroid/safetycenter/config/SafetySourcesGroup;->getSummaryResId()I,system-api,test-api
Landroid/safetycenter/config/SafetySourcesGroup;->getTitleResId()I,system-api,test-api
Landroid/safetycenter/config/SafetySourcesGroup;->getType()I,system-api,test-api
Landroid/safetycenter/config/SafetySourcesGroup;->hashCode()I,core-platform-api,public-api,system-api,test-api
Landroid/safetycenter/config/SafetySourcesGroup;->toString()Ljava/lang/String;,core-platform-api,public-api,system-api,test-api
Landroid/safetycenter/config/SafetySourcesGroup;->writeToParcel(Landroid/os/Parcel;I)V,public-api,system-api,test-api
Landroid/safetylabel/SafetyLabelConstants;->PERMISSION_RATIONALE_ENABLED:Ljava/lang/String;,system-api,test-api
Landroid/safetylabel/SafetyLabelConstants;->SAFETY_LABEL_CHANGE_NOTIFICATIONS_ENABLED:Ljava/lang/String;,system-api,test-api
