Landroid/provider/AsyncContentProvider$$ExternalSyntheticLambda0;->onResult(Landroid/os/Bundle;)V,sdk,system-api,test-api
Landroid/provider/CloudMediaProvider$CloudMediaSurfaceController;-><init>()V,public-api,sdk,system-api,test-api
Landroid/provider/CloudMediaProvider$CloudMediaSurfaceController;->onConfigChange(Landroid/os/Bundle;)V,public-api,sdk,system-api,test-api
Landroid/provider/CloudMediaProvider$CloudMediaSurfaceController;->onDestroy()V,public-api,sdk,system-api,test-api
Landroid/provider/CloudMediaProvider$CloudMediaSurfaceController;->onMediaPause(I)V,public-api,sdk,system-api,test-api
Landroid/provider/CloudMediaProvider$CloudMediaSurfaceController;->onMediaPlay(I)V,public-api,sdk,system-api,test-api
Landroid/provider/CloudMediaProvider$CloudMediaSurfaceController;->onMediaSeekTo(IJ)V,public-api,sdk,system-api,test-api
Landroid/provider/CloudMediaProvider$CloudMediaSurfaceController;->onPlayerCreate()V,public-api,sdk,system-api,test-api
Landroid/provider/CloudMediaProvider$CloudMediaSurfaceController;->onPlayerRelease()V,public-api,sdk,system-api,test-api
Landroid/provider/CloudMediaProvider$CloudMediaSurfaceController;->onSurfaceChanged(IIII)V,public-api,sdk,system-api,test-api
Landroid/provider/CloudMediaProvider$CloudMediaSurfaceController;->onSurfaceCreated(ILandroid/view/Surface;Ljava/lang/String;)V,public-api,sdk,system-api,test-api
Landroid/provider/CloudMediaProvider$CloudMediaSurfaceController;->onSurfaceDestroyed(I)V,public-api,sdk,system-api,test-api
Landroid/provider/CloudMediaProvider$CloudMediaSurfaceStateChangedCallback;->PLAYBACK_STATE_BUFFERING:I,public-api,sdk,system-api,test-api
Landroid/provider/CloudMediaProvider$CloudMediaSurfaceStateChangedCallback;->PLAYBACK_STATE_COMPLETED:I,public-api,sdk,system-api,test-api
Landroid/provider/CloudMediaProvider$CloudMediaSurfaceStateChangedCallback;->PLAYBACK_STATE_ERROR_PERMANENT_FAILURE:I,public-api,sdk,system-api,test-api
Landroid/provider/CloudMediaProvider$CloudMediaSurfaceStateChangedCallback;->PLAYBACK_STATE_ERROR_RETRIABLE_FAILURE:I,public-api,sdk,system-api,test-api
Landroid/provider/CloudMediaProvider$CloudMediaSurfaceStateChangedCallback;->PLAYBACK_STATE_MEDIA_SIZE_CHANGED:I,public-api,sdk,system-api,test-api
Landroid/provider/CloudMediaProvider$CloudMediaSurfaceStateChangedCallback;->PLAYBACK_STATE_PAUSED:I,public-api,sdk,system-api,test-api
Landroid/provider/CloudMediaProvider$CloudMediaSurfaceStateChangedCallback;->PLAYBACK_STATE_READY:I,public-api,sdk,system-api,test-api
Landroid/provider/CloudMediaProvider$CloudMediaSurfaceStateChangedCallback;->PLAYBACK_STATE_STARTED:I,public-api,sdk,system-api,test-api
Landroid/provider/CloudMediaProvider$CloudMediaSurfaceStateChangedCallback;->setPlaybackState(IILandroid/os/Bundle;)V,public-api,sdk,system-api,test-api
Landroid/provider/CloudMediaProvider;-><init>()V,public-api,sdk,system-api,test-api
Landroid/provider/CloudMediaProvider;->attachInfo(Landroid/content/Context;Landroid/content/pm/ProviderInfo;)V,public-api,sdk,system-api,test-api
Landroid/provider/CloudMediaProvider;->call(Ljava/lang/String;Ljava/lang/String;Landroid/os/Bundle;)Landroid/os/Bundle;,public-api,sdk,system-api,test-api
Landroid/provider/CloudMediaProvider;->canonicalize(Landroid/net/Uri;)Landroid/net/Uri;,public-api,sdk,system-api,test-api
Landroid/provider/CloudMediaProvider;->delete(Landroid/net/Uri;Ljava/lang/String;[Ljava/lang/String;)I,public-api,sdk,system-api,test-api
Landroid/provider/CloudMediaProvider;->getType(Landroid/net/Uri;)Ljava/lang/String;,public-api,sdk,system-api,test-api
Landroid/provider/CloudMediaProvider;->insert(Landroid/net/Uri;Landroid/content/ContentValues;)Landroid/net/Uri;,public-api,sdk,system-api,test-api
Landroid/provider/CloudMediaProvider;->onCreateCloudMediaSurfaceController(Landroid/os/Bundle;Landroid/provider/CloudMediaProvider$CloudMediaSurfaceStateChangedCallback;)Landroid/provider/CloudMediaProvider$CloudMediaSurfaceController;,public-api,sdk,system-api,test-api
Landroid/provider/CloudMediaProvider;->onGetMediaCollectionInfo(Landroid/os/Bundle;)Landroid/os/Bundle;,public-api,sdk,system-api,test-api
Landroid/provider/CloudMediaProvider;->onOpenMedia(Ljava/lang/String;Landroid/os/Bundle;Landroid/os/CancellationSignal;)Landroid/os/ParcelFileDescriptor;,public-api,sdk,system-api,test-api
Landroid/provider/CloudMediaProvider;->onOpenPreview(Ljava/lang/String;Landroid/graphics/Point;Landroid/os/Bundle;Landroid/os/CancellationSignal;)Landroid/content/res/AssetFileDescriptor;,public-api,sdk,system-api,test-api
Landroid/provider/CloudMediaProvider;->onQueryAlbums(Landroid/os/Bundle;)Landroid/database/Cursor;,public-api,sdk,system-api,test-api
Landroid/provider/CloudMediaProvider;->onQueryDeletedMedia(Landroid/os/Bundle;)Landroid/database/Cursor;,public-api,sdk,system-api,test-api
Landroid/provider/CloudMediaProvider;->onQueryMedia(Landroid/os/Bundle;)Landroid/database/Cursor;,public-api,sdk,system-api,test-api
Landroid/provider/CloudMediaProvider;->openFile(Landroid/net/Uri;Ljava/lang/String;)Landroid/os/ParcelFileDescriptor;,public-api,sdk,system-api,test-api
Landroid/provider/CloudMediaProvider;->openFile(Landroid/net/Uri;Ljava/lang/String;Landroid/os/CancellationSignal;)Landroid/os/ParcelFileDescriptor;,public-api,sdk,system-api,test-api
Landroid/provider/CloudMediaProvider;->openTypedAssetFile(Landroid/net/Uri;Ljava/lang/String;Landroid/os/Bundle;)Landroid/content/res/AssetFileDescriptor;,public-api,sdk,system-api,test-api
Landroid/provider/CloudMediaProvider;->openTypedAssetFile(Landroid/net/Uri;Ljava/lang/String;Landroid/os/Bundle;Landroid/os/CancellationSignal;)Landroid/content/res/AssetFileDescriptor;,public-api,sdk,system-api,test-api
Landroid/provider/CloudMediaProvider;->query(Landroid/net/Uri;[Ljava/lang/String;Landroid/os/Bundle;Landroid/os/CancellationSignal;)Landroid/database/Cursor;,public-api,sdk,system-api,test-api
Landroid/provider/CloudMediaProvider;->query(Landroid/net/Uri;[Ljava/lang/String;Ljava/lang/String;[Ljava/lang/String;Ljava/lang/String;)Landroid/database/Cursor;,public-api,sdk,system-api,test-api
Landroid/provider/CloudMediaProvider;->query(Landroid/net/Uri;[Ljava/lang/String;Ljava/lang/String;[Ljava/lang/String;Ljava/lang/String;Landroid/os/CancellationSignal;)Landroid/database/Cursor;,public-api,sdk,system-api,test-api
Landroid/provider/CloudMediaProvider;->update(Landroid/net/Uri;Landroid/content/ContentValues;Ljava/lang/String;[Ljava/lang/String;)I,public-api,sdk,system-api,test-api
Landroid/provider/CloudMediaProviderContract$AlbumColumns;->DATE_TAKEN_MILLIS:Ljava/lang/String;,public-api,sdk,system-api,test-api
Landroid/provider/CloudMediaProviderContract$AlbumColumns;->DISPLAY_NAME:Ljava/lang/String;,public-api,sdk,system-api,test-api
Landroid/provider/CloudMediaProviderContract$AlbumColumns;->ID:Ljava/lang/String;,public-api,sdk,system-api,test-api
Landroid/provider/CloudMediaProviderContract$AlbumColumns;->MEDIA_COUNT:Ljava/lang/String;,public-api,sdk,system-api,test-api
Landroid/provider/CloudMediaProviderContract$AlbumColumns;->MEDIA_COVER_ID:Ljava/lang/String;,public-api,sdk,system-api,test-api
Landroid/provider/CloudMediaProviderContract$MediaCollectionInfo;->ACCOUNT_CONFIGURATION_INTENT:Ljava/lang/String;,public-api,sdk,system-api,test-api
Landroid/provider/CloudMediaProviderContract$MediaCollectionInfo;->ACCOUNT_NAME:Ljava/lang/String;,public-api,sdk,system-api,test-api
Landroid/provider/CloudMediaProviderContract$MediaCollectionInfo;->LAST_MEDIA_SYNC_GENERATION:Ljava/lang/String;,public-api,sdk,system-api,test-api
Landroid/provider/CloudMediaProviderContract$MediaCollectionInfo;->MEDIA_COLLECTION_ID:Ljava/lang/String;,public-api,sdk,system-api,test-api
Landroid/provider/CloudMediaProviderContract$MediaColumns;->DATE_TAKEN_MILLIS:Ljava/lang/String;,public-api,sdk,system-api,test-api
Landroid/provider/CloudMediaProviderContract$MediaColumns;->DURATION_MILLIS:Ljava/lang/String;,public-api,sdk,system-api,test-api
Landroid/provider/CloudMediaProviderContract$MediaColumns;->HEIGHT:Ljava/lang/String;,public-api,sdk,system-api,test-api
Landroid/provider/CloudMediaProviderContract$MediaColumns;->ID:Ljava/lang/String;,public-api,sdk,system-api,test-api
Landroid/provider/CloudMediaProviderContract$MediaColumns;->IS_FAVORITE:Ljava/lang/String;,public-api,sdk,system-api,test-api
Landroid/provider/CloudMediaProviderContract$MediaColumns;->MEDIA_STORE_URI:Ljava/lang/String;,public-api,sdk,system-api,test-api
Landroid/provider/CloudMediaProviderContract$MediaColumns;->MIME_TYPE:Ljava/lang/String;,public-api,sdk,system-api,test-api
Landroid/provider/CloudMediaProviderContract$MediaColumns;->ORIENTATION:Ljava/lang/String;,public-api,sdk,system-api,test-api
Landroid/provider/CloudMediaProviderContract$MediaColumns;->SIZE_BYTES:Ljava/lang/String;,public-api,sdk,system-api,test-api
Landroid/provider/CloudMediaProviderContract$MediaColumns;->STANDARD_MIME_TYPE_EXTENSION:Ljava/lang/String;,public-api,sdk,system-api,test-api
Landroid/provider/CloudMediaProviderContract$MediaColumns;->STANDARD_MIME_TYPE_EXTENSION_ANIMATED_WEBP:I,public-api,sdk,system-api,test-api
Landroid/provider/CloudMediaProviderContract$MediaColumns;->STANDARD_MIME_TYPE_EXTENSION_GIF:I,public-api,sdk,system-api,test-api
Landroid/provider/CloudMediaProviderContract$MediaColumns;->STANDARD_MIME_TYPE_EXTENSION_MOTION_PHOTO:I,public-api,sdk,system-api,test-api
Landroid/provider/CloudMediaProviderContract$MediaColumns;->STANDARD_MIME_TYPE_EXTENSION_NONE:I,public-api,sdk,system-api,test-api
Landroid/provider/CloudMediaProviderContract$MediaColumns;->SYNC_GENERATION:Ljava/lang/String;,public-api,sdk,system-api,test-api
Landroid/provider/CloudMediaProviderContract$MediaColumns;->WIDTH:Ljava/lang/String;,public-api,sdk,system-api,test-api
Landroid/provider/CloudMediaProviderContract;->EXTRA_ALBUM_ID:Ljava/lang/String;,public-api,sdk,system-api,test-api
Landroid/provider/CloudMediaProviderContract;->EXTRA_LOOPING_PLAYBACK_ENABLED:Ljava/lang/String;,public-api,sdk,system-api,test-api
Landroid/provider/CloudMediaProviderContract;->EXTRA_MEDIA_COLLECTION_ID:Ljava/lang/String;,public-api,sdk,system-api,test-api
Landroid/provider/CloudMediaProviderContract;->EXTRA_PAGE_SIZE:Ljava/lang/String;,public-api,sdk,system-api,test-api
Landroid/provider/CloudMediaProviderContract;->EXTRA_PAGE_TOKEN:Ljava/lang/String;,public-api,sdk,system-api,test-api
Landroid/provider/CloudMediaProviderContract;->EXTRA_PREVIEW_THUMBNAIL:Ljava/lang/String;,public-api,sdk,system-api,test-api
Landroid/provider/CloudMediaProviderContract;->EXTRA_SURFACE_CONTROLLER_AUDIO_MUTE_ENABLED:Ljava/lang/String;,public-api,sdk,system-api,test-api
Landroid/provider/CloudMediaProviderContract;->EXTRA_SYNC_GENERATION:Ljava/lang/String;,public-api,sdk,system-api,test-api
Landroid/provider/CloudMediaProviderContract;->MANAGE_CLOUD_MEDIA_PROVIDERS_PERMISSION:Ljava/lang/String;,public-api,sdk,system-api,test-api
Landroid/provider/CloudMediaProviderContract;->PROVIDER_INTERFACE:Ljava/lang/String;,public-api,sdk,system-api,test-api
Landroid/provider/IAsyncContentProvider$Default;->asBinder()Landroid/os/IBinder;,public-api,sdk,system-api,test-api
Landroid/provider/IAsyncContentProvider$Stub$Proxy;->asBinder()Landroid/os/IBinder;,public-api,sdk,system-api,test-api
Landroid/provider/IAsyncContentProvider$Stub;->asBinder()Landroid/os/IBinder;,public-api,sdk,system-api,test-api
Landroid/provider/IAsyncContentProvider$Stub;->onTransact(ILandroid/os/Parcel;Landroid/os/Parcel;I)Z,public-api,sdk,system-api,test-api
Landroid/provider/ICloudMediaSurfaceController$Default;->asBinder()Landroid/os/IBinder;,public-api,sdk,system-api,test-api
Landroid/provider/ICloudMediaSurfaceController$Stub$Proxy;->asBinder()Landroid/os/IBinder;,public-api,sdk,system-api,test-api
Landroid/provider/ICloudMediaSurfaceController$Stub;->asBinder()Landroid/os/IBinder;,public-api,sdk,system-api,test-api
Landroid/provider/ICloudMediaSurfaceController$Stub;->onTransact(ILandroid/os/Parcel;Landroid/os/Parcel;I)Z,public-api,sdk,system-api,test-api
Landroid/provider/ICloudMediaSurfaceStateChangedCallback$Default;->asBinder()Landroid/os/IBinder;,public-api,sdk,system-api,test-api
Landroid/provider/ICloudMediaSurfaceStateChangedCallback$Stub$Proxy;->asBinder()Landroid/os/IBinder;,public-api,sdk,system-api,test-api
Landroid/provider/ICloudMediaSurfaceStateChangedCallback$Stub;->asBinder()Landroid/os/IBinder;,public-api,sdk,system-api,test-api
Landroid/provider/ICloudMediaSurfaceStateChangedCallback$Stub;->onTransact(ILandroid/os/Parcel;Landroid/os/Parcel;I)Z,public-api,sdk,system-api,test-api
Landroid/provider/MediaStore$Audio$AlbumColumns;->ALBUM:Ljava/lang/String;,public-api,sdk,system-api,test-api
Landroid/provider/MediaStore$Audio$AlbumColumns;->ALBUM_ART:Ljava/lang/String;,public-api,sdk,system-api,test-api
Landroid/provider/MediaStore$Audio$AlbumColumns;->ALBUM_ID:Ljava/lang/String;,public-api,sdk,system-api,test-api
Landroid/provider/MediaStore$Audio$AlbumColumns;->ALBUM_KEY:Ljava/lang/String;,public-api,sdk,system-api,test-api
Landroid/provider/MediaStore$Audio$AlbumColumns;->ARTIST:Ljava/lang/String;,public-api,sdk,system-api,test-api
Landroid/provider/MediaStore$Audio$AlbumColumns;->ARTIST_ID:Ljava/lang/String;,public-api,sdk,system-api,test-api
Landroid/provider/MediaStore$Audio$AlbumColumns;->ARTIST_KEY:Ljava/lang/String;,public-api,sdk,system-api,test-api
Landroid/provider/MediaStore$Audio$AlbumColumns;->FIRST_YEAR:Ljava/lang/String;,public-api,sdk,system-api,test-api
Landroid/provider/MediaStore$Audio$AlbumColumns;->LAST_YEAR:Ljava/lang/String;,public-api,sdk,system-api,test-api
Landroid/provider/MediaStore$Audio$AlbumColumns;->NUMBER_OF_SONGS:Ljava/lang/String;,public-api,sdk,system-api,test-api
Landroid/provider/MediaStore$Audio$AlbumColumns;->NUMBER_OF_SONGS_FOR_ARTIST:Ljava/lang/String;,public-api,sdk,system-api,test-api
Landroid/provider/MediaStore$Audio$Albums;-><init>()V,public-api,sdk,system-api,test-api
Landroid/provider/MediaStore$Audio$Albums;->CONTENT_TYPE:Ljava/lang/String;,public-api,sdk,system-api,test-api
Landroid/provider/MediaStore$Audio$Albums;->DEFAULT_SORT_ORDER:Ljava/lang/String;,public-api,sdk,system-api,test-api
Landroid/provider/MediaStore$Audio$Albums;->ENTRY_CONTENT_TYPE:Ljava/lang/String;,public-api,sdk,system-api,test-api
Landroid/provider/MediaStore$Audio$Albums;->EXTERNAL_CONTENT_URI:Landroid/net/Uri;,public-api,sdk,system-api,test-api
Landroid/provider/MediaStore$Audio$Albums;->INTERNAL_CONTENT_URI:Landroid/net/Uri;,public-api,sdk,system-api,test-api
Landroid/provider/MediaStore$Audio$Albums;->getContentUri(Ljava/lang/String;)Landroid/net/Uri;,public-api,sdk,system-api,test-api
Landroid/provider/MediaStore$Audio$ArtistColumns;->ARTIST:Ljava/lang/String;,public-api,sdk,system-api,test-api
Landroid/provider/MediaStore$Audio$ArtistColumns;->ARTIST_KEY:Ljava/lang/String;,public-api,sdk,system-api,test-api
Landroid/provider/MediaStore$Audio$ArtistColumns;->NUMBER_OF_ALBUMS:Ljava/lang/String;,public-api,sdk,system-api,test-api
Landroid/provider/MediaStore$Audio$ArtistColumns;->NUMBER_OF_TRACKS:Ljava/lang/String;,public-api,sdk,system-api,test-api
Landroid/provider/MediaStore$Audio$Artists$Albums;-><init>()V,public-api,sdk,system-api,test-api
Landroid/provider/MediaStore$Audio$Artists$Albums;->getContentUri(Ljava/lang/String;J)Landroid/net/Uri;,public-api,sdk,system-api,test-api
Landroid/provider/MediaStore$Audio$Artists;-><init>()V,public-api,sdk,system-api,test-api
Landroid/provider/MediaStore$Audio$Artists;->CONTENT_TYPE:Ljava/lang/String;,public-api,sdk,system-api,test-api
Landroid/provider/MediaStore$Audio$Artists;->DEFAULT_SORT_ORDER:Ljava/lang/String;,public-api,sdk,system-api,test-api
Landroid/provider/MediaStore$Audio$Artists;->ENTRY_CONTENT_TYPE:Ljava/lang/String;,public-api,sdk,system-api,test-api
Landroid/provider/MediaStore$Audio$Artists;->EXTERNAL_CONTENT_URI:Landroid/net/Uri;,public-api,sdk,system-api,test-api
Landroid/provider/MediaStore$Audio$Artists;->INTERNAL_CONTENT_URI:Landroid/net/Uri;,public-api,sdk,system-api,test-api
Landroid/provider/MediaStore$Audio$Artists;->getContentUri(Ljava/lang/String;)Landroid/net/Uri;,public-api,sdk,system-api,test-api
Landroid/provider/MediaStore$Audio$AudioColumns;->ALBUM:Ljava/lang/String;,removed,unsupported
Landroid/provider/MediaStore$Audio$AudioColumns;->ALBUM_ARTIST:Ljava/lang/String;,lo-prio,max-target-o
Landroid/provider/MediaStore$Audio$AudioColumns;->ALBUM_ID:Ljava/lang/String;,public-api,sdk,system-api,test-api
Landroid/provider/MediaStore$Audio$AudioColumns;->ALBUM_KEY:Ljava/lang/String;,public-api,sdk,system-api,test-api
Landroid/provider/MediaStore$Audio$AudioColumns;->ARTIST:Ljava/lang/String;,removed,unsupported
Landroid/provider/MediaStore$Audio$AudioColumns;->ARTIST_ID:Ljava/lang/String;,public-api,sdk,system-api,test-api
Landroid/provider/MediaStore$Audio$AudioColumns;->ARTIST_KEY:Ljava/lang/String;,public-api,sdk,system-api,test-api
Landroid/provider/MediaStore$Audio$AudioColumns;->BOOKMARK:Ljava/lang/String;,public-api,sdk,system-api,test-api
Landroid/provider/MediaStore$Audio$AudioColumns;->COMPOSER:Ljava/lang/String;,removed,unsupported
Landroid/provider/MediaStore$Audio$AudioColumns;->DURATION:Ljava/lang/String;,removed,unsupported
Landroid/provider/MediaStore$Audio$AudioColumns;->GENRE:Ljava/lang/String;,public-api,sdk,system-api,test-api
Landroid/provider/MediaStore$Audio$AudioColumns;->GENRE_ID:Ljava/lang/String;,public-api,sdk,system-api,test-api
Landroid/provider/MediaStore$Audio$AudioColumns;->GENRE_KEY:Ljava/lang/String;,public-api,sdk,system-api,test-api
Landroid/provider/MediaStore$Audio$AudioColumns;->IS_ALARM:Ljava/lang/String;,public-api,sdk,system-api,test-api
Landroid/provider/MediaStore$Audio$AudioColumns;->IS_AUDIOBOOK:Ljava/lang/String;,public-api,sdk,system-api,test-api
Landroid/provider/MediaStore$Audio$AudioColumns;->IS_MUSIC:Ljava/lang/String;,public-api,sdk,system-api,test-api
Landroid/provider/MediaStore$Audio$AudioColumns;->IS_NOTIFICATION:Ljava/lang/String;,public-api,sdk,system-api,test-api
Landroid/provider/MediaStore$Audio$AudioColumns;->IS_PODCAST:Ljava/lang/String;,public-api,sdk,system-api,test-api
Landroid/provider/MediaStore$Audio$AudioColumns;->IS_RECORDING:Ljava/lang/String;,public-api,sdk,system-api,test-api
Landroid/provider/MediaStore$Audio$AudioColumns;->IS_RINGTONE:Ljava/lang/String;,public-api,sdk,system-api,test-api
Landroid/provider/MediaStore$Audio$AudioColumns;->TITLE_KEY:Ljava/lang/String;,public-api,sdk,system-api,test-api
Landroid/provider/MediaStore$Audio$AudioColumns;->TITLE_RESOURCE_URI:Ljava/lang/String;,public-api,sdk,system-api,test-api
Landroid/provider/MediaStore$Audio$AudioColumns;->TRACK:Ljava/lang/String;,public-api,sdk,system-api,test-api
Landroid/provider/MediaStore$Audio$AudioColumns;->YEAR:Ljava/lang/String;,public-api,sdk,system-api,test-api
Landroid/provider/MediaStore$Audio$Genres$Members;-><init>()V,public-api,sdk,system-api,test-api
Landroid/provider/MediaStore$Audio$Genres$Members;->AUDIO_ID:Ljava/lang/String;,public-api,sdk,system-api,test-api
Landroid/provider/MediaStore$Audio$Genres$Members;->CONTENT_DIRECTORY:Ljava/lang/String;,public-api,sdk,system-api,test-api
Landroid/provider/MediaStore$Audio$Genres$Members;->DEFAULT_SORT_ORDER:Ljava/lang/String;,public-api,sdk,system-api,test-api
Landroid/provider/MediaStore$Audio$Genres$Members;->GENRE_ID:Ljava/lang/String;,public-api,sdk,system-api,test-api
Landroid/provider/MediaStore$Audio$Genres$Members;->getContentUri(Ljava/lang/String;J)Landroid/net/Uri;,public-api,sdk,system-api,test-api
Landroid/provider/MediaStore$Audio$Genres;-><init>()V,public-api,sdk,system-api,test-api
Landroid/provider/MediaStore$Audio$Genres;->CONTENT_TYPE:Ljava/lang/String;,public-api,sdk,system-api,test-api
Landroid/provider/MediaStore$Audio$Genres;->DEFAULT_SORT_ORDER:Ljava/lang/String;,public-api,sdk,system-api,test-api
Landroid/provider/MediaStore$Audio$Genres;->ENTRY_CONTENT_TYPE:Ljava/lang/String;,public-api,sdk,system-api,test-api
Landroid/provider/MediaStore$Audio$Genres;->EXTERNAL_CONTENT_URI:Landroid/net/Uri;,public-api,sdk,system-api,test-api
Landroid/provider/MediaStore$Audio$Genres;->INTERNAL_CONTENT_URI:Landroid/net/Uri;,public-api,sdk,system-api,test-api
Landroid/provider/MediaStore$Audio$Genres;->getContentUri(Ljava/lang/String;)Landroid/net/Uri;,public-api,sdk,system-api,test-api
Landroid/provider/MediaStore$Audio$Genres;->getContentUriForAudioId(Ljava/lang/String;I)Landroid/net/Uri;,public-api,sdk,system-api,test-api
Landroid/provider/MediaStore$Audio$GenresColumns;->NAME:Ljava/lang/String;,public-api,sdk,system-api,test-api
Landroid/provider/MediaStore$Audio$Media;-><init>()V,public-api,sdk,system-api,test-api
Landroid/provider/MediaStore$Audio$Media;->CONTENT_TYPE:Ljava/lang/String;,public-api,sdk,system-api,test-api
Landroid/provider/MediaStore$Audio$Media;->DEFAULT_SORT_ORDER:Ljava/lang/String;,public-api,sdk,system-api,test-api
Landroid/provider/MediaStore$Audio$Media;->ENTRY_CONTENT_TYPE:Ljava/lang/String;,public-api,sdk,system-api,test-api
Landroid/provider/MediaStore$Audio$Media;->EXTERNAL_CONTENT_URI:Landroid/net/Uri;,public-api,sdk,system-api,test-api
Landroid/provider/MediaStore$Audio$Media;->EXTRA_MAX_BYTES:Ljava/lang/String;,public-api,sdk,system-api,test-api
Landroid/provider/MediaStore$Audio$Media;->INTERNAL_CONTENT_URI:Landroid/net/Uri;,public-api,sdk,system-api,test-api
Landroid/provider/MediaStore$Audio$Media;->RECORD_SOUND_ACTION:Ljava/lang/String;,public-api,sdk,system-api,test-api
Landroid/provider/MediaStore$Audio$Media;->getContentUri(Ljava/lang/String;)Landroid/net/Uri;,public-api,sdk,system-api,test-api
Landroid/provider/MediaStore$Audio$Media;->getContentUri(Ljava/lang/String;J)Landroid/net/Uri;,public-api,sdk,system-api,test-api
Landroid/provider/MediaStore$Audio$Media;->getContentUriForPath(Ljava/lang/String;)Landroid/net/Uri;,public-api,sdk,system-api,test-api
Landroid/provider/MediaStore$Audio$Playlists$Members;-><init>()V,public-api,sdk,system-api,test-api
Landroid/provider/MediaStore$Audio$Playlists$Members;->AUDIO_ID:Ljava/lang/String;,public-api,sdk,system-api,test-api
Landroid/provider/MediaStore$Audio$Playlists$Members;->CONTENT_DIRECTORY:Ljava/lang/String;,public-api,sdk,system-api,test-api
Landroid/provider/MediaStore$Audio$Playlists$Members;->DEFAULT_SORT_ORDER:Ljava/lang/String;,public-api,sdk,system-api,test-api
Landroid/provider/MediaStore$Audio$Playlists$Members;->PLAYLIST_ID:Ljava/lang/String;,public-api,sdk,system-api,test-api
Landroid/provider/MediaStore$Audio$Playlists$Members;->PLAY_ORDER:Ljava/lang/String;,public-api,sdk,system-api,test-api
Landroid/provider/MediaStore$Audio$Playlists$Members;->_ID:Ljava/lang/String;,public-api,sdk,system-api,test-api
Landroid/provider/MediaStore$Audio$Playlists$Members;->getContentUri(Ljava/lang/String;J)Landroid/net/Uri;,public-api,sdk,system-api,test-api
Landroid/provider/MediaStore$Audio$Playlists$Members;->moveItem(Landroid/content/ContentResolver;JII)Z,public-api,sdk,system-api,test-api
Landroid/provider/MediaStore$Audio$Playlists;-><init>()V,public-api,sdk,system-api,test-api
Landroid/provider/MediaStore$Audio$Playlists;->CONTENT_TYPE:Ljava/lang/String;,public-api,sdk,system-api,test-api
Landroid/provider/MediaStore$Audio$Playlists;->DEFAULT_SORT_ORDER:Ljava/lang/String;,public-api,sdk,system-api,test-api
Landroid/provider/MediaStore$Audio$Playlists;->ENTRY_CONTENT_TYPE:Ljava/lang/String;,public-api,sdk,system-api,test-api
Landroid/provider/MediaStore$Audio$Playlists;->EXTERNAL_CONTENT_URI:Landroid/net/Uri;,public-api,sdk,system-api,test-api
Landroid/provider/MediaStore$Audio$Playlists;->INTERNAL_CONTENT_URI:Landroid/net/Uri;,public-api,sdk,system-api,test-api
Landroid/provider/MediaStore$Audio$Playlists;->getContentUri(Ljava/lang/String;)Landroid/net/Uri;,public-api,sdk,system-api,test-api
Landroid/provider/MediaStore$Audio$PlaylistsColumns;->DATA:Ljava/lang/String;,public-api,sdk,system-api,test-api
Landroid/provider/MediaStore$Audio$PlaylistsColumns;->DATE_ADDED:Ljava/lang/String;,public-api,sdk,system-api,test-api
Landroid/provider/MediaStore$Audio$PlaylistsColumns;->DATE_MODIFIED:Ljava/lang/String;,public-api,sdk,system-api,test-api
Landroid/provider/MediaStore$Audio$PlaylistsColumns;->NAME:Ljava/lang/String;,public-api,sdk,system-api,test-api
Landroid/provider/MediaStore$Audio$Radio;-><init>()V,lo-prio,max-target-o
Landroid/provider/MediaStore$Audio$Radio;->ENTRY_CONTENT_TYPE:Ljava/lang/String;,public-api,sdk,system-api,test-api
Landroid/provider/MediaStore$Audio;-><init>()V,public-api,sdk,system-api,test-api
Landroid/provider/MediaStore$Audio;->keyFor(Ljava/lang/String;)Ljava/lang/String;,public-api,sdk,system-api,test-api
Landroid/provider/MediaStore$DownloadColumns;->DESCRIPTION:Ljava/lang/String;,removed,unsupported
Landroid/provider/MediaStore$DownloadColumns;->DOWNLOAD_URI:Ljava/lang/String;,public-api,sdk,system-api,test-api
Landroid/provider/MediaStore$DownloadColumns;->REFERER_URI:Ljava/lang/String;,public-api,sdk,system-api,test-api
Landroid/provider/MediaStore$Downloads;->CONTENT_TYPE:Ljava/lang/String;,public-api,sdk,system-api,test-api
Landroid/provider/MediaStore$Downloads;->EXTERNAL_CONTENT_URI:Landroid/net/Uri;,public-api,sdk,system-api,test-api
Landroid/provider/MediaStore$Downloads;->INTERNAL_CONTENT_URI:Landroid/net/Uri;,public-api,sdk,system-api,test-api
Landroid/provider/MediaStore$Downloads;->getContentUri(Ljava/lang/String;)Landroid/net/Uri;,public-api,sdk,system-api,test-api
Landroid/provider/MediaStore$Downloads;->getContentUri(Ljava/lang/String;J)Landroid/net/Uri;,public-api,sdk,system-api,test-api
Landroid/provider/MediaStore$Files$FileColumns;->FORMAT:Ljava/lang/String;,unsupported
Landroid/provider/MediaStore$Files$FileColumns;->MEDIA_TYPE:Ljava/lang/String;,public-api,sdk,system-api,test-api
Landroid/provider/MediaStore$Files$FileColumns;->MEDIA_TYPE_AUDIO:I,public-api,sdk,system-api,test-api
Landroid/provider/MediaStore$Files$FileColumns;->MEDIA_TYPE_DOCUMENT:I,public-api,sdk,system-api,test-api
Landroid/provider/MediaStore$Files$FileColumns;->MEDIA_TYPE_IMAGE:I,public-api,sdk,system-api,test-api
Landroid/provider/MediaStore$Files$FileColumns;->MEDIA_TYPE_NONE:I,public-api,sdk,system-api,test-api
Landroid/provider/MediaStore$Files$FileColumns;->MEDIA_TYPE_PLAYLIST:I,public-api,sdk,system-api,test-api
Landroid/provider/MediaStore$Files$FileColumns;->MEDIA_TYPE_SUBTITLE:I,public-api,sdk,system-api,test-api
Landroid/provider/MediaStore$Files$FileColumns;->MEDIA_TYPE_VIDEO:I,public-api,sdk,system-api,test-api
Landroid/provider/MediaStore$Files$FileColumns;->MIME_TYPE:Ljava/lang/String;,public-api,sdk,system-api,test-api
Landroid/provider/MediaStore$Files$FileColumns;->PARENT:Ljava/lang/String;,public-api,sdk,system-api,test-api
Landroid/provider/MediaStore$Files$FileColumns;->STORAGE_ID:Ljava/lang/String;,max-target-r
Landroid/provider/MediaStore$Files$FileColumns;->TITLE:Ljava/lang/String;,removed,unsupported
Landroid/provider/MediaStore$Files;-><init>()V,public-api,sdk,system-api,test-api
Landroid/provider/MediaStore$Files;->getContentUri(Ljava/lang/String;)Landroid/net/Uri;,public-api,sdk,system-api,test-api
Landroid/provider/MediaStore$Files;->getContentUri(Ljava/lang/String;J)Landroid/net/Uri;,public-api,sdk,system-api,test-api
Landroid/provider/MediaStore$Files;->getDirectoryUri(Ljava/lang/String;)Landroid/net/Uri;,lo-prio,max-target-o
Landroid/provider/MediaStore$Files;->getMtpObjectsUri(Ljava/lang/String;)Landroid/net/Uri;,unsupported
Landroid/provider/MediaStore$Files;->getMtpObjectsUri(Ljava/lang/String;J)Landroid/net/Uri;,unsupported
Landroid/provider/MediaStore$Files;->getMtpReferencesUri(Ljava/lang/String;J)Landroid/net/Uri;,unsupported
Landroid/provider/MediaStore$Images$ImageColumns;->BUCKET_DISPLAY_NAME:Ljava/lang/String;,removed,unsupported
Landroid/provider/MediaStore$Images$ImageColumns;->BUCKET_ID:Ljava/lang/String;,removed,unsupported
Landroid/provider/MediaStore$Images$ImageColumns;->DATE_TAKEN:Ljava/lang/String;,removed,unsupported
Landroid/provider/MediaStore$Images$ImageColumns;->DESCRIPTION:Ljava/lang/String;,public-api,sdk,system-api,test-api
Landroid/provider/MediaStore$Images$ImageColumns;->EXPOSURE_TIME:Ljava/lang/String;,public-api,sdk,system-api,test-api
Landroid/provider/MediaStore$Images$ImageColumns;->F_NUMBER:Ljava/lang/String;,public-api,sdk,system-api,test-api
Landroid/provider/MediaStore$Images$ImageColumns;->GROUP_ID:Ljava/lang/String;,removed,unsupported
Landroid/provider/MediaStore$Images$ImageColumns;->ISO:Ljava/lang/String;,public-api,sdk,system-api,test-api
Landroid/provider/MediaStore$Images$ImageColumns;->IS_PRIVATE:Ljava/lang/String;,public-api,sdk,system-api,test-api
Landroid/provider/MediaStore$Images$ImageColumns;->LATITUDE:Ljava/lang/String;,public-api,sdk,system-api,test-api
Landroid/provider/MediaStore$Images$ImageColumns;->LONGITUDE:Ljava/lang/String;,public-api,sdk,system-api,test-api
Landroid/provider/MediaStore$Images$ImageColumns;->MINI_THUMB_MAGIC:Ljava/lang/String;,public-api,sdk,system-api,test-api
Landroid/provider/MediaStore$Images$ImageColumns;->ORIENTATION:Ljava/lang/String;,removed,unsupported
Landroid/provider/MediaStore$Images$ImageColumns;->PICASA_ID:Ljava/lang/String;,public-api,sdk,system-api,test-api
Landroid/provider/MediaStore$Images$ImageColumns;->SCENE_CAPTURE_TYPE:Ljava/lang/String;,public-api,sdk,system-api,test-api
Landroid/provider/MediaStore$Images$Media;-><init>()V,public-api,sdk,system-api,test-api
Landroid/provider/MediaStore$Images$Media;->CONTENT_TYPE:Ljava/lang/String;,public-api,sdk,system-api,test-api
Landroid/provider/MediaStore$Images$Media;->DEFAULT_SORT_ORDER:Ljava/lang/String;,public-api,sdk,system-api,test-api
Landroid/provider/MediaStore$Images$Media;->EXTERNAL_CONTENT_URI:Landroid/net/Uri;,public-api,sdk,system-api,test-api
Landroid/provider/MediaStore$Images$Media;->INTERNAL_CONTENT_URI:Landroid/net/Uri;,public-api,sdk,system-api,test-api
Landroid/provider/MediaStore$Images$Media;->getBitmap(Landroid/content/ContentResolver;Landroid/net/Uri;)Landroid/graphics/Bitmap;,public-api,sdk,system-api,test-api
Landroid/provider/MediaStore$Images$Media;->getContentUri(Ljava/lang/String;)Landroid/net/Uri;,public-api,sdk,system-api,test-api
Landroid/provider/MediaStore$Images$Media;->getContentUri(Ljava/lang/String;J)Landroid/net/Uri;,public-api,sdk,system-api,test-api
Landroid/provider/MediaStore$Images$Media;->insertImage(Landroid/content/ContentResolver;Landroid/graphics/Bitmap;Ljava/lang/String;Ljava/lang/String;)Ljava/lang/String;,public-api,sdk,system-api,test-api
Landroid/provider/MediaStore$Images$Media;->insertImage(Landroid/content/ContentResolver;Ljava/lang/String;Ljava/lang/String;Ljava/lang/String;)Ljava/lang/String;,public-api,sdk,system-api,test-api
Landroid/provider/MediaStore$Images$Media;->query(Landroid/content/ContentResolver;Landroid/net/Uri;[Ljava/lang/String;)Landroid/database/Cursor;,public-api,sdk,system-api,test-api
Landroid/provider/MediaStore$Images$Media;->query(Landroid/content/ContentResolver;Landroid/net/Uri;[Ljava/lang/String;Ljava/lang/String;Ljava/lang/String;)Landroid/database/Cursor;,public-api,sdk,system-api,test-api
Landroid/provider/MediaStore$Images$Media;->query(Landroid/content/ContentResolver;Landroid/net/Uri;[Ljava/lang/String;Ljava/lang/String;[Ljava/lang/String;Ljava/lang/String;)Landroid/database/Cursor;,public-api,sdk,system-api,test-api
Landroid/provider/MediaStore$Images$Thumbnails;-><init>()V,public-api,sdk,system-api,test-api
Landroid/provider/MediaStore$Images$Thumbnails;->DATA:Ljava/lang/String;,public-api,sdk,system-api,test-api
Landroid/provider/MediaStore$Images$Thumbnails;->DEFAULT_SORT_ORDER:Ljava/lang/String;,public-api,sdk,system-api,test-api
Landroid/provider/MediaStore$Images$Thumbnails;->EXTERNAL_CONTENT_URI:Landroid/net/Uri;,public-api,sdk,system-api,test-api
Landroid/provider/MediaStore$Images$Thumbnails;->FULL_SCREEN_KIND:I,public-api,sdk,system-api,test-api
Landroid/provider/MediaStore$Images$Thumbnails;->HEIGHT:Ljava/lang/String;,public-api,sdk,system-api,test-api
Landroid/provider/MediaStore$Images$Thumbnails;->IMAGE_ID:Ljava/lang/String;,public-api,sdk,system-api,test-api
Landroid/provider/MediaStore$Images$Thumbnails;->INTERNAL_CONTENT_URI:Landroid/net/Uri;,public-api,sdk,system-api,test-api
Landroid/provider/MediaStore$Images$Thumbnails;->KIND:Ljava/lang/String;,public-api,sdk,system-api,test-api
Landroid/provider/MediaStore$Images$Thumbnails;->MICRO_KIND:I,public-api,sdk,system-api,test-api
Landroid/provider/MediaStore$Images$Thumbnails;->MINI_KIND:I,public-api,sdk,system-api,test-api
Landroid/provider/MediaStore$Images$Thumbnails;->THUMB_DATA:Ljava/lang/String;,public-api,sdk,system-api,test-api
Landroid/provider/MediaStore$Images$Thumbnails;->WIDTH:Ljava/lang/String;,public-api,sdk,system-api,test-api
Landroid/provider/MediaStore$Images$Thumbnails;->cancelThumbnailRequest(Landroid/content/ContentResolver;J)V,public-api,sdk,system-api,test-api
Landroid/provider/MediaStore$Images$Thumbnails;->cancelThumbnailRequest(Landroid/content/ContentResolver;JJ)V,public-api,sdk,system-api,test-api
Landroid/provider/MediaStore$Images$Thumbnails;->getContentUri(Ljava/lang/String;)Landroid/net/Uri;,public-api,sdk,system-api,test-api
Landroid/provider/MediaStore$Images$Thumbnails;->getKindSize(I)Landroid/util/Size;,public-api,sdk,system-api,test-api
Landroid/provider/MediaStore$Images$Thumbnails;->getThumbnail(Landroid/content/ContentResolver;JILandroid/graphics/BitmapFactory$Options;)Landroid/graphics/Bitmap;,public-api,sdk,system-api,test-api
Landroid/provider/MediaStore$Images$Thumbnails;->getThumbnail(Landroid/content/ContentResolver;JJILandroid/graphics/BitmapFactory$Options;)Landroid/graphics/Bitmap;,public-api,sdk,system-api,test-api
Landroid/provider/MediaStore$Images$Thumbnails;->query(Landroid/content/ContentResolver;Landroid/net/Uri;[Ljava/lang/String;)Landroid/database/Cursor;,public-api,sdk,system-api,test-api
Landroid/provider/MediaStore$Images$Thumbnails;->queryMiniThumbnail(Landroid/content/ContentResolver;JI[Ljava/lang/String;)Landroid/database/Cursor;,public-api,sdk,system-api,test-api
Landroid/provider/MediaStore$Images$Thumbnails;->queryMiniThumbnails(Landroid/content/ContentResolver;Landroid/net/Uri;I[Ljava/lang/String;)Landroid/database/Cursor;,public-api,sdk,system-api,test-api
Landroid/provider/MediaStore$Images;-><init>()V,public-api,sdk,system-api,test-api
Landroid/provider/MediaStore$InternalThumbnails;-><init>()V,lo-prio,max-target-o
Landroid/provider/MediaStore$MediaColumns;->ALBUM:Ljava/lang/String;,public-api,sdk,system-api,test-api
Landroid/provider/MediaStore$MediaColumns;->ALBUM_ARTIST:Ljava/lang/String;,public-api,sdk,system-api,test-api
Landroid/provider/MediaStore$MediaColumns;->ARTIST:Ljava/lang/String;,public-api,sdk,system-api,test-api
Landroid/provider/MediaStore$MediaColumns;->AUTHOR:Ljava/lang/String;,public-api,sdk,system-api,test-api
Landroid/provider/MediaStore$MediaColumns;->BITRATE:Ljava/lang/String;,public-api,sdk,system-api,test-api
Landroid/provider/MediaStore$MediaColumns;->BUCKET_DISPLAY_NAME:Ljava/lang/String;,public-api,sdk,system-api,test-api
Landroid/provider/MediaStore$MediaColumns;->BUCKET_ID:Ljava/lang/String;,public-api,sdk,system-api,test-api
Landroid/provider/MediaStore$MediaColumns;->CAPTURE_FRAMERATE:Ljava/lang/String;,public-api,sdk,system-api,test-api
Landroid/provider/MediaStore$MediaColumns;->CD_TRACK_NUMBER:Ljava/lang/String;,public-api,sdk,system-api,test-api
Landroid/provider/MediaStore$MediaColumns;->COMPILATION:Ljava/lang/String;,public-api,sdk,system-api,test-api
Landroid/provider/MediaStore$MediaColumns;->COMPOSER:Ljava/lang/String;,public-api,sdk,system-api,test-api
Landroid/provider/MediaStore$MediaColumns;->DATA:Ljava/lang/String;,public-api,sdk,system-api,test-api
Landroid/provider/MediaStore$MediaColumns;->DATE_ADDED:Ljava/lang/String;,public-api,sdk,system-api,test-api
Landroid/provider/MediaStore$MediaColumns;->DATE_EXPIRES:Ljava/lang/String;,public-api,sdk,system-api,test-api
Landroid/provider/MediaStore$MediaColumns;->DATE_MODIFIED:Ljava/lang/String;,public-api,sdk,system-api,test-api
Landroid/provider/MediaStore$MediaColumns;->DATE_TAKEN:Ljava/lang/String;,public-api,sdk,system-api,test-api
Landroid/provider/MediaStore$MediaColumns;->DISC_NUMBER:Ljava/lang/String;,public-api,sdk,system-api,test-api
Landroid/provider/MediaStore$MediaColumns;->DISPLAY_NAME:Ljava/lang/String;,public-api,sdk,system-api,test-api
Landroid/provider/MediaStore$MediaColumns;->DOCUMENT_ID:Ljava/lang/String;,public-api,sdk,system-api,test-api
Landroid/provider/MediaStore$MediaColumns;->DURATION:Ljava/lang/String;,public-api,sdk,system-api,test-api
Landroid/provider/MediaStore$MediaColumns;->GENERATION_ADDED:Ljava/lang/String;,public-api,sdk,system-api,test-api
Landroid/provider/MediaStore$MediaColumns;->GENERATION_MODIFIED:Ljava/lang/String;,public-api,sdk,system-api,test-api
Landroid/provider/MediaStore$MediaColumns;->GENRE:Ljava/lang/String;,public-api,sdk,system-api,test-api
Landroid/provider/MediaStore$MediaColumns;->GROUP_ID:Ljava/lang/String;,removed,unsupported
Landroid/provider/MediaStore$MediaColumns;->HEIGHT:Ljava/lang/String;,public-api,sdk,system-api,test-api
Landroid/provider/MediaStore$MediaColumns;->INSTANCE_ID:Ljava/lang/String;,public-api,sdk,system-api,test-api
Landroid/provider/MediaStore$MediaColumns;->IS_DOWNLOAD:Ljava/lang/String;,public-api,sdk,system-api,test-api
Landroid/provider/MediaStore$MediaColumns;->IS_DRM:Ljava/lang/String;,public-api,sdk,system-api,test-api
Landroid/provider/MediaStore$MediaColumns;->IS_FAVORITE:Ljava/lang/String;,public-api,sdk,system-api,test-api
Landroid/provider/MediaStore$MediaColumns;->IS_PENDING:Ljava/lang/String;,public-api,sdk,system-api,test-api
Landroid/provider/MediaStore$MediaColumns;->IS_TRASHED:Ljava/lang/String;,public-api,sdk,system-api,test-api
Landroid/provider/MediaStore$MediaColumns;->MIME_TYPE:Ljava/lang/String;,public-api,sdk,system-api,test-api
Landroid/provider/MediaStore$MediaColumns;->NUM_TRACKS:Ljava/lang/String;,public-api,sdk,system-api,test-api
Landroid/provider/MediaStore$MediaColumns;->ORIENTATION:Ljava/lang/String;,public-api,sdk,system-api,test-api
Landroid/provider/MediaStore$MediaColumns;->ORIGINAL_DOCUMENT_ID:Ljava/lang/String;,public-api,sdk,system-api,test-api
Landroid/provider/MediaStore$MediaColumns;->OWNER_PACKAGE_NAME:Ljava/lang/String;,public-api,sdk,system-api,test-api
Landroid/provider/MediaStore$MediaColumns;->RELATIVE_PATH:Ljava/lang/String;,public-api,sdk,system-api,test-api
Landroid/provider/MediaStore$MediaColumns;->RESOLUTION:Ljava/lang/String;,public-api,sdk,system-api,test-api
Landroid/provider/MediaStore$MediaColumns;->SIZE:Ljava/lang/String;,public-api,sdk,system-api,test-api
Landroid/provider/MediaStore$MediaColumns;->TITLE:Ljava/lang/String;,public-api,sdk,system-api,test-api
Landroid/provider/MediaStore$MediaColumns;->VOLUME_NAME:Ljava/lang/String;,public-api,sdk,system-api,test-api
Landroid/provider/MediaStore$MediaColumns;->WIDTH:Ljava/lang/String;,public-api,sdk,system-api,test-api
Landroid/provider/MediaStore$MediaColumns;->WRITER:Ljava/lang/String;,public-api,sdk,system-api,test-api
Landroid/provider/MediaStore$MediaColumns;->XMP:Ljava/lang/String;,public-api,sdk,system-api,test-api
Landroid/provider/MediaStore$MediaColumns;->YEAR:Ljava/lang/String;,public-api,sdk,system-api,test-api
Landroid/provider/MediaStore$PickerMediaColumns;->DATA:Ljava/lang/String;,public-api,sdk,system-api,test-api
Landroid/provider/MediaStore$PickerMediaColumns;->DATE_TAKEN:Ljava/lang/String;,public-api,sdk,system-api,test-api
Landroid/provider/MediaStore$PickerMediaColumns;->DISPLAY_NAME:Ljava/lang/String;,public-api,sdk,system-api,test-api
Landroid/provider/MediaStore$PickerMediaColumns;->DURATION_MILLIS:Ljava/lang/String;,public-api,sdk,system-api,test-api
Landroid/provider/MediaStore$PickerMediaColumns;->HEIGHT:Ljava/lang/String;,public-api,sdk,system-api,test-api
Landroid/provider/MediaStore$PickerMediaColumns;->MIME_TYPE:Ljava/lang/String;,public-api,sdk,system-api,test-api
Landroid/provider/MediaStore$PickerMediaColumns;->ORIENTATION:Ljava/lang/String;,public-api,sdk,system-api,test-api
Landroid/provider/MediaStore$PickerMediaColumns;->SIZE:Ljava/lang/String;,public-api,sdk,system-api,test-api
Landroid/provider/MediaStore$PickerMediaColumns;->WIDTH:Ljava/lang/String;,public-api,sdk,system-api,test-api
Landroid/provider/MediaStore$Video$Media;-><init>()V,public-api,sdk,system-api,test-api
Landroid/provider/MediaStore$Video$Media;->CONTENT_TYPE:Ljava/lang/String;,public-api,sdk,system-api,test-api
Landroid/provider/MediaStore$Video$Media;->DEFAULT_SORT_ORDER:Ljava/lang/String;,public-api,sdk,system-api,test-api
Landroid/provider/MediaStore$Video$Media;->EXTERNAL_CONTENT_URI:Landroid/net/Uri;,public-api,sdk,system-api,test-api
Landroid/provider/MediaStore$Video$Media;->INTERNAL_CONTENT_URI:Landroid/net/Uri;,public-api,sdk,system-api,test-api
Landroid/provider/MediaStore$Video$Media;->getContentUri(Ljava/lang/String;)Landroid/net/Uri;,public-api,sdk,system-api,test-api
Landroid/provider/MediaStore$Video$Media;->getContentUri(Ljava/lang/String;J)Landroid/net/Uri;,public-api,sdk,system-api,test-api
Landroid/provider/MediaStore$Video$Thumbnails;-><init>()V,public-api,sdk,system-api,test-api
Landroid/provider/MediaStore$Video$Thumbnails;->DATA:Ljava/lang/String;,public-api,sdk,system-api,test-api
Landroid/provider/MediaStore$Video$Thumbnails;->DEFAULT_SORT_ORDER:Ljava/lang/String;,public-api,sdk,system-api,test-api
Landroid/provider/MediaStore$Video$Thumbnails;->EXTERNAL_CONTENT_URI:Landroid/net/Uri;,public-api,sdk,system-api,test-api
Landroid/provider/MediaStore$Video$Thumbnails;->FULL_SCREEN_KIND:I,public-api,sdk,system-api,test-api
Landroid/provider/MediaStore$Video$Thumbnails;->HEIGHT:Ljava/lang/String;,public-api,sdk,system-api,test-api
Landroid/provider/MediaStore$Video$Thumbnails;->INTERNAL_CONTENT_URI:Landroid/net/Uri;,public-api,sdk,system-api,test-api
Landroid/provider/MediaStore$Video$Thumbnails;->KIND:Ljava/lang/String;,public-api,sdk,system-api,test-api
Landroid/provider/MediaStore$Video$Thumbnails;->MICRO_KIND:I,public-api,sdk,system-api,test-api
Landroid/provider/MediaStore$Video$Thumbnails;->MINI_KIND:I,public-api,sdk,system-api,test-api
Landroid/provider/MediaStore$Video$Thumbnails;->VIDEO_ID:Ljava/lang/String;,public-api,sdk,system-api,test-api
Landroid/provider/MediaStore$Video$Thumbnails;->WIDTH:Ljava/lang/String;,public-api,sdk,system-api,test-api
Landroid/provider/MediaStore$Video$Thumbnails;->cancelThumbnailRequest(Landroid/content/ContentResolver;J)V,public-api,sdk,system-api,test-api
Landroid/provider/MediaStore$Video$Thumbnails;->cancelThumbnailRequest(Landroid/content/ContentResolver;JJ)V,public-api,sdk,system-api,test-api
Landroid/provider/MediaStore$Video$Thumbnails;->getContentUri(Ljava/lang/String;)Landroid/net/Uri;,public-api,sdk,system-api,test-api
Landroid/provider/MediaStore$Video$Thumbnails;->getKindSize(I)Landroid/util/Size;,public-api,sdk,system-api,test-api
Landroid/provider/MediaStore$Video$Thumbnails;->getThumbnail(Landroid/content/ContentResolver;JILandroid/graphics/BitmapFactory$Options;)Landroid/graphics/Bitmap;,public-api,sdk,system-api,test-api
Landroid/provider/MediaStore$Video$Thumbnails;->getThumbnail(Landroid/content/ContentResolver;JJILandroid/graphics/BitmapFactory$Options;)Landroid/graphics/Bitmap;,public-api,sdk,system-api,test-api
Landroid/provider/MediaStore$Video$VideoColumns;->ALBUM:Ljava/lang/String;,removed,unsupported
Landroid/provider/MediaStore$Video$VideoColumns;->ARTIST:Ljava/lang/String;,removed,unsupported
Landroid/provider/MediaStore$Video$VideoColumns;->BOOKMARK:Ljava/lang/String;,public-api,sdk,system-api,test-api
Landroid/provider/MediaStore$Video$VideoColumns;->BUCKET_DISPLAY_NAME:Ljava/lang/String;,removed,unsupported
Landroid/provider/MediaStore$Video$VideoColumns;->BUCKET_ID:Ljava/lang/String;,removed,unsupported
Landroid/provider/MediaStore$Video$VideoColumns;->CATEGORY:Ljava/lang/String;,public-api,sdk,system-api,test-api
Landroid/provider/MediaStore$Video$VideoColumns;->COLOR_RANGE:Ljava/lang/String;,public-api,sdk,system-api,test-api
Landroid/provider/MediaStore$Video$VideoColumns;->COLOR_STANDARD:Ljava/lang/String;,public-api,sdk,system-api,test-api
Landroid/provider/MediaStore$Video$VideoColumns;->COLOR_TRANSFER:Ljava/lang/String;,public-api,sdk,system-api,test-api
Landroid/provider/MediaStore$Video$VideoColumns;->DATE_TAKEN:Ljava/lang/String;,removed,unsupported
Landroid/provider/MediaStore$Video$VideoColumns;->DESCRIPTION:Ljava/lang/String;,public-api,sdk,system-api,test-api
Landroid/provider/MediaStore$Video$VideoColumns;->DURATION:Ljava/lang/String;,removed,unsupported
Landroid/provider/MediaStore$Video$VideoColumns;->GROUP_ID:Ljava/lang/String;,removed,unsupported
Landroid/provider/MediaStore$Video$VideoColumns;->IS_PRIVATE:Ljava/lang/String;,public-api,sdk,system-api,test-api
Landroid/provider/MediaStore$Video$VideoColumns;->LANGUAGE:Ljava/lang/String;,public-api,sdk,system-api,test-api
Landroid/provider/MediaStore$Video$VideoColumns;->LATITUDE:Ljava/lang/String;,public-api,sdk,system-api,test-api
Landroid/provider/MediaStore$Video$VideoColumns;->LONGITUDE:Ljava/lang/String;,public-api,sdk,system-api,test-api
Landroid/provider/MediaStore$Video$VideoColumns;->MINI_THUMB_MAGIC:Ljava/lang/String;,public-api,sdk,system-api,test-api
Landroid/provider/MediaStore$Video$VideoColumns;->RESOLUTION:Ljava/lang/String;,removed,unsupported
Landroid/provider/MediaStore$Video$VideoColumns;->TAGS:Ljava/lang/String;,public-api,sdk,system-api,test-api
Landroid/provider/MediaStore$Video;-><init>()V,public-api,sdk,system-api,test-api
Landroid/provider/MediaStore$Video;->DEFAULT_SORT_ORDER:Ljava/lang/String;,public-api,sdk,system-api,test-api
Landroid/provider/MediaStore$Video;->query(Landroid/content/ContentResolver;Landroid/net/Uri;[Ljava/lang/String;)Landroid/database/Cursor;,public-api,sdk,system-api,test-api
Landroid/provider/MediaStore;-><init>()V,public-api,sdk,system-api,test-api
Landroid/provider/MediaStore;->ACTION_IMAGE_CAPTURE:Ljava/lang/String;,public-api,sdk,system-api,test-api
Landroid/provider/MediaStore;->ACTION_IMAGE_CAPTURE_SECURE:Ljava/lang/String;,public-api,sdk,system-api,test-api
Landroid/provider/MediaStore;->ACTION_PICK_IMAGES:Ljava/lang/String;,public-api,sdk,system-api,test-api
Landroid/provider/MediaStore;->ACTION_PICK_IMAGES_SETTINGS:Ljava/lang/String;,public-api,sdk,system-api,test-api
Landroid/provider/MediaStore;->ACTION_REVIEW:Ljava/lang/String;,public-api,sdk,system-api,test-api
Landroid/provider/MediaStore;->ACTION_REVIEW_SECURE:Ljava/lang/String;,public-api,sdk,system-api,test-api
Landroid/provider/MediaStore;->ACTION_USER_SELECT_IMAGES_FOR_APP:Ljava/lang/String;,sdk,system-api,test-api
Landroid/provider/MediaStore;->ACTION_VIDEO_CAPTURE:Ljava/lang/String;,public-api,sdk,system-api,test-api
Landroid/provider/MediaStore;->AUTHORITY:Ljava/lang/String;,public-api,sdk,system-api,test-api
Landroid/provider/MediaStore;->AUTHORITY_LEGACY:Ljava/lang/String;,sdk,system-api,test-api
Landroid/provider/MediaStore;->AUTHORITY_LEGACY_URI:Landroid/net/Uri;,sdk,system-api,test-api
Landroid/provider/MediaStore;->AUTHORITY_URI:Landroid/net/Uri;,public-api,sdk,system-api,test-api
Landroid/provider/MediaStore;->EXTRA_ACCEPT_ORIGINAL_MEDIA_FORMAT:Ljava/lang/String;,public-api,sdk,system-api,test-api
Landroid/provider/MediaStore;->EXTRA_BRIGHTNESS:Ljava/lang/String;,public-api,sdk,system-api,test-api
Landroid/provider/MediaStore;->EXTRA_DURATION_LIMIT:Ljava/lang/String;,public-api,sdk,system-api,test-api
Landroid/provider/MediaStore;->EXTRA_FINISH_ON_COMPLETION:Ljava/lang/String;,public-api,sdk,system-api,test-api
Landroid/provider/MediaStore;->EXTRA_FULL_SCREEN:Ljava/lang/String;,public-api,sdk,system-api,test-api
Landroid/provider/MediaStore;->EXTRA_MEDIA_ALBUM:Ljava/lang/String;,public-api,sdk,system-api,test-api
Landroid/provider/MediaStore;->EXTRA_MEDIA_ARTIST:Ljava/lang/String;,public-api,sdk,system-api,test-api
Landroid/provider/MediaStore;->EXTRA_MEDIA_CAPABILITIES:Ljava/lang/String;,public-api,sdk,system-api,test-api
Landroid/provider/MediaStore;->EXTRA_MEDIA_CAPABILITIES_UID:Ljava/lang/String;,public-api,sdk,system-api,test-api
Landroid/provider/MediaStore;->EXTRA_MEDIA_FOCUS:Ljava/lang/String;,public-api,sdk,system-api,test-api
Landroid/provider/MediaStore;->EXTRA_MEDIA_GENRE:Ljava/lang/String;,public-api,sdk,system-api,test-api
Landroid/provider/MediaStore;->EXTRA_MEDIA_PLAYLIST:Ljava/lang/String;,public-api,sdk,system-api,test-api
Landroid/provider/MediaStore;->EXTRA_MEDIA_RADIO_CHANNEL:Ljava/lang/String;,public-api,sdk,system-api,test-api
Landroid/provider/MediaStore;->EXTRA_MEDIA_TITLE:Ljava/lang/String;,public-api,sdk,system-api,test-api
Landroid/provider/MediaStore;->EXTRA_OUTPUT:Ljava/lang/String;,public-api,sdk,system-api,test-api
Landroid/provider/MediaStore;->EXTRA_PICK_IMAGES_IN_ORDER:Ljava/lang/String;,public-api,sdk,system-api,test-api
Landroid/provider/MediaStore;->EXTRA_PICK_IMAGES_MAX:Ljava/lang/String;,public-api,sdk,system-api,test-api
Landroid/provider/MediaStore;->EXTRA_SCREEN_ORIENTATION:Ljava/lang/String;,public-api,sdk,system-api,test-api
Landroid/provider/MediaStore;->EXTRA_SHOW_ACTION_ICONS:Ljava/lang/String;,public-api,sdk,system-api,test-api
Landroid/provider/MediaStore;->EXTRA_SIZE_LIMIT:Ljava/lang/String;,public-api,sdk,system-api,test-api
Landroid/provider/MediaStore;->EXTRA_VIDEO_QUALITY:Ljava/lang/String;,public-api,sdk,system-api,test-api
Landroid/provider/MediaStore;->INTENT_ACTION_MEDIA_PLAY_FROM_SEARCH:Ljava/lang/String;,public-api,sdk,system-api,test-api
Landroid/provider/MediaStore;->INTENT_ACTION_MEDIA_SEARCH:Ljava/lang/String;,public-api,sdk,system-api,test-api
Landroid/provider/MediaStore;->INTENT_ACTION_MUSIC_PLAYER:Ljava/lang/String;,public-api,sdk,system-api,test-api
Landroid/provider/MediaStore;->INTENT_ACTION_STILL_IMAGE_CAMERA:Ljava/lang/String;,public-api,sdk,system-api,test-api
Landroid/provider/MediaStore;->INTENT_ACTION_STILL_IMAGE_CAMERA_SECURE:Ljava/lang/String;,public-api,sdk,system-api,test-api
Landroid/provider/MediaStore;->INTENT_ACTION_TEXT_OPEN_FROM_SEARCH:Ljava/lang/String;,public-api,sdk,system-api,test-api
Landroid/provider/MediaStore;->INTENT_ACTION_VIDEO_CAMERA:Ljava/lang/String;,public-api,sdk,system-api,test-api
Landroid/provider/MediaStore;->INTENT_ACTION_VIDEO_PLAY_FROM_SEARCH:Ljava/lang/String;,public-api,sdk,system-api,test-api
Landroid/provider/MediaStore;->MATCH_DEFAULT:I,public-api,sdk,system-api,test-api
Landroid/provider/MediaStore;->MATCH_EXCLUDE:I,public-api,sdk,system-api,test-api
Landroid/provider/MediaStore;->MATCH_INCLUDE:I,public-api,sdk,system-api,test-api
Landroid/provider/MediaStore;->MATCH_ONLY:I,public-api,sdk,system-api,test-api
Landroid/provider/MediaStore;->MEDIA_IGNORE_FILENAME:Ljava/lang/String;,public-api,sdk,system-api,test-api
Landroid/provider/MediaStore;->MEDIA_SCANNER_VOLUME:Ljava/lang/String;,public-api,sdk,system-api,test-api
Landroid/provider/MediaStore;->META_DATA_REVIEW_GALLERY_PREWARM_SERVICE:Ljava/lang/String;,public-api,sdk,system-api,test-api
Landroid/provider/MediaStore;->META_DATA_STILL_IMAGE_CAMERA_PREWARM_SERVICE:Ljava/lang/String;,public-api,sdk,system-api,test-api
Landroid/provider/MediaStore;->PARAM_DELETE_DATA:Ljava/lang/String;,lo-prio,max-target-o
Landroid/provider/MediaStore;->QUERY_ARG_DEFER_SCAN:Ljava/lang/String;,sdk,system-api,test-api
Landroid/provider/MediaStore;->QUERY_ARG_INCLUDE_RECENTLY_UNMOUNTED_VOLUMES:Ljava/lang/String;,public-api,sdk,system-api,test-api
Landroid/provider/MediaStore;->QUERY_ARG_MATCH_FAVORITE:Ljava/lang/String;,public-api,sdk,system-api,test-api
Landroid/provider/MediaStore;->QUERY_ARG_MATCH_PENDING:Ljava/lang/String;,public-api,sdk,system-api,test-api
Landroid/provider/MediaStore;->QUERY_ARG_MATCH_TRASHED:Ljava/lang/String;,public-api,sdk,system-api,test-api
Landroid/provider/MediaStore;->QUERY_ARG_RELATED_URI:Ljava/lang/String;,public-api,sdk,system-api,test-api
Landroid/provider/MediaStore;->TAG:Ljava/lang/String;,lo-prio,max-target-o
Landroid/provider/MediaStore;->UNKNOWN_STRING:Ljava/lang/String;,public-api,sdk,system-api,test-api
Landroid/provider/MediaStore;->VOLUME_EXTERNAL:Ljava/lang/String;,public-api,sdk,system-api,test-api
Landroid/provider/MediaStore;->VOLUME_EXTERNAL_PRIMARY:Ljava/lang/String;,public-api,sdk,system-api,test-api
Landroid/provider/MediaStore;->VOLUME_INTERNAL:Ljava/lang/String;,public-api,sdk,system-api,test-api
Landroid/provider/MediaStore;->canManageMedia(Landroid/content/Context;)Z,public-api,sdk,system-api,test-api
Landroid/provider/MediaStore;->createDeleteRequest(Landroid/content/ContentResolver;Ljava/util/Collection;)Landroid/app/PendingIntent;,public-api,sdk,system-api,test-api
Landroid/provider/MediaStore;->createFavoriteRequest(Landroid/content/ContentResolver;Ljava/util/Collection;Z)Landroid/app/PendingIntent;,public-api,sdk,system-api,test-api
Landroid/provider/MediaStore;->createTrashRequest(Landroid/content/ContentResolver;Ljava/util/Collection;Z)Landroid/app/PendingIntent;,public-api,sdk,system-api,test-api
Landroid/provider/MediaStore;->createWriteRequest(Landroid/content/ContentResolver;Ljava/util/Collection;)Landroid/app/PendingIntent;,public-api,sdk,system-api,test-api
Landroid/provider/MediaStore;->getDocumentUri(Landroid/content/Context;Landroid/net/Uri;)Landroid/net/Uri;,public-api,sdk,system-api,test-api
Landroid/provider/MediaStore;->getExternalVolumeNames(Landroid/content/Context;)Ljava/util/Set;,public-api,sdk,system-api,test-api
Landroid/provider/MediaStore;->getGeneration(Landroid/content/Context;Ljava/lang/String;)J,public-api,sdk,system-api,test-api
Landroid/provider/MediaStore;->getMediaScannerUri()Landroid/net/Uri;,public-api,sdk,system-api,test-api
Landroid/provider/MediaStore;->getMediaUri(Landroid/content/Context;Landroid/net/Uri;)Landroid/net/Uri;,public-api,sdk,system-api,test-api
Landroid/provider/MediaStore;->getOriginalMediaFormatFileDescriptor(Landroid/content/Context;Landroid/os/ParcelFileDescriptor;)Landroid/os/ParcelFileDescriptor;,public-api,sdk,system-api,test-api
Landroid/provider/MediaStore;->getPickImagesMaxLimit()I,public-api,sdk,system-api,test-api
Landroid/provider/MediaStore;->getRecentExternalVolumeNames(Landroid/content/Context;)Ljava/util/Set;,public-api,sdk,system-api,test-api
Landroid/provider/MediaStore;->getRedactedUri(Landroid/content/ContentResolver;Landroid/net/Uri;)Landroid/net/Uri;,public-api,sdk,system-api,test-api
Landroid/provider/MediaStore;->getRedactedUri(Landroid/content/ContentResolver;Ljava/util/List;)Ljava/util/List;,public-api,sdk,system-api,test-api
Landroid/provider/MediaStore;->getRequireOriginal(Landroid/net/Uri;)Z,public-api,sdk,system-api,test-api
Landroid/provider/MediaStore;->getVersion(Landroid/content/Context;)Ljava/lang/String;,public-api,sdk,system-api,test-api
Landroid/provider/MediaStore;->getVersion(Landroid/content/Context;Ljava/lang/String;)Ljava/lang/String;,public-api,sdk,system-api,test-api
Landroid/provider/MediaStore;->getVolumeName(Landroid/net/Uri;)Ljava/lang/String;,public-api,sdk,system-api,test-api
Landroid/provider/MediaStore;->isCurrentCloudMediaProviderAuthority(Landroid/content/ContentResolver;Ljava/lang/String;)Z,public-api,sdk,system-api,test-api
Landroid/provider/MediaStore;->isCurrentSystemGallery(Landroid/content/ContentResolver;ILjava/lang/String;)Z,public-api,sdk,system-api,test-api
Landroid/provider/MediaStore;->isSupportedCloudMediaProviderAuthority(Landroid/content/ContentResolver;Ljava/lang/String;)Z,public-api,sdk,system-api,test-api
Landroid/provider/MediaStore;->notifyCloudMediaChangedEvent(Landroid/content/ContentResolver;Ljava/lang/String;Ljava/lang/String;)V,public-api,sdk,system-api,test-api
Landroid/provider/MediaStore;->rewriteToLegacy(Landroid/net/Uri;)Landroid/net/Uri;,sdk,system-api,test-api
Landroid/provider/MediaStore;->scanFile(Landroid/content/ContentResolver;Ljava/io/File;)Landroid/net/Uri;,sdk,system-api,test-api
Landroid/provider/MediaStore;->scanVolume(Landroid/content/ContentResolver;Ljava/lang/String;)V,sdk,system-api,test-api
Landroid/provider/MediaStore;->setIncludePending(Landroid/net/Uri;)Landroid/net/Uri;,public-api,sdk,system-api,test-api
Landroid/provider/MediaStore;->setRequireOriginal(Landroid/net/Uri;)Landroid/net/Uri;,public-api,sdk,system-api,test-api
Landroid/provider/MediaStore;->waitForIdle(Landroid/content/ContentResolver;)V,sdk,system-api,test-api
