Landroid/app/ondevicepersonalization/IOnDevicePersonalizationSystemService$Default;->asBinder()Landroid/os/IBinder;,public-api,sdk,system-api,test-api
Landroid/app/ondevicepersonalization/IOnDevicePersonalizationSystemService$Stub$Proxy;->asBinder()Landroid/os/IBinder;,public-api,sdk,system-api,test-api
Landroid/app/ondevicepersonalization/IOnDevicePersonalizationSystemService$Stub;->asBinder()Landroid/os/IBinder;,public-api,sdk,system-api,test-api
Landroid/app/ondevicepersonalization/IOnDevicePersonalizationSystemService$Stub;->onTransact(ILandroid/os/Parcel;Landroid/os/Parcel;I)Z,public-api,sdk,system-api,test-api
Landroid/app/ondevicepersonalization/IOnDevicePersonalizationSystemServiceCallback$Default;->asBinder()Landroid/os/IBinder;,public-api,sdk,system-api,test-api
Landroid/app/ondevicepersonalization/IOnDevicePersonalizationSystemServiceCallback$Stub$Proxy;->asBinder()Landroid/os/IBinder;,public-api,sdk,system-api,test-api
Landroid/app/ondevicepersonalization/IOnDevicePersonalizationSystemServiceCallback$Stub;->asBinder()Landroid/os/IBinder;,public-api,sdk,system-api,test-api
Landroid/app/ondevicepersonalization/IOnDevicePersonalizationSystemServiceCallback$Stub;->onTransact(ILandroid/os/Parcel;Landroid/os/Parcel;I)Z,public-api,sdk,system-api,test-api
Landroid/federatedcompute/ExampleStoreIterator;->close()V,core-platform-api,public-api,sdk,system-api,test-api
Landroid/federatedcompute/ExampleStoreService;->onBind(Landroid/content/Intent;)Landroid/os/IBinder;,public-api,sdk,system-api,test-api
Landroid/federatedcompute/ExampleStoreService;->onCreate()V,public-api,sdk,system-api,test-api
Landroid/federatedcompute/FederatedComputeManager$$ExternalSyntheticLambda0;->run()V,core-platform-api,public-api,sdk,system-api,test-api
Landroid/federatedcompute/FederatedComputeManager$1$$ExternalSyntheticLambda0;->run()V,core-platform-api,public-api,sdk,system-api,test-api
Landroid/federatedcompute/FederatedComputeManager$1$$ExternalSyntheticLambda1;->run()V,core-platform-api,public-api,sdk,system-api,test-api
Landroid/federatedcompute/FederatedComputeManager$FederatedComputeServiceConnection;->onBindingDied(Landroid/content/ComponentName;)V,public-api,sdk,system-api,test-api
Landroid/federatedcompute/FederatedComputeManager$FederatedComputeServiceConnection;->onNullBinding(Landroid/content/ComponentName;)V,public-api,sdk,system-api,test-api
Landroid/federatedcompute/FederatedComputeManager$FederatedComputeServiceConnection;->onServiceConnected(Landroid/content/ComponentName;Landroid/os/IBinder;)V,public-api,sdk,system-api,test-api
Landroid/federatedcompute/FederatedComputeManager$FederatedComputeServiceConnection;->onServiceDisconnected(Landroid/content/ComponentName;)V,public-api,sdk,system-api,test-api
Landroid/federatedcompute/ResultHandlingService$ResultHandlingCallback;->accept(Ljava/lang/Object;)V,core-platform-api,public-api,sdk,system-api,test-api
Landroid/federatedcompute/ResultHandlingService;->onBind(Landroid/content/Intent;)Landroid/os/IBinder;,public-api,sdk,system-api,test-api
Landroid/federatedcompute/ResultHandlingService;->onCreate()V,public-api,sdk,system-api,test-api
Landroid/federatedcompute/aidl/IExampleStoreCallback$Default;->asBinder()Landroid/os/IBinder;,public-api,sdk,system-api,test-api
Landroid/federatedcompute/aidl/IExampleStoreCallback$Stub$Proxy;->asBinder()Landroid/os/IBinder;,public-api,sdk,system-api,test-api
Landroid/federatedcompute/aidl/IExampleStoreCallback$Stub;->asBinder()Landroid/os/IBinder;,public-api,sdk,system-api,test-api
Landroid/federatedcompute/aidl/IExampleStoreCallback$Stub;->onTransact(ILandroid/os/Parcel;Landroid/os/Parcel;I)Z,public-api,sdk,system-api,test-api
Landroid/federatedcompute/aidl/IExampleStoreIterator$Default;->asBinder()Landroid/os/IBinder;,public-api,sdk,system-api,test-api
Landroid/federatedcompute/aidl/IExampleStoreIterator$Stub$Proxy;->asBinder()Landroid/os/IBinder;,public-api,sdk,system-api,test-api
Landroid/federatedcompute/aidl/IExampleStoreIterator$Stub;->asBinder()Landroid/os/IBinder;,public-api,sdk,system-api,test-api
Landroid/federatedcompute/aidl/IExampleStoreIterator$Stub;->onTransact(ILandroid/os/Parcel;Landroid/os/Parcel;I)Z,public-api,sdk,system-api,test-api
Landroid/federatedcompute/aidl/IExampleStoreIteratorCallback$Default;->asBinder()Landroid/os/IBinder;,public-api,sdk,system-api,test-api
Landroid/federatedcompute/aidl/IExampleStoreIteratorCallback$Stub$Proxy;->asBinder()Landroid/os/IBinder;,public-api,sdk,system-api,test-api
Landroid/federatedcompute/aidl/IExampleStoreIteratorCallback$Stub;->asBinder()Landroid/os/IBinder;,public-api,sdk,system-api,test-api
Landroid/federatedcompute/aidl/IExampleStoreIteratorCallback$Stub;->onTransact(ILandroid/os/Parcel;Landroid/os/Parcel;I)Z,public-api,sdk,system-api,test-api
Landroid/federatedcompute/aidl/IExampleStoreService$Default;->asBinder()Landroid/os/IBinder;,public-api,sdk,system-api,test-api
Landroid/federatedcompute/aidl/IExampleStoreService$Stub$Proxy;->asBinder()Landroid/os/IBinder;,public-api,sdk,system-api,test-api
Landroid/federatedcompute/aidl/IExampleStoreService$Stub;->asBinder()Landroid/os/IBinder;,public-api,sdk,system-api,test-api
Landroid/federatedcompute/aidl/IExampleStoreService$Stub;->onTransact(ILandroid/os/Parcel;Landroid/os/Parcel;I)Z,public-api,sdk,system-api,test-api
Landroid/federatedcompute/aidl/IFederatedComputeCallback$Default;->asBinder()Landroid/os/IBinder;,public-api,sdk,system-api,test-api
Landroid/federatedcompute/aidl/IFederatedComputeCallback$Stub$Proxy;->asBinder()Landroid/os/IBinder;,public-api,sdk,system-api,test-api
Landroid/federatedcompute/aidl/IFederatedComputeCallback$Stub;->asBinder()Landroid/os/IBinder;,public-api,sdk,system-api,test-api
Landroid/federatedcompute/aidl/IFederatedComputeCallback$Stub;->onTransact(ILandroid/os/Parcel;Landroid/os/Parcel;I)Z,public-api,sdk,system-api,test-api
Landroid/federatedcompute/aidl/IFederatedComputeService$Default;->asBinder()Landroid/os/IBinder;,public-api,sdk,system-api,test-api
Landroid/federatedcompute/aidl/IFederatedComputeService$Stub$Proxy;->asBinder()Landroid/os/IBinder;,public-api,sdk,system-api,test-api
Landroid/federatedcompute/aidl/IFederatedComputeService$Stub;->asBinder()Landroid/os/IBinder;,public-api,sdk,system-api,test-api
Landroid/federatedcompute/aidl/IFederatedComputeService$Stub;->onTransact(ILandroid/os/Parcel;Landroid/os/Parcel;I)Z,public-api,sdk,system-api,test-api
Landroid/federatedcompute/aidl/IResultHandlingService$Default;->asBinder()Landroid/os/IBinder;,public-api,sdk,system-api,test-api
Landroid/federatedcompute/aidl/IResultHandlingService$Stub$Proxy;->asBinder()Landroid/os/IBinder;,public-api,sdk,system-api,test-api
Landroid/federatedcompute/aidl/IResultHandlingService$Stub;->asBinder()Landroid/os/IBinder;,public-api,sdk,system-api,test-api
Landroid/federatedcompute/aidl/IResultHandlingService$Stub;->onTransact(ILandroid/os/Parcel;Landroid/os/Parcel;I)Z,public-api,sdk,system-api,test-api
Landroid/federatedcompute/common/ExampleConsumption$1;->createFromParcel(Landroid/os/Parcel;)Ljava/lang/Object;,public-api,sdk,system-api,test-api
Landroid/federatedcompute/common/ExampleConsumption$1;->newArray(I)[Ljava/lang/Object;,public-api,sdk,system-api,test-api
Landroid/federatedcompute/common/ExampleConsumption;->describeContents()I,public-api,sdk,system-api,test-api
Landroid/federatedcompute/common/ExampleConsumption;->equals(Ljava/lang/Object;)Z,core-platform-api,public-api,sdk,system-api,test-api
Landroid/federatedcompute/common/ExampleConsumption;->hashCode()I,core-platform-api,public-api,sdk,system-api,test-api
Landroid/federatedcompute/common/ExampleConsumption;->writeToParcel(Landroid/os/Parcel;I)V,public-api,sdk,system-api,test-api
Landroid/federatedcompute/common/ScheduleFederatedComputeRequest;->equals(Ljava/lang/Object;)Z,core-platform-api,public-api,sdk,system-api,test-api
Landroid/federatedcompute/common/ScheduleFederatedComputeRequest;->hashCode()I,core-platform-api,public-api,sdk,system-api,test-api
Landroid/federatedcompute/common/TrainingInterval$1;->createFromParcel(Landroid/os/Parcel;)Ljava/lang/Object;,public-api,sdk,system-api,test-api
Landroid/federatedcompute/common/TrainingInterval$1;->newArray(I)[Ljava/lang/Object;,public-api,sdk,system-api,test-api
Landroid/federatedcompute/common/TrainingInterval;->describeContents()I,public-api,sdk,system-api,test-api
Landroid/federatedcompute/common/TrainingInterval;->equals(Ljava/lang/Object;)Z,core-platform-api,public-api,sdk,system-api,test-api
Landroid/federatedcompute/common/TrainingInterval;->hashCode()I,core-platform-api,public-api,sdk,system-api,test-api
Landroid/federatedcompute/common/TrainingInterval;->writeToParcel(Landroid/os/Parcel;I)V,public-api,sdk,system-api,test-api
Landroid/federatedcompute/common/TrainingOptions$1;->createFromParcel(Landroid/os/Parcel;)Ljava/lang/Object;,public-api,sdk,system-api,test-api
Landroid/federatedcompute/common/TrainingOptions$1;->newArray(I)[Ljava/lang/Object;,public-api,sdk,system-api,test-api
Landroid/federatedcompute/common/TrainingOptions;->describeContents()I,public-api,sdk,system-api,test-api
Landroid/federatedcompute/common/TrainingOptions;->equals(Ljava/lang/Object;)Z,core-platform-api,public-api,sdk,system-api,test-api
Landroid/federatedcompute/common/TrainingOptions;->hashCode()I,core-platform-api,public-api,sdk,system-api,test-api
Landroid/federatedcompute/common/TrainingOptions;->writeToParcel(Landroid/os/Parcel;I)V,public-api,sdk,system-api,test-api
Landroid/ondevicepersonalization/AppInstallStatus$1;->createFromParcel(Landroid/os/Parcel;)Ljava/lang/Object;,public-api,sdk,system-api,test-api
Landroid/ondevicepersonalization/AppInstallStatus$1;->newArray(I)[Ljava/lang/Object;,public-api,sdk,system-api,test-api
Landroid/ondevicepersonalization/AppInstallStatus;->describeContents()I,public-api,sdk,system-api,test-api
Landroid/ondevicepersonalization/AppInstallStatus;->equals(Ljava/lang/Object;)Z,core-platform-api,public-api,sdk,system-api,test-api
Landroid/ondevicepersonalization/AppInstallStatus;->hashCode()I,core-platform-api,public-api,sdk,system-api,test-api
Landroid/ondevicepersonalization/AppInstallStatus;->writeToParcel(Landroid/os/Parcel;I)V,public-api,sdk,system-api,test-api
Landroid/ondevicepersonalization/AppUsageStatus$1;->createFromParcel(Landroid/os/Parcel;)Ljava/lang/Object;,public-api,sdk,system-api,test-api
Landroid/ondevicepersonalization/AppUsageStatus$1;->newArray(I)[Ljava/lang/Object;,public-api,sdk,system-api,test-api
Landroid/ondevicepersonalization/AppUsageStatus;->describeContents()I,public-api,sdk,system-api,test-api
Landroid/ondevicepersonalization/AppUsageStatus;->equals(Ljava/lang/Object;)Z,core-platform-api,public-api,sdk,system-api,test-api
Landroid/ondevicepersonalization/AppUsageStatus;->hashCode()I,core-platform-api,public-api,sdk,system-api,test-api
Landroid/ondevicepersonalization/AppUsageStatus;->writeToParcel(Landroid/os/Parcel;I)V,public-api,sdk,system-api,test-api
Landroid/ondevicepersonalization/Bid$1;->createFromParcel(Landroid/os/Parcel;)Ljava/lang/Object;,public-api,sdk,system-api,test-api
Landroid/ondevicepersonalization/Bid$1;->newArray(I)[Ljava/lang/Object;,public-api,sdk,system-api,test-api
Landroid/ondevicepersonalization/Bid;->describeContents()I,public-api,sdk,system-api,test-api
Landroid/ondevicepersonalization/Bid;->equals(Ljava/lang/Object;)Z,core-platform-api,public-api,sdk,system-api,test-api
Landroid/ondevicepersonalization/Bid;->hashCode()I,core-platform-api,public-api,sdk,system-api,test-api
Landroid/ondevicepersonalization/Bid;->writeToParcel(Landroid/os/Parcel;I)V,public-api,sdk,system-api,test-api
Landroid/ondevicepersonalization/DeviceMetrics$1;->createFromParcel(Landroid/os/Parcel;)Ljava/lang/Object;,public-api,sdk,system-api,test-api
Landroid/ondevicepersonalization/DeviceMetrics$1;->newArray(I)[Ljava/lang/Object;,public-api,sdk,system-api,test-api
Landroid/ondevicepersonalization/DeviceMetrics;->describeContents()I,public-api,sdk,system-api,test-api
Landroid/ondevicepersonalization/DeviceMetrics;->equals(Ljava/lang/Object;)Z,core-platform-api,public-api,sdk,system-api,test-api
Landroid/ondevicepersonalization/DeviceMetrics;->hashCode()I,core-platform-api,public-api,sdk,system-api,test-api
Landroid/ondevicepersonalization/DeviceMetrics;->writeToParcel(Landroid/os/Parcel;I)V,public-api,sdk,system-api,test-api
Landroid/ondevicepersonalization/DownloadInput;->equals(Ljava/lang/Object;)Z,core-platform-api,public-api,sdk,system-api,test-api
Landroid/ondevicepersonalization/DownloadInput;->hashCode()I,core-platform-api,public-api,sdk,system-api,test-api
Landroid/ondevicepersonalization/DownloadInputParcel$1;->createFromParcel(Landroid/os/Parcel;)Ljava/lang/Object;,public-api,sdk,system-api,test-api
Landroid/ondevicepersonalization/DownloadInputParcel$1;->newArray(I)[Ljava/lang/Object;,public-api,sdk,system-api,test-api
Landroid/ondevicepersonalization/DownloadInputParcel;->describeContents()I,public-api,sdk,system-api,test-api
Landroid/ondevicepersonalization/DownloadInputParcel;->equals(Ljava/lang/Object;)Z,core-platform-api,public-api,sdk,system-api,test-api
Landroid/ondevicepersonalization/DownloadInputParcel;->hashCode()I,core-platform-api,public-api,sdk,system-api,test-api
Landroid/ondevicepersonalization/DownloadInputParcel;->writeToParcel(Landroid/os/Parcel;I)V,public-api,sdk,system-api,test-api
Landroid/ondevicepersonalization/DownloadOutput$1;->createFromParcel(Landroid/os/Parcel;)Ljava/lang/Object;,public-api,sdk,system-api,test-api
Landroid/ondevicepersonalization/DownloadOutput$1;->newArray(I)[Ljava/lang/Object;,public-api,sdk,system-api,test-api
Landroid/ondevicepersonalization/DownloadOutput;->describeContents()I,public-api,sdk,system-api,test-api
Landroid/ondevicepersonalization/DownloadOutput;->equals(Ljava/lang/Object;)Z,core-platform-api,public-api,sdk,system-api,test-api
Landroid/ondevicepersonalization/DownloadOutput;->hashCode()I,core-platform-api,public-api,sdk,system-api,test-api
Landroid/ondevicepersonalization/DownloadOutput;->writeToParcel(Landroid/os/Parcel;I)V,public-api,sdk,system-api,test-api
Landroid/ondevicepersonalization/EventInput$1;->createFromParcel(Landroid/os/Parcel;)Ljava/lang/Object;,public-api,sdk,system-api,test-api
Landroid/ondevicepersonalization/EventInput$1;->newArray(I)[Ljava/lang/Object;,public-api,sdk,system-api,test-api
Landroid/ondevicepersonalization/EventInput;->describeContents()I,public-api,sdk,system-api,test-api
Landroid/ondevicepersonalization/EventInput;->equals(Ljava/lang/Object;)Z,core-platform-api,public-api,sdk,system-api,test-api
Landroid/ondevicepersonalization/EventInput;->hashCode()I,core-platform-api,public-api,sdk,system-api,test-api
Landroid/ondevicepersonalization/EventInput;->writeToParcel(Landroid/os/Parcel;I)V,public-api,sdk,system-api,test-api
Landroid/ondevicepersonalization/EventOutput$1;->createFromParcel(Landroid/os/Parcel;)Ljava/lang/Object;,public-api,sdk,system-api,test-api
Landroid/ondevicepersonalization/EventOutput$1;->newArray(I)[Ljava/lang/Object;,public-api,sdk,system-api,test-api
Landroid/ondevicepersonalization/EventOutput;->describeContents()I,public-api,sdk,system-api,test-api
Landroid/ondevicepersonalization/EventOutput;->equals(Ljava/lang/Object;)Z,core-platform-api,public-api,sdk,system-api,test-api
Landroid/ondevicepersonalization/EventOutput;->hashCode()I,core-platform-api,public-api,sdk,system-api,test-api
Landroid/ondevicepersonalization/EventOutput;->writeToParcel(Landroid/os/Parcel;I)V,public-api,sdk,system-api,test-api
Landroid/ondevicepersonalization/EventUrlOptions;->equals(Ljava/lang/Object;)Z,core-platform-api,public-api,sdk,system-api,test-api
Landroid/ondevicepersonalization/EventUrlOptions;->hashCode()I,core-platform-api,public-api,sdk,system-api,test-api
Landroid/ondevicepersonalization/ExecuteInput$1;->createFromParcel(Landroid/os/Parcel;)Ljava/lang/Object;,public-api,sdk,system-api,test-api
Landroid/ondevicepersonalization/ExecuteInput$1;->newArray(I)[Ljava/lang/Object;,public-api,sdk,system-api,test-api
Landroid/ondevicepersonalization/ExecuteInput;->describeContents()I,public-api,sdk,system-api,test-api
Landroid/ondevicepersonalization/ExecuteInput;->equals(Ljava/lang/Object;)Z,core-platform-api,public-api,sdk,system-api,test-api
Landroid/ondevicepersonalization/ExecuteInput;->hashCode()I,core-platform-api,public-api,sdk,system-api,test-api
Landroid/ondevicepersonalization/ExecuteInput;->writeToParcel(Landroid/os/Parcel;I)V,public-api,sdk,system-api,test-api
Landroid/ondevicepersonalization/ExecuteOutput$1;->createFromParcel(Landroid/os/Parcel;)Ljava/lang/Object;,public-api,sdk,system-api,test-api
Landroid/ondevicepersonalization/ExecuteOutput$1;->newArray(I)[Ljava/lang/Object;,public-api,sdk,system-api,test-api
Landroid/ondevicepersonalization/ExecuteOutput;->describeContents()I,public-api,sdk,system-api,test-api
Landroid/ondevicepersonalization/ExecuteOutput;->equals(Ljava/lang/Object;)Z,core-platform-api,public-api,sdk,system-api,test-api
Landroid/ondevicepersonalization/ExecuteOutput;->hashCode()I,core-platform-api,public-api,sdk,system-api,test-api
Landroid/ondevicepersonalization/ExecuteOutput;->writeToParcel(Landroid/os/Parcel;I)V,public-api,sdk,system-api,test-api
Landroid/ondevicepersonalization/IsolatedComputationService$WrappedCallback;->accept(Ljava/lang/Object;)V,core-platform-api,public-api,sdk,system-api,test-api
Landroid/ondevicepersonalization/IsolatedComputationService;->onBind(Landroid/content/Intent;)Landroid/os/IBinder;,public-api,sdk,system-api,test-api
Landroid/ondevicepersonalization/IsolatedComputationService;->onCreate()V,public-api,sdk,system-api,test-api
Landroid/ondevicepersonalization/Location$1;->createFromParcel(Landroid/os/Parcel;)Ljava/lang/Object;,public-api,sdk,system-api,test-api
Landroid/ondevicepersonalization/Location$1;->newArray(I)[Ljava/lang/Object;,public-api,sdk,system-api,test-api
Landroid/ondevicepersonalization/Location;->describeContents()I,public-api,sdk,system-api,test-api
Landroid/ondevicepersonalization/Location;->equals(Ljava/lang/Object;)Z,core-platform-api,public-api,sdk,system-api,test-api
Landroid/ondevicepersonalization/Location;->hashCode()I,core-platform-api,public-api,sdk,system-api,test-api
Landroid/ondevicepersonalization/Location;->writeToParcel(Landroid/os/Parcel;I)V,public-api,sdk,system-api,test-api
Landroid/ondevicepersonalization/LocationStatus$1;->createFromParcel(Landroid/os/Parcel;)Ljava/lang/Object;,public-api,sdk,system-api,test-api
Landroid/ondevicepersonalization/LocationStatus$1;->newArray(I)[Ljava/lang/Object;,public-api,sdk,system-api,test-api
Landroid/ondevicepersonalization/LocationStatus;->describeContents()I,public-api,sdk,system-api,test-api
Landroid/ondevicepersonalization/LocationStatus;->equals(Ljava/lang/Object;)Z,core-platform-api,public-api,sdk,system-api,test-api
Landroid/ondevicepersonalization/LocationStatus;->hashCode()I,core-platform-api,public-api,sdk,system-api,test-api
Landroid/ondevicepersonalization/LocationStatus;->writeToParcel(Landroid/os/Parcel;I)V,public-api,sdk,system-api,test-api
Landroid/ondevicepersonalization/Metrics$1;->createFromParcel(Landroid/os/Parcel;)Ljava/lang/Object;,public-api,sdk,system-api,test-api
Landroid/ondevicepersonalization/Metrics$1;->newArray(I)[Ljava/lang/Object;,public-api,sdk,system-api,test-api
Landroid/ondevicepersonalization/Metrics;->describeContents()I,public-api,sdk,system-api,test-api
Landroid/ondevicepersonalization/Metrics;->equals(Ljava/lang/Object;)Z,core-platform-api,public-api,sdk,system-api,test-api
Landroid/ondevicepersonalization/Metrics;->hashCode()I,core-platform-api,public-api,sdk,system-api,test-api
Landroid/ondevicepersonalization/Metrics;->writeToParcel(Landroid/os/Parcel;I)V,public-api,sdk,system-api,test-api
Landroid/ondevicepersonalization/OSVersion$1;->createFromParcel(Landroid/os/Parcel;)Ljava/lang/Object;,public-api,sdk,system-api,test-api
Landroid/ondevicepersonalization/OSVersion$1;->newArray(I)[Ljava/lang/Object;,public-api,sdk,system-api,test-api
Landroid/ondevicepersonalization/OSVersion;->describeContents()I,public-api,sdk,system-api,test-api
Landroid/ondevicepersonalization/OSVersion;->equals(Ljava/lang/Object;)Z,core-platform-api,public-api,sdk,system-api,test-api
Landroid/ondevicepersonalization/OSVersion;->hashCode()I,core-platform-api,public-api,sdk,system-api,test-api
Landroid/ondevicepersonalization/OSVersion;->writeToParcel(Landroid/os/Parcel;I)V,public-api,sdk,system-api,test-api
Landroid/ondevicepersonalization/OnDevicePersonalizationContextImpl$1$$ExternalSyntheticLambda0;->run()V,core-platform-api,public-api,sdk,system-api,test-api
Landroid/ondevicepersonalization/OnDevicePersonalizationContextImpl$1$$ExternalSyntheticLambda1;->run()V,core-platform-api,public-api,sdk,system-api,test-api
Landroid/ondevicepersonalization/OnDevicePersonalizationFrameworkInitializer$$ExternalSyntheticLambda0;->createService(Landroid/content/Context;)Ljava/lang/Object;,sdk,system-api,test-api
Landroid/ondevicepersonalization/OnDevicePersonalizationFrameworkInitializer$$ExternalSyntheticLambda1;->createService(Landroid/content/Context;)Ljava/lang/Object;,sdk,system-api,test-api
Landroid/ondevicepersonalization/OnDevicePersonalizationFrameworkInitializer$$ExternalSyntheticLambda2;->createService(Landroid/os/IBinder;)Ljava/lang/Object;,sdk,system-api,test-api
Landroid/ondevicepersonalization/OnDevicePersonalizationManager$1;->onNullBinding(Landroid/content/ComponentName;)V,public-api,sdk,system-api,test-api
Landroid/ondevicepersonalization/OnDevicePersonalizationManager$1;->onServiceConnected(Landroid/content/ComponentName;Landroid/os/IBinder;)V,public-api,sdk,system-api,test-api
Landroid/ondevicepersonalization/OnDevicePersonalizationManager$1;->onServiceDisconnected(Landroid/content/ComponentName;)V,public-api,sdk,system-api,test-api
Landroid/ondevicepersonalization/OnDevicePersonalizationManager$2$$ExternalSyntheticLambda0;->run()V,core-platform-api,public-api,sdk,system-api,test-api
Landroid/ondevicepersonalization/OnDevicePersonalizationManager$2$$ExternalSyntheticLambda1;->run()V,core-platform-api,public-api,sdk,system-api,test-api
Landroid/ondevicepersonalization/OnDevicePersonalizationManager$3$$ExternalSyntheticLambda0;->run()V,core-platform-api,public-api,sdk,system-api,test-api
Landroid/ondevicepersonalization/OnDevicePersonalizationManager$3$$ExternalSyntheticLambda1;->run()V,core-platform-api,public-api,sdk,system-api,test-api
Landroid/ondevicepersonalization/OnDevicePersonalizationPrivacyStatusManager$1;->onNullBinding(Landroid/content/ComponentName;)V,public-api,sdk,system-api,test-api
Landroid/ondevicepersonalization/OnDevicePersonalizationPrivacyStatusManager$1;->onServiceConnected(Landroid/content/ComponentName;Landroid/os/IBinder;)V,public-api,sdk,system-api,test-api
Landroid/ondevicepersonalization/OnDevicePersonalizationPrivacyStatusManager$1;->onServiceDisconnected(Landroid/content/ComponentName;)V,public-api,sdk,system-api,test-api
Landroid/ondevicepersonalization/OnDevicePersonalizationPrivacyStatusManager$2$$ExternalSyntheticLambda0;->run()V,core-platform-api,public-api,sdk,system-api,test-api
Landroid/ondevicepersonalization/OnDevicePersonalizationPrivacyStatusManager$2$$ExternalSyntheticLambda1;->run()V,core-platform-api,public-api,sdk,system-api,test-api
Landroid/ondevicepersonalization/RenderInput$1;->createFromParcel(Landroid/os/Parcel;)Ljava/lang/Object;,public-api,sdk,system-api,test-api
Landroid/ondevicepersonalization/RenderInput$1;->newArray(I)[Ljava/lang/Object;,public-api,sdk,system-api,test-api
Landroid/ondevicepersonalization/RenderInput;->describeContents()I,public-api,sdk,system-api,test-api
Landroid/ondevicepersonalization/RenderInput;->equals(Ljava/lang/Object;)Z,core-platform-api,public-api,sdk,system-api,test-api
Landroid/ondevicepersonalization/RenderInput;->hashCode()I,core-platform-api,public-api,sdk,system-api,test-api
Landroid/ondevicepersonalization/RenderInput;->writeToParcel(Landroid/os/Parcel;I)V,public-api,sdk,system-api,test-api
Landroid/ondevicepersonalization/RenderOutput$1;->createFromParcel(Landroid/os/Parcel;)Ljava/lang/Object;,public-api,sdk,system-api,test-api
Landroid/ondevicepersonalization/RenderOutput$1;->newArray(I)[Ljava/lang/Object;,public-api,sdk,system-api,test-api
Landroid/ondevicepersonalization/RenderOutput;->describeContents()I,public-api,sdk,system-api,test-api
Landroid/ondevicepersonalization/RenderOutput;->equals(Ljava/lang/Object;)Z,core-platform-api,public-api,sdk,system-api,test-api
Landroid/ondevicepersonalization/RenderOutput;->hashCode()I,core-platform-api,public-api,sdk,system-api,test-api
Landroid/ondevicepersonalization/RenderOutput;->writeToParcel(Landroid/os/Parcel;I)V,public-api,sdk,system-api,test-api
Landroid/ondevicepersonalization/SlotInfo$1;->createFromParcel(Landroid/os/Parcel;)Ljava/lang/Object;,public-api,sdk,system-api,test-api
Landroid/ondevicepersonalization/SlotInfo$1;->newArray(I)[Ljava/lang/Object;,public-api,sdk,system-api,test-api
Landroid/ondevicepersonalization/SlotInfo;->describeContents()I,public-api,sdk,system-api,test-api
Landroid/ondevicepersonalization/SlotInfo;->equals(Ljava/lang/Object;)Z,core-platform-api,public-api,sdk,system-api,test-api
Landroid/ondevicepersonalization/SlotInfo;->hashCode()I,core-platform-api,public-api,sdk,system-api,test-api
Landroid/ondevicepersonalization/SlotInfo;->writeToParcel(Landroid/os/Parcel;I)V,public-api,sdk,system-api,test-api
Landroid/ondevicepersonalization/SlotResult$1;->createFromParcel(Landroid/os/Parcel;)Ljava/lang/Object;,public-api,sdk,system-api,test-api
Landroid/ondevicepersonalization/SlotResult$1;->newArray(I)[Ljava/lang/Object;,public-api,sdk,system-api,test-api
Landroid/ondevicepersonalization/SlotResult;->describeContents()I,public-api,sdk,system-api,test-api
Landroid/ondevicepersonalization/SlotResult;->equals(Ljava/lang/Object;)Z,core-platform-api,public-api,sdk,system-api,test-api
Landroid/ondevicepersonalization/SlotResult;->hashCode()I,core-platform-api,public-api,sdk,system-api,test-api
Landroid/ondevicepersonalization/SlotResult;->writeToParcel(Landroid/os/Parcel;I)V,public-api,sdk,system-api,test-api
Landroid/ondevicepersonalization/UserData$1;->createFromParcel(Landroid/os/Parcel;)Ljava/lang/Object;,public-api,sdk,system-api,test-api
Landroid/ondevicepersonalization/UserData$1;->newArray(I)[Ljava/lang/Object;,public-api,sdk,system-api,test-api
Landroid/ondevicepersonalization/UserData;->describeContents()I,public-api,sdk,system-api,test-api
Landroid/ondevicepersonalization/UserData;->equals(Ljava/lang/Object;)Z,core-platform-api,public-api,sdk,system-api,test-api
Landroid/ondevicepersonalization/UserData;->hashCode()I,core-platform-api,public-api,sdk,system-api,test-api
Landroid/ondevicepersonalization/UserData;->writeToParcel(Landroid/os/Parcel;I)V,public-api,sdk,system-api,test-api
Landroid/ondevicepersonalization/aidl/IDataAccessService$Default;->asBinder()Landroid/os/IBinder;,public-api,sdk,system-api,test-api
Landroid/ondevicepersonalization/aidl/IDataAccessService$Stub$Proxy;->asBinder()Landroid/os/IBinder;,public-api,sdk,system-api,test-api
Landroid/ondevicepersonalization/aidl/IDataAccessService$Stub;->asBinder()Landroid/os/IBinder;,public-api,sdk,system-api,test-api
Landroid/ondevicepersonalization/aidl/IDataAccessService$Stub;->onTransact(ILandroid/os/Parcel;Landroid/os/Parcel;I)Z,public-api,sdk,system-api,test-api
Landroid/ondevicepersonalization/aidl/IDataAccessServiceCallback$Default;->asBinder()Landroid/os/IBinder;,public-api,sdk,system-api,test-api
Landroid/ondevicepersonalization/aidl/IDataAccessServiceCallback$Stub$Proxy;->asBinder()Landroid/os/IBinder;,public-api,sdk,system-api,test-api
Landroid/ondevicepersonalization/aidl/IDataAccessServiceCallback$Stub;->asBinder()Landroid/os/IBinder;,public-api,sdk,system-api,test-api
Landroid/ondevicepersonalization/aidl/IDataAccessServiceCallback$Stub;->onTransact(ILandroid/os/Parcel;Landroid/os/Parcel;I)Z,public-api,sdk,system-api,test-api
Landroid/ondevicepersonalization/aidl/IExecuteCallback$Default;->asBinder()Landroid/os/IBinder;,public-api,sdk,system-api,test-api
Landroid/ondevicepersonalization/aidl/IExecuteCallback$Stub$Proxy;->asBinder()Landroid/os/IBinder;,public-api,sdk,system-api,test-api
Landroid/ondevicepersonalization/aidl/IExecuteCallback$Stub;->asBinder()Landroid/os/IBinder;,public-api,sdk,system-api,test-api
Landroid/ondevicepersonalization/aidl/IExecuteCallback$Stub;->onTransact(ILandroid/os/Parcel;Landroid/os/Parcel;I)Z,public-api,sdk,system-api,test-api
Landroid/ondevicepersonalization/aidl/IIsolatedComputationService$Default;->asBinder()Landroid/os/IBinder;,public-api,sdk,system-api,test-api
Landroid/ondevicepersonalization/aidl/IIsolatedComputationService$Stub$Proxy;->asBinder()Landroid/os/IBinder;,public-api,sdk,system-api,test-api
Landroid/ondevicepersonalization/aidl/IIsolatedComputationService$Stub;->asBinder()Landroid/os/IBinder;,public-api,sdk,system-api,test-api
Landroid/ondevicepersonalization/aidl/IIsolatedComputationService$Stub;->onTransact(ILandroid/os/Parcel;Landroid/os/Parcel;I)Z,public-api,sdk,system-api,test-api
Landroid/ondevicepersonalization/aidl/IIsolatedComputationServiceCallback$Default;->asBinder()Landroid/os/IBinder;,public-api,sdk,system-api,test-api
Landroid/ondevicepersonalization/aidl/IIsolatedComputationServiceCallback$Stub$Proxy;->asBinder()Landroid/os/IBinder;,public-api,sdk,system-api,test-api
Landroid/ondevicepersonalization/aidl/IIsolatedComputationServiceCallback$Stub;->asBinder()Landroid/os/IBinder;,public-api,sdk,system-api,test-api
Landroid/ondevicepersonalization/aidl/IIsolatedComputationServiceCallback$Stub;->onTransact(ILandroid/os/Parcel;Landroid/os/Parcel;I)Z,public-api,sdk,system-api,test-api
Landroid/ondevicepersonalization/aidl/IOnDevicePersonalizationManagingService$Default;->asBinder()Landroid/os/IBinder;,public-api,sdk,system-api,test-api
Landroid/ondevicepersonalization/aidl/IOnDevicePersonalizationManagingService$Stub$Proxy;->asBinder()Landroid/os/IBinder;,public-api,sdk,system-api,test-api
Landroid/ondevicepersonalization/aidl/IOnDevicePersonalizationManagingService$Stub;->asBinder()Landroid/os/IBinder;,public-api,sdk,system-api,test-api
Landroid/ondevicepersonalization/aidl/IOnDevicePersonalizationManagingService$Stub;->onTransact(ILandroid/os/Parcel;Landroid/os/Parcel;I)Z,public-api,sdk,system-api,test-api
Landroid/ondevicepersonalization/aidl/IPrivacyStatusService$Default;->asBinder()Landroid/os/IBinder;,public-api,sdk,system-api,test-api
Landroid/ondevicepersonalization/aidl/IPrivacyStatusService$Stub$Proxy;->asBinder()Landroid/os/IBinder;,public-api,sdk,system-api,test-api
Landroid/ondevicepersonalization/aidl/IPrivacyStatusService$Stub;->asBinder()Landroid/os/IBinder;,public-api,sdk,system-api,test-api
Landroid/ondevicepersonalization/aidl/IPrivacyStatusService$Stub;->onTransact(ILandroid/os/Parcel;Landroid/os/Parcel;I)Z,public-api,sdk,system-api,test-api
Landroid/ondevicepersonalization/aidl/IPrivacyStatusServiceCallback$Default;->asBinder()Landroid/os/IBinder;,public-api,sdk,system-api,test-api
Landroid/ondevicepersonalization/aidl/IPrivacyStatusServiceCallback$Stub$Proxy;->asBinder()Landroid/os/IBinder;,public-api,sdk,system-api,test-api
Landroid/ondevicepersonalization/aidl/IPrivacyStatusServiceCallback$Stub;->asBinder()Landroid/os/IBinder;,public-api,sdk,system-api,test-api
Landroid/ondevicepersonalization/aidl/IPrivacyStatusServiceCallback$Stub;->onTransact(ILandroid/os/Parcel;Landroid/os/Parcel;I)Z,public-api,sdk,system-api,test-api
Landroid/ondevicepersonalization/aidl/IRequestSurfacePackageCallback$Default;->asBinder()Landroid/os/IBinder;,public-api,sdk,system-api,test-api
Landroid/ondevicepersonalization/aidl/IRequestSurfacePackageCallback$Stub$Proxy;->asBinder()Landroid/os/IBinder;,public-api,sdk,system-api,test-api
Landroid/ondevicepersonalization/aidl/IRequestSurfacePackageCallback$Stub;->asBinder()Landroid/os/IBinder;,public-api,sdk,system-api,test-api
Landroid/ondevicepersonalization/aidl/IRequestSurfacePackageCallback$Stub;->onTransact(ILandroid/os/Parcel;Landroid/os/Parcel;I)Z,public-api,sdk,system-api,test-api
Lcom/android/ondevicepersonalization/internal/util/BaseOdpParceledListSlice$1;->onTransact(ILandroid/os/Parcel;Landroid/os/Parcel;I)Z,public-api,sdk,system-api,test-api
Lcom/android/ondevicepersonalization/internal/util/BaseOdpParceledListSlice;->writeToParcel(Landroid/os/Parcel;I)V,public-api,sdk,system-api,test-api
Lcom/android/ondevicepersonalization/internal/util/BaseParceledListSlice$1;->onTransact(ILandroid/os/Parcel;Landroid/os/Parcel;I)Z,public-api,sdk,system-api,test-api
Lcom/android/ondevicepersonalization/internal/util/BaseParceledListSlice;->writeToParcel(Landroid/os/Parcel;I)V,public-api,sdk,system-api,test-api
Lcom/android/ondevicepersonalization/internal/util/ByteArrayParceledListSlice$1;->createFromParcel(Landroid/os/Parcel;)Ljava/lang/Object;,public-api,sdk,system-api,test-api
Lcom/android/ondevicepersonalization/internal/util/ByteArrayParceledListSlice$1;->newArray(I)[Ljava/lang/Object;,public-api,sdk,system-api,test-api
Lcom/android/ondevicepersonalization/internal/util/ByteArrayParceledListSlice$2;->createFromParcel(Landroid/os/Parcel;)Ljava/lang/Object;,public-api,sdk,system-api,test-api
Lcom/android/ondevicepersonalization/internal/util/ByteArrayParceledListSlice$2;->createFromParcel(Landroid/os/Parcel;Ljava/lang/ClassLoader;)Ljava/lang/Object;,public-api,sdk,system-api,test-api
Lcom/android/ondevicepersonalization/internal/util/ByteArrayParceledListSlice$2;->newArray(I)[Ljava/lang/Object;,public-api,sdk,system-api,test-api
Lcom/android/ondevicepersonalization/internal/util/ByteArrayParceledListSlice;->describeContents()I,public-api,sdk,system-api,test-api
Lcom/android/ondevicepersonalization/internal/util/ByteArrayParceledListSlice;->writeToParcel(Landroid/os/Parcel;I)V,public-api,sdk,system-api,test-api
Lcom/android/ondevicepersonalization/internal/util/ParceledListSlice$1;->createFromParcel(Landroid/os/Parcel;)Ljava/lang/Object;,public-api,sdk,system-api,test-api
Lcom/android/ondevicepersonalization/internal/util/ParceledListSlice$1;->createFromParcel(Landroid/os/Parcel;Ljava/lang/ClassLoader;)Ljava/lang/Object;,public-api,sdk,system-api,test-api
Lcom/android/ondevicepersonalization/internal/util/ParceledListSlice$1;->newArray(I)[Ljava/lang/Object;,public-api,sdk,system-api,test-api
Lcom/android/ondevicepersonalization/internal/util/ParceledListSlice;->describeContents()I,public-api,sdk,system-api,test-api
Lcom/android/ondevicepersonalization/internal/util/ParceledListSlice;->writeToParcel(Landroid/os/Parcel;I)V,public-api,sdk,system-api,test-api
Lcom/android/ondevicepersonalization/internal/util/StringParceledListSlice$1;->createFromParcel(Landroid/os/Parcel;)Ljava/lang/Object;,public-api,sdk,system-api,test-api
Lcom/android/ondevicepersonalization/internal/util/StringParceledListSlice$1;->createFromParcel(Landroid/os/Parcel;Ljava/lang/ClassLoader;)Ljava/lang/Object;,public-api,sdk,system-api,test-api
Lcom/android/ondevicepersonalization/internal/util/StringParceledListSlice$1;->newArray(I)[Ljava/lang/Object;,public-api,sdk,system-api,test-api
Lcom/android/ondevicepersonalization/internal/util/StringParceledListSlice;->describeContents()I,public-api,sdk,system-api,test-api
Lcom/android/ondevicepersonalization/internal/util/StringParceledListSlice;->writeToParcel(Landroid/os/Parcel;I)V,public-api,sdk,system-api,test-api
